"citing_case","citing_date","cited_ref","cited_case","cited_date"
"B 1064-19","2019-07-12","NJA 2012 s. 191","B 1102-11","2012-04-10"
"B 1064-19","2019-07-12","NJA 2012 s. 16","B 5566-11","2012-01-31"
"B 1064-19","2019-07-12","NJA 2012 s. 191","B 1102-11","2012-04-10"
"B 1064-19","2019-07-12","NJA 2003 s. 67","B 781-02","2003-02-14"
"B 1064-19","2019-07-12","NJA 2012 s. 191","B 1102-11","2012-04-10"
"B 1064-19","2019-07-12","NJA 1995 s. 232","B 72-95","1995-04-10"
"B 1064-19","2019-07-12","NJA 2012 s. 16","B 5566-11","2012-01-31"
"B 1064-19","2019-07-12","NJA 2012 s. 191","B 1102-11","2012-04-10"
"B 1064-19","2019-07-12","NJA 2003 s. 67","B 781-02","2003-02-14"
"B 1064-19","2019-07-12","NJA 2012 s. 191","B 1102-11","2012-04-10"
"B 1064-19","2019-07-12","NJA 2012 s. 191","B 1102-11","2012-04-10"
"B 1064-19","2019-07-12","NJA 1995 s. 232","B 72-95","1995-04-10"
"B 1200-19","2019-07-11","NJA 2017 s. 316","B 4648-16","2017-04-13"
"B 1200-19","2019-07-11","NJA 2016 s. 763","B 379-16","2016-07-14"
"B 1200-19","2019-07-11","NJA 2016 s. 763","B 379-16","2016-07-14"
"B 1200-19","2019-07-11","NJA 2004 s. 176","B 4189-03","2004-04-06"
"B 1200-19","2019-07-11","NJA 2016 s. 763","B 379-16","2016-07-14"
"B 1727-17","2017-11-17","NJA 2016 s. 453","B 6315-15","2016-06-09"
"B 1727-17","2017-11-17","NJA 2004 s. 164","B 388-03","2004-04-02"
"B 1727-17","2017-11-17","NJA 1996 s. 307","B 5150-95","1996-05-09"
"B 1727-17","2017-11-17","NJA 2016 s. 453","B 6315-15","2016-06-09"
"B 1727-17","2017-11-17","NJA 2016 s. 453","B 6315-15","2016-06-09"
"B 1384-17","2018-02-28","NJA 2004 s. 618","B 1412-04","2004-10-29"
"B 1384-17","2018-02-28","NJA 2004 s. 618","B 1412-04","2004-10-29"
"B 1384-17","2018-02-28","NJA 2004 s. 618","B 1412-04","2004-10-29"
"B 1384-17","2018-02-28","NJA 2007 s. 451","B 3217-06","2007-06-08"
"B 1384-17","2018-02-28","NJA 2004 s. 618","B 1412-04","2004-10-29"
"B 1384-17","2018-02-28","NJA 2001 s. 397","B 4222-99","2001-06-11"
"B 1384-17","2018-02-28","NJA 2004 s. 618","B 1412-04","2004-10-29"
"B 1384-17","2018-02-28","NJA 2004 s. 618","B 1412-04","2004-10-29"
"B 1384-17","2018-02-28","NJA 2004 s. 618","B 1412-04","2004-10-29"
"B 1384-17","2018-02-28","NJA 2007 s. 451","B 3217-06","2007-06-08"
"B 1415-18","2019-02-19","NJA 2016 s. 719","B 1346-16","2016-07-11"
"B 1415-18","2019-02-19","NJA 2016 s. 719","B 1346-16","2016-07-11"
"B 1415-18","2019-02-19","NJA 1998 s. 501","B 820-98","1998-08-31"
"B 1415-18","2019-02-19","NJA 1997 s. 535","B 927-97","1997-08-20"
"B 1415-18","2019-02-19","NJA 1990 s. 526","B 712-90","1990-09-12"
"B 1415-18","2019-02-19","NJA 1998 s. 501","B 820-98","1998-08-31"
"B 1415-18","2019-02-19","NJA 2001 s. 500","B 1299-01","2001-06-28"
"B 1415-18","2019-02-19","NJA 1995 s. 448","B 2538-95","1995-07-31"
"B 1415-18","2019-02-19","NJA 2014 s. 415","B 1310-14","2014-06-03"
"B 1415-18","2019-02-19","NJA 2001 s. 464","B 1500-01","2001-06-19"
"B 1415-18","2019-02-19","NJA 2007 s. 533","B 4965-05","2007-07-06"
"B 1415-18","2019-02-19","NJA 2016 s. 719","B 1346-16","2016-07-11"
"B 1415-18","2019-02-19","NJA 1997 s. 535","B 927-97","1997-08-20"
"B 1415-18","2019-02-19","NJA 1990 s. 526","B 712-90","1990-09-12"
"T 796-18","2019-04-30","NJA 2009 s. 128","T 4387-07","2009-03-31"
"T 5437-17","2019-03-20","NJA 1990 s. 419","T 80-89","1990-07-13"
"T 5437-17","2019-03-20","NJA 2015 s. 741","T 980-14","2015-11-06"
"B 147-17","2017-11-29","NJA 2003 s. 567","B 1658-03","2003-12-05"
"B 147-17","2017-11-29","NJA 2015 s. 86","T 5670-13","2015-03-01"
"B 1540-18","2019-01-21","NJA 2005 s. 180","T 2934-03","2005-04-01"
"B 1540-18","2019-01-21","NJA 2017 s. 9","T 230-15","2017-02-07"
"B 1540-18","2019-01-21","NJA 2016 s. 1011","T 3445-15","2016-11-22"
"B 1605-18","2018-12-13","NJA 2014 s. 259","B 1062-13","2014-04-08"
"B 1605-18","2018-12-13","NJA 1995 s. 219","B 3970-93","1995-04-10"
"B 1605-18","2018-12-13","NJA 2014 s. 259","B 1062-13","2014-04-08"
"B 1605-18","2018-12-13","NJA 2014 s. 259","B 1062-13","2014-04-08"
"B 1605-18","2018-12-13","NJA 1995 s. 219","B 3970-93","1995-04-10"
"B 1605-18","2018-12-13","NJA 1999 s. 485","B 4933-98","1999-07-05"
"B 1605-18","2018-12-13","NJA 2014 s. 259","B 1062-13","2014-04-08"
"B 1751-18","2018-12-14","NJA 2004 s. 354","B 1699-03","2004-06-08"
"B 1751-18","2018-12-14","NJA 2006 s. 577","B 1256-06","2006-10-19"
"B 1751-18","2018-12-14","NJA 2004 s. 354","B 1699-03","2004-06-08"
"B 1751-18","2018-12-14","NJA 2006 s. 577","B 1256-06","2006-10-19"
"B 1751-18","2018-12-14","NJA 2013 s. 654","B 2360-12","2013-06-25"
"B 1751-18","2018-12-14","NJA 2013 s. 654","B 2360-12","2013-06-25"
"B 1751-18","2018-12-14","NJA 2015 s. 826","B 186-14","2015-11-20"
"B 1751-18","2018-12-14","NJA 2014 s. 559","B 5484-13","2014-07-04"
"B 1751-18","2018-12-14","NJA 2012 s. 247","B 3775-10","2012-04-20"
"B 1751-18","2018-12-14","NJA 2006 s. 339","B 5183-04","2006-05-31"
"B 1751-18","2018-12-14","NJA 2003 s. 254","B 3660-02","2003-06-13"
"B 1751-18","2018-12-14","NJA 2014 s. 559","B 5484-13","2014-07-04"
"B 1751-18","2018-12-14","NJA 2013 s. 654","B 2360-12","2013-06-25"
"B 1751-18","2018-12-14","NJA 2014 s. 559","B 5484-13","2014-07-04"
"B 1751-18","2018-12-14","NJA 2013 s. 654","B 2360-12","2013-06-25"
"B 1751-18","2018-12-14","NJA 2014 s. 859","B 2489-13","2014-12-09"
"B 1751-18","2018-12-14","NJA 2017 s. 794","B 3130-17","2017-11-07"
"B 177-19","2019-06-18","NJA 2016 s. 680","B 5819-14","2016-06-30"
"B 177-19","2019-06-18","NJA 2012 s. 105","B 3361-10","2012-03-23"
"B 177-19","2019-06-18","NJA 2007 s. 219","B 414-07","2007-04-03"
"B 177-19","2019-06-18","NJA 2014 s. 259","B 1062-13","2014-04-08"
"B 177-19","2019-06-18","NJA 2018 s. 983","B 1605-18","2018-12-13"
"B 177-19","2019-06-18","NJA 2014 s. 259","B 1062-13","2014-04-08"
"B 177-19","2019-06-18","NJA 1995 s. 219","B 3970-93","1995-04-10"
"B 177-19","2019-06-18","NJA 2018 s. 983","B 1605-18","2018-12-13"
"B 177-19","2019-06-18","NJA 2018 s. 983","B 1605-18","2018-12-13"
"B 177-19","2019-06-18","NJA 2014 s. 259","B 1062-13","2014-04-08"
"B 177-19","2019-06-18","NJA 1995 s. 219","B 3970-93","1995-04-10"
"B 177-19","2019-06-18","NJA 2016 s. 680","B 5819-14","2016-06-30"
"B 177-19","2019-06-18","NJA 2012 s. 105","B 3361-10","2012-03-23"
"B 177-19","2019-06-18","NJA 1994 s. 480","B 1156-92","1994-07-12"
"B 177-19","2019-06-18","NJA 1994 s. 480","B 2048-15","2016-03-29"
"B 177-19","2019-06-18","NJA 2017 s. 872","B 2106-16","2017-11-20"
"B 177-19","2019-06-18","NJA 2013 s. 321","B 1346-11","2013-04-30"
"B 177-19","2019-06-18","NJA 2018 s. 983","B 1605-18","2018-12-13"
"B 177-19","2019-06-18","NJA 2014 s. 259","B 1062-13","2014-04-08"
"B 177-19","2019-06-18","NJA 1995 s. 219","B 3970-93","1995-04-10"
"B 177-19","2019-06-18","NJA 2007 s. 219","B 414-07","2007-04-03"
"B 1776-17","2017-12-22","NJA 2011 s. 89","B 53-11","2011-04-19"
"B 1776-17","2017-12-22","NJA 2000 s. 612","B 2976-00","2000-11-28"
"B 1776-17","2017-12-22","NJA 1996 s. 782","B 2890-95","1996-12-20"
"B 1776-17","2017-12-22","NJA 2017 s. 531","B 256-17","2017-06-21"
"B 1776-17","2017-12-22","NJA 2003 s. 537","B 2478-03","2003-11-19"
"B 1776-17","2017-12-22","NJA 2003 s. 537","B 2478-03","2003-11-19"
"B 1825-17","2018-06-25","NJA 2007 s. 774","B 2231-06","2007-10-30"
"B 1825-17","2018-06-25","NJA 2007 s. 774","B 2231-06","2007-10-30"
"B 1825-17","2018-06-25","NJA 2007 s. 774","B 2231-06","2007-10-30"
"B 1825-17","2018-06-25","NJA 2007 s. 774","B 2231-06","2007-10-30"
"B 1825-17","2018-06-25","NJA 2013 s. 397","B 5689-12","2013-05-28"
"B 1825-17","2018-06-25","NJA 2011 s. 627","B 2973-11","2011-10-18"
"B 1825-17","2018-06-25","NJA 1992 s. 524","B 584-91","1992-09-02"
"B 184-19","2019-04-25","NJA 2013 s. 1055","T 3281-12","2013-12-10"
"B 184-19","2019-04-25","NJA 1998 s. 82","B 3101-97","1998-02-27"
"B 184-19","2019-04-25","NJA 1998 s. 82","B 3101-97","1998-02-27"
"B 184-19","2019-04-25","NJA 2005 s. 864","B 3220-05","2005-12-05"
"B 1858-18","2018-12-21","NJA 2015 s. 501","B 5680-14","2015-06-12"
"B 1858-18","2018-12-21","NJA 2015 s. 501","B 5680-14","2015-06-12"
"B 1858-18","2018-12-21","NJA 2016 s. 3","B 4653-15","2016-02-03"
"B 1858-18","2018-12-21","NJA 2012 s. 105","B 3361-10","2012-03-23"
"B 1858-18","2018-12-21","NJA 2015 s. 501","B 5680-14","2015-06-12"
"B 1858-18","2018-12-21","NJA 2015 s. 501","B 5680-14","2015-06-12"
"B 1858-18","2018-12-21","NJA 2015 s. 501","B 5680-14","2015-06-12"
"B 1930-17","2018-06-18","NJA 2009 s. 559","B 3439-07","2009-09-29"
"B 1930-17","2018-06-18","NJA 2014 s. 415","B 1310-14","2014-06-03"
"B 1930-17","2018-06-18","NJA 2009 s. 559","B 3439-07","2009-09-29"
"B 1930-17","2018-06-18","NJA 2014 s. 415","B 1310-14","2014-06-03"
"B 1930-17","2018-06-18","NJA 2007 s. 533","B 4965-05","2007-07-06"
"B 1930-17","2018-06-18","NJA 2014 s. 415","B 1310-14","2014-06-03"
"B 1930-17","2018-06-18","NJA 2014 s. 415","B 1310-14","2014-06-03"
"B 1930-17","2018-06-18","NJA 2009 s. 559","B 3439-07","2009-09-29"
"B 1930-17","2018-06-18","NJA 2014 s. 415","B 1310-14","2014-06-03"
"B 2027-17","2018-04-05","NJA 1990 s. 115","B 249-89","1990-03-14"
"B 2027-17","2018-04-05","NJA 2014 s. 559","B 5484-13","2014-07-04"
"B 2066-17","2018-06-14","NJA 2017 s. 393","B 2590-16","2017-05-12"
"B 2066-17","2018-06-14","NJA 2017 s. 393","B 2590-16","2017-05-12"
"B 2066-17","2018-06-14","NJA 2017 s. 393","B 2590-16","2017-05-12"
"B 2066-17","2018-06-14","NJA 2017 s. 393","B 2590-16","2017-05-12"
"B 2066-17","2018-06-14","NJA 2016 s. 129","B 5692-14","2016-03-15"
"B 2066-17","2018-06-14","NJA 2008 s. 946","B 2669-07","2008-10-23"
"B 2066-17","2018-06-14","NJA 1997 s. 359","B 5882-94","1997-06-05"
"B 2066-17","2018-06-14","NJA 2017 s. 393","B 2590-16","2017-05-12"
"B 2066-17","2018-06-14","NJA 2017 s. 393","B 2590-16","2017-05-12"
"B 2066-17","2018-06-14","NJA 2016 s. 129","B 5692-14","2016-03-15"
"B 2066-17","2018-06-14","NJA 2017 s. 393","B 2590-16","2017-05-12"
"B 2066-17","2018-06-14","NJA 1996 s. 418","B 4922-95","1996-06-27"
"B 2066-17","2018-06-14","NJA 1993 s. 616","B 3864-93","1993-11-24"
"B 2066-17","2018-06-14","NJA 1992 s. 585","B 747-92","1992-10-07"
"B 2228-18","2018-12-11","NJA 2013 s. 376","B 5613-12","2013-05-28"
"B 2228-18","2018-12-11","NJA 2016 s. 3","B 4653-15","2016-02-03"
"B 2228-18","2018-12-11","NJA 2004 s. 702","B 3454-04","2004-12-02"
"B 2441-17","2018-06-07","NJA 2004 s. 176","B 4189-03","2004-04-06"
"B 2441-17","2018-06-07","NJA 2004 s. 176","B 4189-03","2004-04-06"
"B 2441-17","2018-06-07","NJA 2004 s. 176","B 4189-03","2004-04-06"
"B 2441-17","2018-06-07","NJA 1995 s. 448","B 2538-95","1995-07-31"
"B 256-17","2017-06-21","NJA 2006 s. 535","B 2184-06","2006-09-28"
"B 256-17","2017-06-21","NJA 2006 s. 535","B 2184-06","2006-09-28"
"B 256-17","2017-06-21","NJA 2012 s. 826","B 5960-10","2012-12-03"
"B 256-17","2017-06-21","NJA 2011 s. 611","B 2105-10","2011-09-30"
"B 256-17","2017-06-21","NJA 1995 s. 405","B 1469-95","1995-06-26"
"B 256-17","2017-06-21","NJA 2011 s. 627","B 2973-11","2011-10-18"
"B 2646-18","2018-09-28","NJA 1996 s. 370","B 276-95","1996-06-13"
"B 2646-18","2018-09-28","NJA 2016 s. 553","B 2095-15","2016-06-14"
"B 2678-18","2018-10-10","NJA 2002 s. 270","B 1234-02","2002-05-27"
"B 2678-18","2018-10-10","NJA 1992 s. 357","B 1601-92","1992-06-17"
"B 2678-18","2018-10-10","NJA 2012 s. 45","B 4234-11","2012-03-07"
"B 2678-18","2018-10-10","NJA 1999 s. 25","B 3942-98","1999-02-15"
"B 2678-18","2018-10-10","NJA 1994 s. 732","B 4446-94","1994-12-22"
"B 2678-18","2018-10-10","NJA 1989 s. 829","B 1027-89","1989-12-22"
"B 2678-18","2018-10-10","NJA 2011 s. 89","B 53-11","2011-04-19"
"B 2678-18","2018-10-10","NJA 2016 s. 1143","B 3380-16","2016-12-22"
"B 2678-18","2018-10-10","NJA 2011 s. 466","B 2175-11","2011-06-30"
"B 2678-18","2018-10-10","NJA 2017 s. 531","B 256-17","2017-06-21"
"B 2678-18","2018-10-10","NJA 2016 s. 95","B 2268-15","2016-03-11"
"B 2678-18","2018-10-10","NJA 2011 s. 89","B 53-11","2011-04-19"
"B 279-17","2017-11-24","NJA 1998 s. 862","B 4020-98","1998-12-22"
"B 3079-17","2018-06-14","NJA 2012 s. 1038","B 1982-11","2012-12-21"
"B 3079-17","2018-06-14","NJA 2016 s. 1143","B 3380-16","2016-12-22"
"B 3079-17","2018-06-14","NJA 2012 s. 1038","B 1982-11","2012-12-21"
"B 3079-17","2018-06-14","NJA 2001 s. 214","B 4868-99","2001-04-10"
"B 3079-17","2018-06-14","NJA 2000 s. 69","B 1668-99","2000-02-08"
"B 3079-17","2018-06-14","NJA 2014 s. 559","B 5484-13","2014-07-04"
"B 3079-17","2018-06-14","NJA 2014 s. 559","B 5484-13","2014-07-04"
"B 3079-17","2018-06-14","NJA 2000 s. 195","B 5400-99","2000-04-19"
"B 3130-17","2017-11-07","NJA 2011 s. 89","B 53-11","2011-04-19"
"B 3289-18","2019-04-18","NJA 2015 s. 769","B 410-15","2015-11-11"
"B 3289-18","2019-04-18","NJA 2003 s. 414","B 2100-02","2003-10-14"
"B 3289-18","2019-04-18","NJA 2013 s. 654","B 2360-12","2013-06-25"
"B 3289-18","2019-04-18","NJA 1995 s. 25","T 1782-93","1995-02-03"
"B 3289-18","2019-04-18","NJA 2012 s. 79","B 5008-11","2012-03-14"
"B 3552-17","2018-07-02","NJA 2017 s. 515","B 1519-16","2017-06-15"
"B 3924-17","2018-06-11","NJA 2008 s. 359","B 1735-07","2008-03-20"
"B 3924-17","2018-06-11","NJA 2016 s. 1143","B 3380-16","2016-12-22"
"B 3924-17","2018-06-11","NJA 1999 s. 380","B 4787-98","1999-06-11"
"B 3924-17","2018-06-11","NJA 2017 s. 531","B 256-17","2017-06-21"
"B 3924-17","2018-06-11","NJA 2016 s. 95","B 2268-15","2016-03-11"
"B 3924-17","2018-06-11","NJA 2017 s. 1129","B 1776-17","2017-12-22"
"B 3924-17","2018-06-11","NJA 2007 s. 973","B 4554-06","2007-12-10"
"B 3924-17","2018-06-11","NJA 2006 s. 524","B 391-06","2006-09-13"
"B 3924-17","2018-06-11","NJA 1996 s. 63","B 5430-95","1996-02-14"
"B 3924-17","2018-06-11","NJA 2016 s. 95","B 2268-15","2016-03-11"
"B 3924-17","2018-06-11","NJA 2013 s. 376","B 5613-12","2013-05-28"
"B 3924-17","2018-06-11","NJA 2011 s. 89","B 53-11","2011-04-19"
"B 3924-17","2018-06-11","NJA 2014 s. 559","B 5484-13","2014-07-04"
"B 3924-17","2018-06-11","NJA 2016 s. 95","B 2268-15","2016-03-11"
"B 4150-18","2019-06-19","NJA 2001 s. 500","B 1299-01","2001-06-28"
"B 4150-18","2019-06-19","NJA 2007 s. 533","B 4965-05","2007-07-06"
"B 4150-18","2019-06-19","NJA 2006 s. 375","B 1014-06","2006-06-08"
"B 4531-17","2018-03-20","NJA 2010 s. 592","B 1720-10","2010-11-29"
"B 4531-17","2018-03-20","NJA 2001 s. 500","B 1299-01","2001-06-28"
"B 4531-17","2018-03-20","NJA 2015 s. 769","B 410-15","2015-11-11"
"B 4531-17","2018-03-20","NJA 2012 s. 115","B 3851-11","2012-03-23"
"B 4531-17","2018-03-20","NJA 2011 s. 799","B 2521-11","2011-12-06"
"B 4680-17","2018-07-13","NJA 2006 s. 346","B 3076-04","2006-06-01"
"B 4680-17","2018-07-13","NJA 2014 s. 499","T 3592-13","2014-06-26"
"B 4680-17","2018-07-13","NJA 2006 s. 346","B 3076-04","2006-06-01"
"B 4680-17","2018-07-13","NJA 2003 s. 499","B 2459-03","2003-11-05"
"B 4680-17","2018-07-13","NJA 2007 s. 973","B 4554-06","2007-12-10"
"B 4680-17","2018-07-13","NJA 2016 s. 1143","B 3380-16","2016-12-22"
"B 4680-17","2018-07-13","NJA 1985 s. 444","B 559-84","1985-06-07"
"B 4680-17","2018-07-13","NJA 2007 s. 973","B 4554-06","2007-12-10"
"B 4680-17","2018-07-13","NJA 1999 s. 380","B 4787-98","1999-06-11"
"B 4680-17","2018-07-13","NJA 2017 s. 1129","B 1776-17","2017-12-22"
"B 4680-17","2018-07-13","NJA 2015 s. 1024","B 3277-15","2015-12-21"
"B 4680-17","2018-07-13","NJA 2006 s. 346","B 3076-04","2006-06-01"
"B 4680-17","2018-07-13","NJA 2016 s. 1143","B 3380-16","2016-12-22"
"B 4680-17","2018-07-13","NJA 1985 s. 444","B 559-84","1985-06-07"
"B 4680-17","2018-07-13","NJA 2016 s. 1143","B 3380-16","2016-12-22"
"B 4680-17","2018-07-13","NJA 2003 s. 499","B 2459-03","2003-11-05"
"B 48-18","2018-12-21","NJA 2018 s. 443","B 2066-17","2018-06-14"
"B 48-18","2018-12-21","NJA 2018 s. 443","B 2066-17","2018-06-14"
"B 48-18","2018-12-21","NJA 2018 s. 443","B 2066-17","2018-06-14"
"B 48-18","2018-12-21","NJA 2017 s. 393","B 2590-16","2017-05-12"
"B 48-18","2018-12-21","NJA 2018 s. 443","B 2066-17","2018-06-14"
"B 48-18","2018-12-21","NJA 2018 s. 443","B 2066-17","2018-06-14"
"B 48-18","2018-12-21","NJA 2017 s. 393","B 2590-16","2017-05-12"
"B 4878-18","2019-03-22","NJA 2018 s. 378","B 3924-17","2018-06-11"
"B 4878-18","2019-03-22","NJA 2008 s. 359","B 1735-07","2008-03-20"
"B 4885-17","2018-07-05","NJA 2009 s. 485","B 5060-08","2009-07-09"
"B 4885-17","2018-07-05","NJA 2009 s. 485","B 4144-08","2009-07-09"
"B 4885-17","2018-07-05","NJA 2009 s. 485","B 3676-08","2009-07-09"
"B 4885-17","2018-07-05","NJA 2015 s. 826","B 186-14","2015-11-20"
"B 4885-17","2018-07-05","NJA 1994 s. 143","B 487-93","1994-03-17"
"B 4885-17","2018-07-05","NJA 2000 s. 195","B 5400-99","2000-04-19"
"B 4885-17","2018-07-05","NJA 2009 s. 485","B 5060-08","2009-07-09"
"B 4885-17","2018-07-05","NJA 2009 s. 485","B 4144-08","2009-07-09"
"B 4885-17","2018-07-05","NJA 2009 s. 485","B 3676-08","2009-07-09"
"B 4885-17","2018-07-05","NJA 2011 s. 89","B 53-11","2011-04-19"
"B 4885-17","2018-07-05","NJA 2008 s. 359","B 1735-07","2008-03-20"
"B 4885-17","2018-07-05","NJA 2009 s. 485","B 5060-08","2009-07-09"
"B 4885-17","2018-07-05","NJA 2009 s. 485","B 4144-08","2009-07-09"
"B 4885-17","2018-07-05","NJA 2009 s. 485","B 3676-08","2009-07-09"
"B 4885-17","2018-07-05","NJA 2011 s. 89","B 53-11","2011-04-19"
"B 4885-17","2018-07-05","NJA 2011 s. 89","B 53-11","2011-04-19"
"B 4885-17","2018-07-05","NJA 2016 s. 95","B 2268-15","2016-03-11"
"B 4885-17","2018-07-05","NJA 2011 s. 89","B 53-11","2011-04-19"
"B 4885-17","2018-07-05","NJA 2000 s. 314","B 3231-99","2000-06-22"
"B 4888-17","2018-07-10","NJA 1993 s. 553","B 2369-93","1993-10-26"
"B 4888-17","2018-07-10","NJA 2012 s. 826","B 5960-10","2012-12-03"
"B 4888-17","2018-07-10","NJA 2014 s. 808","B 1945-14","2014-12-03"
"B 4888-17","2018-07-10","NJA 2014 s. 808","B 1945-14","2014-12-03"
"B 4888-17","2018-07-10","NJA 2009 s. 776","B 1354-07","2009-11-19"
"B 4888-17","2018-07-10","NJA 1997 s. 636","B 2237-96","1997-09-29"
"B 4918-17","2018-06-12","NJA 2011 s. 638","B 2150-11","2011-10-20"
"B 4918-17","2018-06-12","NJA 2001 s. 563","B 3340-99","2001-09-19"
"B 4918-17","2018-06-12","NJA 1998 s. 423","B 1234-97","1998-06-17"
"B 4918-17","2018-06-12","NJA 1990 s. 319","B 451-89","1990-06-07"
"B 4918-17","2018-06-12","NJA 2015 s. 811","B 3645-14","2015-11-19"
"B 4918-17","2018-06-12","NJA 2001 s. 563","B 3340-99","2001-09-19"
"B 4976-17","2018-06-13","NJA 2014 s. 559","B 5484-13","2014-07-04"
"B 5042-17","2018-09-21","NJA 2012 s. 105","B 3361-10","2012-03-23"
"B 5042-17","2018-09-21","NJA 2016 s. 680","B 5819-14","2016-06-30"
"B 5042-17","2018-09-21","NJA 2012 s. 105","B 3361-10","2012-03-23"
"B 5042-17","2018-09-21","NJA 2007 s. 227","B 86-05","2007-04-04"
"B 5042-17","2018-09-21","NJA 2016 s. 680","B 5819-14","2016-06-30"
"B 5042-17","2018-09-21","NJA 2012 s. 105","B 3361-10","2012-03-23"
"B 5050-17","2018-12-18","NJA 2009 s. 776","B 1354-07","2009-11-19"
"B 5050-17","2018-12-18","NJA 2009 s. 776","B 1354-07","2009-11-19"
"B 5050-17","2018-12-18","NJA 2009 s. 776","B 1354-07","2009-11-19"
"B 5050-17","2018-12-18","NJA 2009 s. 776","B 1354-07","2009-11-19"
"B 5050-17","2018-12-18","NJA 2018 s. 591","B 4888-17","2018-07-10"
"B 5050-17","2018-12-18","NJA 2018 s. 591","B 4888-17","2018-07-10"
"B 5050-17","2018-12-18","NJA 2014 s. 808","B 1945-14","2014-12-03"
"B 5050-17","2018-12-18","NJA 2009 s. 776","B 1354-07","2009-11-19"
"B 5050-17","2018-12-18","NJA 1997 s. 636","B 2237-96","1997-09-29"
"B 5050-17","2018-12-18","NJA 2012 s. 826","B 5960-10","2012-12-03"
"B 5050-17","2018-12-18","NJA 2009 s. 776","B 1354-07","2009-11-19"
"B 5050-17","2018-12-18","NJA 2018 s. 591","B 4888-17","2018-07-10"
"B 5050-17","2018-12-18","NJA 2018 s. 591","B 4888-17","2018-07-10"
"B 5050-17","2018-12-18","NJA 2018 s. 591","B 4888-17","2018-07-10"
"B 5050-17","2018-12-18","NJA 2014 s. 808","B 1945-14","2014-12-03"
"B 5050-17","2018-12-18","NJA 2009 s. 776","B 1354-07","2009-11-19"
"B 5050-17","2018-12-18","NJA 1997 s. 636","B 2237-96","1997-09-29"
"B 5057-18","2019-04-29","NJA 2015 s. 769","B 410-15","2015-11-11"
"B 5057-18","2019-04-29","NJA 1990 s. 210","B 717-89","1990-04-11"
"B 5057-18","2019-04-29","NJA 2016 s. 719","B 1346-16","2016-07-11"
"B 5057-18","2019-04-29","NJA 2013 s. 376","B 5613-12","2013-05-28"
"B 5057-18","2019-04-29","NJA 1990 s. 210","B 717-89","1990-04-11"
"B 5057-18","2019-04-29","NJA 2016 s. 719","B 1346-16","2016-07-11"
"B 5057-18","2019-04-29","NJA 2015 s. 702","B 4003-14","2015-11-04"
"B 549-19","2019-06-19","NJA 2017 s. 1129","B 1776-17","2017-12-22"
"B 549-19","2019-06-19","NJA 2018 s. 378","B 3924-17","2018-06-11"
"B 549-19","2019-06-19","NJA 2018 s. 574","B 4885-17","2018-07-05"
"B 5577-18","2019-04-17","NJA 1996 s. 176","B 4903-95","1996-03-18"
"B 573-18","2018-09-19","NJA 2012 s. 535","B 1018-12","2012-07-17"
"B 573-18","2018-09-19","NJA 2018 s. 150","B 4531-17","2018-03-20"
"B 573-18","2018-09-19","NJA 2018 s. 150","B 4531-17","2018-03-20"
"B 573-18","2018-09-19","NJA 2017 s. 814","B 3492-17","2017-11-09"
"B 573-18","2018-09-19","NJA 2018 s. 150","B 4531-17","2018-03-20"
"B 573-18","2018-09-19","NJA 2010 s. 592","B 1720-10","2010-11-29"
"B 573-18","2018-09-19","NJA 2018 s. 150","B 4531-17","2018-03-20"
"B 573-18","2018-09-19","NJA 2012 s. 535","B 1018-12","2012-07-17"
"B 573-18","2018-09-19","NJA 2018 s. 150","B 4531-17","2018-03-20"
"B 573-18","2018-09-19","NJA 2017 s. 814","B 3492-17","2017-11-09"
"B 5931-18","2019-04-24","NJA 2005 s. 283","B 3808-04","2005-04-27"
"B 5931-18","2019-04-24","NJA 2009 s. 300","B 5416-08","2009-06-04"
"B 5931-18","2019-04-24","NJA 2007 s. 425","B 769-07","2007-06-07"
"B 5931-18","2019-04-24","NJA 1993 s. 68","B 1259-92","1993-03-04"
"B 6130-18","2019-06-27","NJA 2008 s. 567","B 3239-06","2008-05-21"
"B 6130-18","2019-06-27","NJA 2018 s. 704","B 5042-17","2018-09-21"
"B 6130-18","2019-06-27","NJA 2016 s. 680","B 5819-14","2016-06-30"
"B 6130-18","2019-06-27","NJA 2012 s. 105","B 3361-10","2012-03-23"
"B 6195-18","2019-06-11","NJA 2018 s. 1010","B 1751-18","2018-12-14"
"B 6195-18","2019-06-11","NJA 2017 s. 1129","B 1776-17","2017-12-22"
"B 6195-18","2019-06-11","NJA 2017 s. 531","B 256-17","2017-06-21"
"B 6195-18","2019-06-11","NJA 2018 s. 767","B 2678-18","2018-10-10"
"B 6195-18","2019-06-11","NJA 2018 s. 634","B 4680-17","2018-07-13"
"B 6195-18","2019-06-11","NJA 2018 s. 574","B 4885-17","2018-07-05"
"B 6195-18","2019-06-11","NJA 2018 s. 1010","B 1751-18","2018-12-14"
"T 1055-18","2018-12-27","NJA 2013 s. 762","T 3576-11","2013-07-18"
"T 1055-18","2018-12-27","NJA 2017 s. 371","T 2947-16","2017-04-20"
"T 1055-18","2018-12-27","NJA 2013 s. 762","T 3576-11","2013-07-18"
"T 1055-18","2018-12-27","NJA 2013 s. 762","T 3576-11","2013-07-18"
"T 1055-18","2018-12-27","NJA 2016 s. 369","T 6224-14","2016-05-18"
"T 1055-18","2018-12-27","NJA 2013 s. 762","T 3576-11","2013-07-18"
"T 1055-18","2018-12-27","NJA 2000 s. 712","T 2417-98","2000-12-22"
"T 1055-18","2018-12-27","NJA 2013 s. 762","T 3576-11","2013-07-18"
"T 1055-18","2018-12-27","NJA 2016 s. 369","T 6224-14","2016-05-18"
"T 1055-18","2018-12-27","NJA 2016 s. 369","T 6224-14","2016-05-18"
"T 1055-18","2018-12-27","NJA 2016 s. 369","T 6224-14","2016-05-18"
"T 1055-18","2018-12-27","NJA 2016 s. 369","T 6224-14","2016-05-18"
"T 1055-18","2018-12-27","NJA 2016 s. 369","T 6224-14","2016-05-18"
"T 1055-18","2018-12-27","NJA 2013 s. 762","T 3576-11","2013-07-18"
"T 1055-18","2018-12-27","NJA 2000 s. 712","T 2417-98","2000-12-22"
"T 1055-18","2018-12-27","NJA 2016 s. 369","T 6224-14","2016-05-18"
"T 1055-18","2018-12-27","NJA 2000 s. 712","T 2417-98","2000-12-22"
"T 1055-18","2018-12-27","NJA 2013 s. 762","T 3576-11","2013-07-18"
"T 1144-18","2018-11-23","NJA 2016 s. 3","B 4653-15","2016-02-03"
"T 1451-17","2017-12-29","NJA 2016 s. 303","T 5829-14","2016-04-26"
"T 1451-17","2017-12-29","NJA 2017 s. 203","T 4191-15","2017-03-30"
"T 1451-17","2017-12-29","NJA 2007 s. 909","T 128-06","2007-11-30"
"T 1451-17","2017-12-29","NJA 2017 s. 203","T 4191-15","2017-03-30"
"T 1451-17","2017-12-29","NJA 2007 s. 909","T 128-06","2007-11-30"
"T 1451-17","2017-12-29","NJA 2002 s. 630","T 4406-01","2002-12-16"
"T 1451-17","2017-12-29","NJA 2007 s. 909","T 128-06","2007-11-30"
"T 1451-17","2017-12-29","NJA 2002 s. 630","T 4406-01","2002-12-16"
"T 1523-17","2018-10-08","NJA 2017 s. 503","T 3957-17","2017-06-15"
"T 1523-17","2018-10-08","NJA 2014 s. 323","T 5516-12","2014-04-23"
"T 1523-17","2018-10-08","NJA 2014 s. 332","T 5628-12","2014-04-23"
"T 1523-17","2018-10-08","NJA 2016 s. 868","T 260-15","2016-11-03"
"T 1559-18","2019-03-08","NJA 2005 s. 608","T 4136-03","2005-09-12"
"T 1559-18","2019-03-08","NJA 2001 s. 878","T 3134-98","2001-12-19"
"T 1559-18","2019-03-08","NJA 2014 s. 272","T 3420-12","2014-04-17"
"T 1559-18","2019-03-08","NJA 2001 s. 878","T 3134-98","2001-12-19"
"T 1559-18","2019-03-08","NJA 2014 s. 272","T 3420-12","2014-04-17"
"T 1566-17","2018-03-23","NJA 2017 s. 203","T 4191-15","2017-03-30"
"T 1566-17","2018-03-23","NJA 2017 s. 203","T 4191-15","2017-03-30"
"T 1566-17","2018-03-23","NJA 2002 s. 630","T 4406-01","2002-12-16"
"T 1566-17","2018-03-23","NJA 2002 s. 630","T 4406-01","2002-12-16"
"T 1600-18","2019-03-15","NJA 2017 s. 601","T 1050-16","2017-07-05"
"T 1600-18","2019-03-15","NJA 2013 s. 253","T 881-12","2013-04-04"
"T 1600-18","2019-03-15","NJA 2015 s. 862","T 4983-14","2015-12-03"
"T 1622-17","2017-12-28","NJA 1995 s. 25","T 1782-93","1995-02-03"
"T 1622-17","2017-12-28","NJA 2009 s. 182","T 4750-07","2009-04-16"
"T 1634-18","2019-02-06","NJA 2016 s. 1057","T 6169-15","2016-12-20"
"T 1634-18","2019-02-06","NJA 2007 s. 519","T 4171-05","2007-07-02"
"T 1634-18","2019-02-06","NJA 1993 s. 13","T 279-90","1993-02-08"
"T 1634-18","2019-02-06","NJA 2013 s. 242","T 1238-11","2013-04-04"
"T 1634-18","2019-02-06","NJA 2013 s. 242","T 1238-11","2013-04-04"
"T 1634-18","2019-02-06","NJA 2013 s. 242","T 1238-11","2013-04-04"
"T 1634-18","2019-02-06","NJA 2009 s. 64","T 4474-07","2009-02-19"
"T 1634-18","2019-02-06","NJA 1975 s. 577","T 487-13","2014-04-23"
"T 1683-17","2018-02-27","NJA 2005 s. 180","T 2934-03","2005-04-01"
"T 1683-17","2018-02-27","NJA 1998 s. 633","T 1038-97","1998-11-06"
"T 1683-17","2018-02-27","NJA 2013 s. 966","T 6015-11","2013-11-20"
"T 1683-17","2018-02-27","NJA 2013 s. 966","T 6015-11","2013-11-20"
"T 1738-17","2018-09-25","NJA 2018 s. 66","T 1683-17","2018-02-27"
"T 1738-17","2018-09-25","NJA 2005 s. 180","T 2934-03","2005-04-01"
"T 1738-17","2018-09-25","NJA 1998 s. 633","T 1038-97","1998-11-06"
"T 1738-17","2018-09-25","NJA 2013 s. 966","T 6015-11","2013-11-20"
"T 1738-17","2018-09-25","NJA 2010 s. 135","T 3440-08","2010-03-05"
"T 1738-17","2018-09-25","NJA 2017 s. 9","T 230-15","2017-02-07"
"T 2043-18","2018-12-20","NJA 2015 s. 1008","B 5187-14","2015-12-21"
"T 2043-18","2018-12-20","NJA 2007 s. 540","T 4961-05","2007-07-06"
"T 2043-18","2018-12-20","NJA 1996 s. 687","T 2742-94","1996-11-18"
"T 2043-18","2018-12-20","NJA 1993 s. 68","B 1259-92","1993-03-04"
"T 2043-18","2018-12-20","NJA 1992 s. 446","B 1673-92","1992-07-02"
"T 2043-18","2018-12-20","NJA 2017 s. 938","T 44351-16","2017-11-24"
"T 2043-18","2018-12-20","NJA 2017 s. 938","T 44351-16","2017-11-24"
"T 2196-17","2018-04-17","NJA 2008 s. 642","T 3070-06","2008-05-27"
"T 2196-17","2018-04-17","NJA 2008 s. 642","T 3070-06","2008-05-27"
"T 2196-17","2018-04-17","NJA 1998 s. 656","T 2842-97","1998-11-12"
"T 2196-17","2018-04-17","NJA 2008 s. 642","T 3070-06","2008-05-27"
"T 2196-17","2018-04-17","NJA 1998 s. 656","T 2842-97","1998-11-12"
"T 2286-18","2018-11-22","NJA 2007 s. 431","T 1216-04","2007-06-08"
"T 2480-17","2018-03-05","NJA 2014 s. 323","T 5516-12","2014-04-23"
"T 2480-17","2018-03-05","NJA 2012 s. 211","T 3470-10","2012-04-11"
"T 2480-17","2018-03-05","NJA 2014 s. 323","T 5516-12","2014-04-23"
"T 2480-17","2018-03-05","NJA 2014 s. 323","T 5516-12","2014-04-23"
"T 2480-17","2018-03-05","NJA 2014 s. 323","T 5516-12","2014-04-23"
"T 2480-17","2018-03-05","NJA 2014 s. 323","T 5516-12","2014-04-23"
"T 2480-17","2018-03-05","NJA 2014 s. 323","T 5516-12","2014-04-23"
"T 2480-17","2018-03-05","NJA 2014 s. 323","T 5516-12","2014-04-23"
"T 2480-17","2018-03-05","NJA 2014 s. 323","T 5516-12","2014-04-23"
"T 2480-17","2018-03-05","NJA 2014 s. 323","T 5516-12","2014-04-23"
"T 2659-17","2018-03-15","NJA 1992 s. 728","T 251-89","1992-11-16"
"T 2659-17","2018-03-15","NJA 2017 s. 1195","T 1451-17","2017-12-29"
"T 2659-17","2018-03-15","NJA 2017 s. 203","T 4191-15","2017-03-30"
"T 2659-17","2018-03-15","NJA 2008 s. 243","T 1462-06","2008-02-26"
"T 2659-17","2018-03-15","NJA 2007 s. 909","T 128-06","2007-11-30"
"T 2659-17","2018-03-15","NJA 1992 s. 728","T 251-89","1992-11-16"
"T 2659-17","2018-03-15","NJA 1994 s. 532","T 162-92","1994-10-04"
"T 2659-17","2018-03-15","NJA 2005 s. 142","T 4233-01","2005-03-18"
"T 2659-17","2018-03-15","NJA 2008 s. 243","T 1462-06","2008-02-26"
"T 2659-17","2018-03-15","NJA 2005 s. 142","T 4233-01","2005-03-18"
"T 2659-17","2018-03-15","NJA 2017 s. 1195","T 1451-17","2017-12-29"
"T 2659-17","2018-03-15","NJA 2017 s. 203","T 4191-15","2017-03-30"
"T 2659-17","2018-03-15","NJA 2007 s. 909","T 128-06","2007-11-30"
"T 2835-18","2019-03-21","NJA 2009 s. 79","T 44-07","2009-03-06"
"T 2984-18","2019-06-28","NJA 1936 s. 684","T 2984-18","2019-06-28"
"T 2984-18","2019-06-28","NJA 1936 s. 684","T 2984-18","2019-06-28"
"T 3000-17","2017-12-29","NJA 2006 s. 738","B 5150-04","2006-12-29"
"T 3000-17","2017-12-29","NJA 2004 s. 26","T 453-03","2004-02-04"
"T 3000-17","2017-12-29","NJA 2004 s. 26","T 453-03","2004-02-04"
"T 3000-17","2017-12-29","NJA 1992 s. 740","T 224-91","1992-11-25"
"T 3000-17","2017-12-29","NJA 2006 s. 738","B 5150-04","2006-12-29"
"T 3000-17","2017-12-29","NJA 2004 s. 26","T 453-03","2004-02-04"
"T 3000-17","2017-12-29","NJA 2005 s. 919","T 3637-04","2005-12-27"
"T 3000-17","2017-12-29","NJA 1996 s. 509","B 3345-96","1996-10-02"
"T 3000-17","2017-12-29","NJA 1993 s. 41","T 309-91","1993-02-24"
"T 3000-17","2017-12-29","NJA 1993 s. 41","B 2251-92","1993-02-24"
"T 3000-17","2017-12-29","NJA 1993 s. 68","B 1259-92","1993-03-04"
"T 3000-17","2017-12-29","NJA 1992 s. 740","T 224-91","1992-11-25"
"T 3000-17","2017-12-29","NJA 2000 s. 521","T 2546-99","2000-10-17"
"T 3536-18","2019-05-23","NJA 2013 s. 711","T 81-12","2013-07-04"
"T 36-17","2017-12-21","NJA 2014 s. 473","T 2878-12","2014-06-18"
"T 36-17","2017-12-21","NJA 2014 s. 473","T 2878-12","2014-06-18"
"T 3671-17","2018-05-04","NJA 1993 s. 222","T 175-92","1993-05-26"
"T 3671-17","2018-05-04","NJA 2001 s. 711","T 181-00","2001-11-06"
"T 3671-17","2018-05-04","NJA 2014 s. 960","T 511-13","2014-12-23"
"T 4168-17","2018-05-29","NJA 2009 s. 717","T 367-08","2009-11-05"
"T 4168-17","2018-05-29","NJA 1993 s. 594","T 605-93","1993-11-16"
"T 4168-17","2018-05-29","NJA 2009 s. 717","T 367-08","2009-11-05"
"T 4168-17","2018-05-29","NJA 2009 s. 717","T 367-08","2009-11-05"
"T 4168-17","2018-05-29","NJA 1993 s. 594","T 605-93","1993-11-16"
"T 4168-17","2018-05-29","NJA 2009 s. 717","T 367-08","2009-11-05"
"T 4179-18","2019-06-04","NJA 2016 s. 303","T 5829-14","2016-04-26"
"T 4179-18","2019-06-04","NJA 2016 s. 303","T 5829-14","2016-04-26"
"T 4179-18","2019-06-04","NJA 2013 s. 842","T 5180-11","2013-10-18"
"T 4179-18","2019-06-04","NJA 2012 s. 211","T 3470-10","2012-04-11"
"T 435-17","2017-12-22","NJA 1975 s. 577","T 487-13","2014-04-23"
"T 435-17","2017-12-22","NJA 2009 s. 244","T 4641-07","2009-05-15"
"T 435-17","2017-12-22","NJA 1975 s. 577","T 487-13","2014-04-23"
"T 4448-17","2018-07-12","NJA 2012 s. 858","T 5779-10","2012-12-13"
"T 4448-17","2018-07-12","NJA 2012 s. 858","T 5779-10","2012-12-13"
"T 4448-17","2018-07-12","NJA 2012 s. 858","T 5779-10","2012-12-13"
"T 4448-17","2018-07-12","NJA 2012 s. 858","T 5779-10","2012-12-13"
"T 4448-17","2018-07-12","NJA 2012 s. 858","T 5779-10","2012-12-13"
"T 462-18","2018-12-18","NJA 2012 s. 858","T 5779-10","2012-12-13"
"T 462-18","2018-12-18","NJA 2005 s. 792","T 2265-04","2005-11-28"
"T 462-18","2018-12-18","NJA 2018 s. 602","T 4448-17","2018-07-12"
"T 462-18","2018-12-18","NJA 2012 s. 858","T 5779-10","2012-12-13"
"T 462-18","2018-12-18","NJA 2012 s. 858","T 5779-10","2012-12-13"
"T 462-18","2018-12-18","NJA 2005 s. 792","T 2265-04","2005-11-28"
"T 5031-17","2018-10-11","NJA 2018 s. 103","T 2480-17","2018-03-05"
"T 5031-17","2018-10-11","NJA 2018 s. 103","T 2480-17","2018-03-05"
"T 5031-17","2018-10-11","NJA 2018 s. 103","T 2480-17","2018-03-05"
"T 5031-17","2018-10-11","NJA 2012 s. 464","T 3322-11","2012-06-20"
"T 5031-17","2018-10-11","NJA 2018 s. 103","T 2480-17","2018-03-05"
"T 5031-17","2018-10-11","NJA 2018 s. 103","T 2480-17","2018-03-05"
"T 5152-17","2018-10-11","NJA 2004 s. 499","T 3584-01","2004-07-12"
"T 5152-17","2018-10-11","NJA 2011 s. 739","T 3855-10","2011-11-07"
"T 5152-17","2018-10-11","NJA 2011 s. 739","T 3855-10","2011-11-07"
"T 5152-17","2018-10-11","NJA 2004 s. 499","T 3584-01","2004-07-12"
"T 5152-17","2018-10-11","NJA 2004 s. 499","T 3584-01","2004-07-12"
"T 5152-17","2018-10-11","NJA 2016 s. 1074","T 309-16","2016-12-20"
"T 5152-17","2018-10-11","NJA 2011 s. 739","T 3855-10","2011-11-07"
"T 5243-17","2018-07-12","NJA 1975 s. 577","T 487-13","2014-04-23"
"T 5243-17","2018-07-12","NJA 2016 s. 1011","T 3445-15","2016-11-22"
"T 5243-17","2018-07-12","NJA 2016 s. 1011","T 3445-15","2016-11-22"
"T 5243-17","2018-07-12","NJA 2001 s. 177","T 5001-98","2001-03-27"
"T 5243-17","2018-07-12","NJA 2005 s. 205","T 2362-01","2005-04-01"
"T 5247-18","2019-07-05","NJA 2011 s. 3","T 1872-09","2011-01-03"
"T 5247-18","2019-07-05","NJA 2011 s. 3","T 1872-09","2011-01-03"
"T 5317-17","2018-11-15","NJA 2001 s. 155","T 2703-97","2001-03-21"
"T 5342-18","2019-06-05","NJA 2005 s. 142","T 4233-01","2005-03-18"
"T 5342-18","2019-06-05","NJA 1996 s. 333","T 1712-95","1996-05-24"
"T 5342-18","2019-06-05","NJA 1996 s. 333","T 1712-95","1996-05-24"
"T 620-19","2019-07-03","NJA 2004 s. 213","T 2166-02","2004-04-27"
"T 620-19","2019-07-03","NJA 2016 s. 737","T 5231-14","2016-07-12"
"T 85-17","2018-02-14","NJA 2017 s. 9","T 230-15","2017-02-07"
"T 85-17","2018-02-14","NJA 2009 s. 672","T 3-08","2009-11-03"
"T 85-17","2018-02-14","NJA 2009 s. 672","T 3-08","2009-11-03"
"T 85-17","2018-02-14","NJA 2009 s. 672","T 3-08","2009-11-03"
"T 85-17","2018-02-14","NJA 2009 s. 672","T 3-08","2009-11-03"
"T 85-17","2018-02-14","NJA 2009 s. 672","T 3-08","2009-11-03"
"T 85-17","2018-02-14","NJA 2009 s. 672","T 3-08","2009-11-03"
"T 85-17","2018-02-14","NJA 2008 s. 24","T 930-06","2008-01-04"
"T 85-17","2018-02-14","NJA 2007 s. 909","T 128-06","2007-11-30"
"T 85-17","2018-02-14","NJA 2009 s. 672","T 3-08","2009-11-03"
"T 85-17","2018-02-14","NJA 2009 s. 672","T 3-08","2009-11-03"
"T 85-17","2018-02-14","NJA 2009 s. 672","T 3-08","2009-11-03"
"B 1000-14","2015-06-12","NJA 1990 s. 84","B 673-89","1990-03-07"
"B 1000-14","2015-06-12","NJA 1990 s. 84","B 431-89","1990-03-07"
"B 1000-14","2015-06-12","NJA 1999 s. 269","B 5297-98","1999-05-18"
"B 1000-14","2015-06-12","NJA 2010 s. 555","B 1015-09","2010-11-18"
"B 1000-14","2015-06-12","NJA 2012 s. 968","B 2224-11","2012-12-20"
"B 1000-14","2015-06-12","NJA 2009 s. 34","B 1968-07","2009-02-11"
"B 1041-14","2014-12-23","NJA 2000 s. 256","B 321-00","2000-06-06"
"B 1041-14","2014-12-23","NJA 2000 s. 314","B 3231-99","2000-06-22"
"B 1041-14","2014-12-23","NJA 1999 s. 561","B 2920-99","1999-09-13"
"B 1041-14","2014-12-23","NJA 2006 s. 79","B 4914-05","2006-03-07"
"B 1041-14","2014-12-23","NJA 2006 s. 79","B 3998-05","2006-03-07"
"B 1041-14","2014-12-23","NJA 2014 s. 559","B 5484-13","2014-07-04"
"B 1041-14","2014-12-23","NJA 2000 s. 314","B 3231-99","2000-06-22"
"B 1041-14","2014-12-23","NJA 2006 s. 79","B 4914-05","2006-03-07"
"B 1041-14","2014-12-23","NJA 2006 s. 79","B 3998-05","2006-03-07"
"B 1041-14","2014-12-23","NJA 2006 s. 510","B 1940-06","2006-07-25"
"B 1296-14","2014-09-26","NJA 2012 s. 16","B 5566-11","2012-01-31"
"B 1296-14","2014-09-26","NJA 2012 s. 16","B 5566-11","2012-01-31"
"B 1299-14","2016-07-14","NJA 2015 s. 405","B 5390-13","2015-06-16"
"B 1299-14","2016-07-14","NJA 2014 s. 737","B 5749-13","2014-10-24"
"B 1299-14","2016-07-14","NJA 2014 s. 737","B 5749-13","2014-10-24"
"B 1299-14","2016-07-14","NJA 2012 s. 105","B 3361-10","2012-03-23"
"B 1299-14","2016-07-14","NJA 2007 s. 227","B 86-05","2007-04-04"
"B 1299-14","2016-07-14","NJA 2012 s. 764","B 2535-11","2012-11-22"
"B 1299-14","2016-07-14","NJA 1994 s. 480","B 1156-92","1994-07-12"
"B 1299-14","2016-07-14","NJA 1994 s. 480","B 2048-15","2016-03-29"
"B 1310-14","2014-06-03","NJA 2009 s. 300","B 5416-08","2009-06-04"
"B 1310-14","2014-06-03","NJA 1990 s. 526","B 712-90","1990-09-12"
"B 1310-14","2014-06-03","NJA 2009 s. 559","B 3439-07","2009-09-29"
"B 186-14","2015-11-20","NJA 2004 s. 692","B 871-04","2004-12-01"
"B 186-14","2015-11-20","NJA 2010 s. 3","B 4878-08","2010-01-04"
"B 186-14","2015-11-20","NJA 1994 s. 143","B 487-93","1994-03-17"
"B 186-14","2015-11-20","NJA 2014 s. 559","B 5484-13","2014-07-04"
"B 186-14","2015-11-20","NJA 2014 s. 559","B 5484-13","2014-07-04"
"B 186-14","2015-11-20","NJA 2014 s. 559","B 5484-13","2014-07-04"
"B 186-14","2015-11-20","NJA 2014 s. 559","B 5484-13","2014-07-04"
"B 1945-14","2014-12-03","NJA 2006 s. 16","T 4965-04","2006-02-06"
"B 2094-14","2016-02-17","NJA 2011 s. 556","B 3001-10","2011-09-16"
"B 2094-14","2016-02-17","NJA 2011 s. 556","B 3001-10","2011-09-16"
"B 2094-14","2016-02-17","NJA 1998 s. 604","B 2287-97","1998-11-04"
"B 2094-14","2016-02-17","NJA 1998 s. 604","B 2287-97","1998-11-04"
"B 2225-14","2015-12-10","NJA 2014 s. 139","B 1395-12","2014-03-28"
"B 2225-14","2015-12-10","NJA 2014 s. 139","B 1395-12","2014-03-28"
"B 2225-14","2015-12-10","NJA 2014 s. 139","B 1395-12","2014-03-28"
"B 2225-14","2015-12-10","NJA 2012 s. 826","B 5960-10","2012-12-03"
"B 224-14","2015-02-05","NJA 2012 s. 849","B 5579-11","2012-12-05"
"B 224-14","2015-02-05","NJA 2012 s. 650","B 5908-10","2012-10-31"
"B 224-14","2015-02-05","NJA 2012 s. 849","B 5579-11","2012-12-05"
"B 224-14","2015-02-05","NJA 2012 s. 650","B 5908-10","2012-10-31"
"B 3480-14","2015-12-14","NJA 2002 s. 653","B 1907-02","2002-12-18"
"B 3480-14","2015-12-14","NJA 2002 s. 653","B 1907-02","2002-12-18"
"B 3480-14","2015-12-14","NJA 2003 s. 495","B 3546-03","2003-11-03"
"B 3480-14","2015-12-14","NJA 2014 s. 559","B 5484-13","2014-07-04"
"B 3480-14","2015-12-14","NJA 2002 s. 653","B 1907-02","2002-12-18"
"B 3594-14","2015-03-27","NJA 2012 s. 342","B 2962-10","2012-06-07"
"B 3594-14","2015-03-27","NJA 2012 s. 342","B 2962-10","2012-06-07"
"B 360-14","2015-04-10","NJA 1993 s. 68","B 1259-92","1993-03-04"
"B 360-14","2015-04-10","NJA 1992 s. 532","B 2853-92","1992-09-14"
"B 360-14","2015-04-10","NJA 1992 s. 532","B 2853-92","1992-09-14"
"B 3644-14","2016-06-14","NJA 2001 s. 397","B 4222-99","2001-06-11"
"B 3644-14","2016-06-14","NJA 2000 s. 195","B 5400-99","2000-04-19"
"B 3644-14","2016-06-14","NJA 2006 s. 145","B 1607-05","2006-03-28"
"B 3644-14","2016-06-14","NJA 2014 s. 559","B 5484-13","2014-07-04"
"B 3644-14","2016-06-14","NJA 2014 s. 559","B 5484-13","2014-07-04"
"B 3644-14","2016-06-14","NJA 2009 s. 485","B 5060-08","2009-07-09"
"B 3644-14","2016-06-14","NJA 2009 s. 485","B 4144-08","2009-07-09"
"B 3644-14","2016-06-14","NJA 2009 s. 485","B 3676-08","2009-07-09"
"B 3644-14","2016-06-14","NJA 2008 s. 359","B 1735-07","2008-03-20"
"B 3644-14","2016-06-14","NJA 2015 s. 811","B 3645-14","2015-11-19"
"B 3644-14","2016-06-14","NJA 2001 s. 397","B 4222-99","2001-06-11"
"B 3644-14","2016-06-14","NJA 2006 s. 145","B 1607-05","2006-03-28"
"B 3644-14","2016-06-14","NJA 2009 s. 485","B 5060-08","2009-07-09"
"B 3644-14","2016-06-14","NJA 2009 s. 485","B 4144-08","2009-07-09"
"B 3644-14","2016-06-14","NJA 2009 s. 485","B 3676-08","2009-07-09"
"B 3644-14","2016-06-14","NJA 2008 s. 359","B 1735-07","2008-03-20"
"B 3645-14","2015-11-19","NJA 2004 s. 479","B 1126-04","2004-07-02"
"B 3645-14","2015-11-19","NJA 2004 s. 519","B 143-04","2004-09-06"
"B 3645-14","2015-11-19","NJA 2004 s. 519","B 143-04","2004-09-06"
"B 3645-14","2015-11-19","NJA 2004 s. 519","B 143-04","2004-09-06"
"B 3645-14","2015-11-19","NJA 2004 s. 519","B 143-04","2004-09-06"
"B 4003-14","2015-11-04","NJA 2013 s. 376","B 5613-12","2013-05-28"
"B 4003-14","2015-11-04","NJA 2013 s. 376","B 5613-12","2013-05-28"
"B 4003-14","2015-11-04","NJA 1990 s. 210","B 717-89","1990-04-11"
"B 4003-14","2015-11-04","NJA 1996 s. 176","B 4903-95","1996-03-18"
"B 4003-14","2015-11-04","NJA 2010 s. 671","B 2937-10","2010-12-28"
"B 4003-14","2015-11-04","NJA 2004 s. 176","B 4189-03","2004-04-06"
"B 4003-14","2015-11-04","NJA 2010 s. 671","B 2937-10","2010-12-28"
"B 4003-14","2015-11-04","NJA 2009 s. 447","B 1867-09","2009-07-03"
"B 4003-14","2015-11-04","NJA 2009 s. 447","B 1013-09","2009-07-03"
"B 4003-14","2015-11-04","NJA 1999 s. 480","B 2643-98","1999-07-05"
"B 4261-14","2015-12-23","NJA 1995 s. 505","B 2108-93","1995-09-26"
"B 4261-14","2015-12-23","NJA 1995 s. 505","B 2108-93","1995-09-26"
"B 488-14","2015-06-17","NJA 2013 s. 502","B 4946-12","2013-06-11"
"B 488-14","2015-06-17","NJA 2003 s. 499","B 2459-03","2003-11-05"
"B 488-14","2015-06-17","NJA 2000 s. 195","B 5400-99","2000-04-19"
"B 488-14","2015-06-17","NJA 1999 s. 769","B 3038-99","1999-12-15"
"B 488-14","2015-06-17","NJA 2012 s. 247","B 3775-10","2012-04-20"
"B 488-14","2015-06-17","NJA 2001 s. 618","B 4676-99","2001-10-12"
"B 488-14","2015-06-17","NJA 2000 s. 190","B 93-00","2000-04-19"
"B 488-14","2015-06-17","NJA 2007 s. 451","B 3217-06","2007-06-08"
"B 488-14","2015-06-17","NJA 2012 s. 1038","B 1982-11","2012-12-21"
"B 488-14","2015-06-17","NJA 2010 s. 363","T 333-09","2010-06-16"
"B 488-14","2015-06-17","NJA 2012 s. 1038","B 1982-11","2012-12-21"
"B 488-14","2015-06-17","NJA 2012 s. 1038","B 1982-11","2012-12-21"
"B 488-14","2015-06-17","NJA 2000 s. 195","B 5400-99","2000-04-19"
"B 488-14","2015-06-17","NJA 1999 s. 769","B 3038-99","1999-12-15"
"B 488-14","2015-06-17","NJA 2003 s. 499","B 2459-03","2003-11-05"
"B 488-14","2015-06-17","NJA 2000 s. 190","B 93-00","2000-04-19"
"B 488-14","2015-06-17","NJA 2010 s. 363","T 333-09","2010-06-16"
"B 488-14","2015-06-17","NJA 2012 s. 1038","B 1982-11","2012-12-21"
"B 488-14","2015-06-17","NJA 2012 s. 211","T 3470-10","2012-04-11"
"B 488-14","2015-06-17","NJA 2012 s. 1038","B 1982-11","2012-12-21"
"B 5187-14","2015-12-21","NJA 2007 s. 540","T 4961-05","2007-07-06"
"B 5187-14","2015-12-21","NJA 2015 s. 86","T 5670-13","2015-03-01"
"B 5187-14","2015-12-21","NJA 1999 s. 561","B 2920-99","1999-09-13"
"B 5187-14","2015-12-21","NJA 1996 s. 757","B 4104-96","1996-12-16"
"B 5187-14","2015-12-21","NJA 2014 s. 559","B 5484-13","2014-07-04"
"B 5187-14","2015-12-21","NJA 2004 s. 702","B 3454-04","2004-12-02"
"B 5205-14","2016-05-30","NJA 2008 s. 642","T 3070-06","2008-05-27"
"B 5205-14","2016-05-30","NJA 2013 s. 700","T 1390-12","2013-07-02"
"B 5205-14","2016-05-30","NJA 2014 s. 139","B 1395-12","2014-03-28"
"B 5298-14","2016-04-22","NJA 2012 s. 849","B 5579-11","2012-12-05"
"B 5298-14","2016-04-22","NJA 1992 s. 235","B 569-92","1992-04-10"
"B 5298-14","2016-04-22","NJA 2012 s. 115","B 3851-11","2012-03-23"
"B 5298-14","2016-04-22","NJA 2012 s. 510","B 965-12","2012-07-11"
"B 5298-14","2016-04-22","NJA 1995 s. 219","B 3970-93","1995-04-10"
"B 5298-14","2016-04-22","NJA 2012 s. 510","B 965-12","2012-07-11"
"B 5298-14","2016-04-22","NJA 2011 s. 357","B 5412-10","2011-06-16"
"B 5298-14","2016-04-22","NJA 2012 s. 510","B 965-12","2012-07-11"
"B 5298-14","2016-04-22","NJA 2013 s. 321","B 1346-11","2013-04-30"
"B 5298-14","2016-04-22","NJA 2011 s. 357","B 5412-10","2011-06-16"
"B 5298-14","2016-04-22","NJA 2012 s. 849","B 5579-11","2012-12-05"
"B 5298-14","2016-04-22","NJA 2013 s. 321","B 1346-11","2013-04-30"
"B 5298-14","2016-04-22","NJA 1993 s. 38","B 1513-92","1993-02-18"
"B 5605-14","2016-11-04","NJA 2011 s. 611","B 2105-10","2011-09-30"
"B 5605-14","2016-11-04","NJA 2011 s. 611","B 2105-10","2011-09-30"
"B 5605-14","2016-11-04","NJA 2001 s. 859","B 2732-01","2001-12-12"
"B 5605-14","2016-11-04","NJA 2011 s. 611","B 2105-10","2011-09-30"
"B 5605-14","2016-11-04","NJA 2011 s. 611","B 2105-10","2011-09-30"
"B 5605-14","2016-11-04","NJA 1992 s. 528","B 1836-91","1992-09-14"
"B 5650-14","2016-11-04","NJA 2008 s. 560","T 3379-06","2008-05-20"
"B 5680-14","2015-06-12","NJA 2012 s. 105","B 3361-10","2012-03-23"
"B 5680-14","2015-06-12","NJA 2012 s. 105","B 3361-10","2012-03-23"
"B 5692-14","2016-03-15","NJA 2013 s. 1055","T 3281-12","2013-12-10"
"B 5692-14","2016-03-15","NJA 2003 s. 486","B 2740-03","2003-10-29"
"B 5692-14","2016-03-15","NJA 2011 s. 611","B 2105-10","2011-09-30"
"B 5692-14","2016-03-15","NJA 2003 s. 486","B 2740-03","2003-10-29"
"B 5692-14","2016-03-15","NJA 2011 s. 611","B 2105-10","2011-09-30"
"B 5692-14","2016-03-15","NJA 2003 s. 486","B 2740-03","2003-10-29"
"B 5744-14","2015-10-22","NJA 1992 s. 528","B 1836-91","1992-09-14"
"B 5744-14","2015-10-22","NJA 1992 s. 528","B 1836-91","1992-09-14"
"B 5744-14","2015-10-22","NJA 2015 s. 405","B 5390-13","2015-06-16"
"B 5976-14","2016-06-22","NJA 1996 s. 613","B 3352-95","1996-10-21"
"B 5976-14","2016-06-22","NJA 1995 s. 333","B 1306-95","1995-05-26"
"B 5976-14","2016-06-22","NJA 1993 s. 511","B 150-92","1993-09-30"
"B 5976-14","2016-06-22","NJA 1996 s. 613","B 3352-95","1996-10-21"
"B 5976-14","2016-06-22","NJA 1995 s. 333","B 1306-95","1995-05-26"
"B 5976-14","2016-06-22","NJA 1993 s. 511","B 150-92","1993-09-30"
"T 1297-14","2016-11-11","NJA 1990 s. 687","T 300-89","1990-11-29"
"T 1297-14","2016-11-11","NJA 1998 s. 293","T 3688-94","1998-05-20"
"T 1297-14","2016-11-11","NJA 2015 s. 939","T 3932-14","2015-12-17"
"T 1837-14","2015-12-18","NJA 1986 s. 513","T 427-84","1986-09-25"
"T 1837-14","2015-12-18","NJA 2014 s. 35","T 2889-12","2014-02-13"
"T 2177-14","2015-12-22","NJA 2014 s. 399","T 1039-13","2014-05-15"
"T 2177-14","2015-12-22","NJA 2014 s. 399","T 1039-13","2014-05-15"
"T 2177-14","2015-12-22","NJA 2014 s. 399","T 1039-13","2014-05-15"
"T 2177-14","2015-12-22","NJA 2014 s. 399","T 1039-13","2014-05-15"
"T 2177-14","2015-12-22","NJA 2014 s. 399","T 1039-13","2014-05-15"
"T 2762-14","2015-06-08","NJA 2010 s. 255","T 2977-08","2010-05-12"
"T 3313-14","2016-03-14","NJA 2001 s. 75","T 3832-98","2001-02-26"
"T 3313-14","2016-03-14","NJA 1994 s. 130","T 193-91","1994-03-16"
"T 3313-14","2016-03-14","NJA 1992 s. 66","T 320-89","1992-02-19"
"T 3313-14","2016-03-14","NJA 2012 s. 1095","T 3679-11","2012-12-21"
"T 3573-14","2016-04-05","NJA 1993 s. 436","T 203-90","1993-09-14"
"T 3573-14","2016-04-05","NJA 1993 s. 436","T 203-90","1993-09-14"
"T 3573-14","2016-04-05","NJA 1993 s. 436","T 203-90","1993-09-14"
"T 3573-14","2016-04-05","NJA 1981 s. 400","T 206-79","1981-03-11"
"T 3573-14","2016-04-05","NJA 1993 s. 436","T 203-90","1993-09-14"
"T 3708-14","2015-07-07","NJA 1995 s. 303","T 2638-94","1995-05-16"
"T 3753-14","2016-03-10","NJA 2006 s. 367","T 1559-04","2006-06-08"
"T 3837-14","2016-10-04","NJA 2014 s. 1006","T 2021-13","2014-12-30"
"T 3837-14","2016-10-04","NJA 2014 s. 1006","T 2021-13","2014-12-30"
"T 3837-14","2016-10-04","NJA 2014 s. 1006","T 2021-13","2014-12-30"
"T 3837-14","2016-10-04","NJA 2008 s. 392","T 2017-06","2008-03-28"
"T 3837-14","2016-10-04","NJA 1985 s. 352","T 183-84","1985-04-12"
"T 3837-14","2016-10-04","NJA 2008 s. 392","T 2017-06","2008-03-28"
"T 3852-14","2016-05-18","NJA 2007 s. 349","T 2883-04","2007-05-31"
"T 4983-14","2015-12-03","NJA 2013 s. 271","T 2394-11","2013-04-17"
"T 4983-14","2015-12-03","NJA 2012 s. 597","T 5670-10","2012-10-11"
"T 4983-14","2015-12-03","NJA 2015 s. 3","T 407-13","2015-01-27"
"T 4983-14","2015-12-03","NJA 2013 s. 271","T 2394-11","2013-04-17"
"T 4983-14","2015-12-03","NJA 2014 s. 960","T 511-13","2014-12-23"
"T 4983-14","2015-12-03","NJA 2013 s. 271","T 2394-11","2013-04-17"
"T 4983-14","2015-12-03","NJA 2013 s. 271","T 2394-11","2013-04-17"
"T 4983-14","2015-12-03","NJA 2015 s. 3","T 407-13","2015-01-27"
"T 4983-14","2015-12-03","NJA 2014 s. 960","T 511-13","2014-12-23"
"T 4983-14","2015-12-03","NJA 2013 s. 271","T 2394-11","2013-04-17"
"T 4983-14","2015-12-03","NJA 2012 s. 597","T 5670-10","2012-10-11"
"T 5195-14","2016-05-25","NJA 1997 s. 127","T 1402-94","1997-03-11"
"T 5829-14","2016-04-26","NJA 2013 s. 842","T 5180-11","2013-10-18"
"T 5829-14","2016-04-26","NJA 2012 s. 211","T 3470-10","2012-04-11"
"T 5829-14","2016-04-26","NJA 1986 s. 670","T 517-84","1986-12-04"
"T 5829-14","2016-04-26","NJA 1986 s. 670","T 478-84","1986-12-04"
"T 5958-14","2016-06-10","NJA 2013 s. 524","T 1030-12","2013-06-13"
"T 6069-14","2016-06-17","NJA 2014 s. 272","T 3420-12","2014-04-17"
"T 6198-14","2016-03-23","NJA 2007 s. 997","T 1851-05","2007-12-27"
"T 6198-14","2016-03-23","NJA 2007 s. 997","T 1851-05","2007-12-27"
"T 6224-14","2016-05-18","NJA 2013 s. 762","T 3576-11","2013-07-18"
"T 6224-14","2016-05-18","NJA 2013 s. 762","T 3576-11","2013-07-18"
"T 6224-14","2016-05-18","NJA 2013 s. 762","T 3576-11","2013-07-18"
"T 6224-14","2016-05-18","NJA 2013 s. 762","T 3576-11","2013-07-18"
"T 6224-14","2016-05-18","NJA 1998 s. 873","T 1441-97","1998-12-23"
"T 6224-14","2016-05-18","NJA 2007 s. 349","T 2883-04","2007-05-31"
"T 6224-14","2016-05-18","NJA 2000 s. 712","T 2417-98","2000-12-22"
"T 6224-14","2016-05-18","NJA 2013 s. 842","T 5180-11","2013-10-18"
"T 6224-14","2016-05-18","NJA 2013 s. 762","T 3576-11","2013-07-18"
"T 6224-14","2016-05-18","NJA 2007 s. 349","T 2883-04","2007-05-31"
"T 6224-14","2016-05-18","NJA 2013 s. 762","T 3576-11","2013-07-18"
"T 6224-14","2016-05-18","NJA 2007 s. 349","T 2883-04","2007-05-31"
"T 6224-14","2016-05-18","NJA 2000 s. 712","T 2417-98","2000-12-22"
"T 6224-14","2016-05-18","NJA 1998 s. 873","T 1441-97","1998-12-23"
"T 6224-14","2016-05-18","NJA 2007 s. 349","T 2883-04","2007-05-31"
"T 6224-14","2016-05-18","NJA 2013 s. 762","T 3576-11","2013-07-18"
"T 6224-14","2016-05-18","NJA 2013 s. 762","T 3576-11","2013-07-18"
"T 6224-14","2016-05-18","NJA 2013 s. 762","T 3576-11","2013-07-18"
"T 6224-14","2016-05-18","NJA 2013 s. 762","T 3576-11","2013-07-18"
"T 6237-14","2016-05-11","NJA 1997 s. 290","T 142-95","1997-05-16"
"T 6237-14","2016-05-11","NJA 2010 s. 286","T 2616-08","2010-05-24"
"T 6237-14","2016-05-11","NJA 2015 s. 1040","T 9162-13","2015-12-22"
"T 6237-14","2016-05-11","NJA 2015 s. 110","T 9161-13","2015-03-19"
"T 6237-14","2016-05-11","NJA 2010 s. 286","T 2616-08","2010-05-24"
"T 6237-14","2016-05-11","NJA 1997 s. 290","T 142-95","1997-05-16"
"T 6237-14","2016-05-11","NJA 2015 s. 110","T 9161-13","2015-03-19"
"T 6237-14","2016-05-11","NJA 1997 s. 290","T 142-95","1997-05-16"
"T 6237-14","2016-05-11","NJA 2010 s. 286","T 2616-08","2010-05-24"
"T 980-14","2015-11-06","NJA 2001 s. 750","T 4254-00","2001-11-20"
"T 980-14","2015-11-06","NJA 2010 s. 559","T 352-09","2010-11-23"
"T 980-14","2015-11-06","NJA 2014 s. 960","T 511-13","2014-12-23"
"T 980-14","2015-11-06","NJA 2001 s. 750","T 4254-00","2001-11-20"
"T 980-14","2015-11-06","NJA 2012 s. 597","T 5670-10","2012-10-11"
"T 980-14","2015-11-06","NJA 1990 s. 24","T 178-89","1990-02-13"
"T 980-14","2015-11-06","NJA 2014 s. 960","T 511-13","2014-12-23"
"T 980-14","2015-11-06","NJA 2012 s. 3","T 2806-09","2012-01-20"
"B 1013-09","2009-07-03","NJA 2005 s. 712","B 3193-05","2005-11-02"
"B 1013-09","2009-07-03","NJA 2004 s. 231","B 4646-03","2004-05-04"
"B 1013-09","2009-07-03","NJA 1992 s. 446","B 1673-92","1992-07-02"
"B 1013-09","2009-07-03","NJA 2005 s. 712","B 3193-05","2005-11-02"
"B 1013-09","2009-07-03","NJA 1992 s. 446","B 1673-92","1992-07-02"
"B 2074-09","2009-10-21","NJA 2008 s. 359","B 1735-07","2008-03-20"
"B 2074-09","2009-10-21","NJA 2006 s. 577","B 1256-06","2006-10-19"
"B 2074-09","2009-10-21","NJA 2003 s. 414","B 2100-02","2003-10-14"
"B 2074-09","2009-10-21","NJA 1999 s. 561","B 2920-99","1999-09-13"
"B 2074-09","2009-10-21","NJA 2008 s. 359","B 1735-07","2008-03-20"
"B 2074-09","2009-10-21","NJA 1999 s. 561","B 2920-99","1999-09-13"
"B 2074-09","2009-10-21","NJA 2003 s. 414","B 2100-02","2003-10-14"
"B 2074-09","2009-10-21","NJA 2006 s. 577","B 1256-06","2006-10-19"
"B 2377-09","2010-10-19","NJA 1989 s. 564","B 320-89","1989-10-18"
"B 2509-09","2010-03-31","NJA 2004 s. 840","B 2600-02","2004-12-28"
"B 2509-09","2010-03-31","NJA 2004 s. 840","B 948-03","2004-12-28"
"B 2509-09","2010-03-31","NJA 2000 s. 622","B 868-99","2000-11-29"
"B 2509-09","2010-03-31","NJA 2000 s. 622","B 868-99","2000-11-29"
"B 2509-09","2010-03-31","NJA 2004 s. 510","B 4661-03","2004-08-30"
"B 2509-09","2010-03-31","NJA 2004 s. 510","B 3811-03","2004-08-30"
"B 2509-09","2010-03-31","NJA 2000 s. 622","B 868-99","2000-11-29"
"B 2509-09","2010-03-31","NJA 2004 s. 840","B 2600-02","2004-12-28"
"B 2509-09","2010-03-31","NJA 2004 s. 840","B 948-03","2004-12-28"
"B 2509-09","2010-03-31","NJA 2000 s. 622","B 868-99","2000-11-29"
"B 2509-09","2010-03-31","NJA 2000 s. 622","B 868-99","2000-11-29"
"B 2509-09","2010-03-31","NJA 2000 s. 622","B 868-99","2000-11-29"
"B 2509-09","2010-03-31","NJA 2004 s. 840","B 2600-02","2004-12-28"
"B 2509-09","2010-03-31","NJA 2004 s. 840","B 948-03","2004-12-28"
"B 2509-09","2010-03-31","NJA 2008 s. 946","B 2669-07","2008-10-23"
"B 2509-09","2010-03-31","NJA 2000 s. 622","B 868-99","2000-11-29"
"B 2509-09","2010-03-31","NJA 2005 s. 856","B 397-04","2005-12-05"
"B 2509-09","2010-03-31","NJA 2004 s. 840","B 2600-02","2004-12-28"
"B 2509-09","2010-03-31","NJA 2004 s. 840","B 948-03","2004-12-28"
"B 2509-09","2010-03-31","NJA 2000 s. 622","B 868-99","2000-11-29"
"B 2509-09","2010-03-31","NJA 2004 s. 840","B 2600-02","2004-12-28"
"B 2509-09","2010-03-31","NJA 2004 s. 840","B 948-03","2004-12-28"
"B 2509-09","2010-03-31","NJA 2005 s. 805","B 1050-05","2005-11-29"
"B 2509-09","2010-03-31","NJA 2000 s. 622","B 868-99","2000-11-29"
"B 2509-09","2010-03-31","NJA 2004 s. 840","B 2600-02","2004-12-28"
"B 2509-09","2010-03-31","NJA 2004 s. 840","B 948-03","2004-12-28"
"B 2509-09","2010-03-31","NJA 2004 s. 510","B 4661-03","2004-08-30"
"B 2509-09","2010-03-31","NJA 2004 s. 510","B 3811-03","2004-08-30"
"B 2883-09","2011-04-14","NJA 1994 s. 480","B 1156-92","1994-07-12"
"B 2883-09","2011-04-14","NJA 1994 s. 480","B 2048-15","2016-03-29"
"B 3549-09","2009-12-11","NJA 2000 s. 661","B 4836-98","2000-12-14"
"B 3549-09","2009-12-11","NJA 1999 s. 362","B 125-98","1999-06-09"
"B 3549-09","2009-12-11","NJA 2000 s. 661","B 4836-98","2000-12-14"
"B 3549-09","2009-12-11","NJA 2005 s. 864","B 3220-05","2005-12-05"
"B 3549-09","2009-12-11","NJA 2000 s. 661","B 4836-98","2000-12-14"
"B 3549-09","2009-12-11","NJA 1999 s. 362","B 125-98","1999-06-09"
"B 5521-09","2010-06-11","NJA 2006 s. 339","B 5183-04","2006-05-31"
"B 5521-09","2010-06-11","NJA 2008 s. 653","B 301-08","2008-06-03"
"B 5521-09","2010-06-11","NJA 2007 s. 319","B 694-07","2007-05-15"
"B 5521-09","2010-06-11","NJA 1999 s. 561","B 2920-99","1999-09-13"
"T 1295-09","2011-06-22","NJA 2007 s. 584","T 672-06","2007-09-21"
"T 1295-09","2011-06-22","NJA 2005 s. 462","T 72-04","2005-06-09"
"T 1295-09","2011-06-22","NJA 2007 s. 862","T 14182-02","2007-11-22"
"T 1295-09","2011-06-22","NJA 2007 s. 862","T 14182-02","2007-11-22"
"T 1528-09","2011-09-15","NJA 1989 s. 614","T 109-89","1989-10-27"
"T 156-09","2010-06-09","NJA 2007 s. 841","T 2448-06","2007-11-19"
"T 156-09","2010-06-09","NJA 2007 s. 841","T 2448-06","2007-11-19"
"T 2430-09","2009-12-17","NJA 2005 s. 462","T 72-04","2005-06-09"
"T 2430-09","2009-12-17","NJA 2005 s. 462","T 72-04","2005-06-09"
"T 2430-09","2009-12-17","NJA 2005 s. 462","T 72-04","2005-06-09"
"T 2618-09","2010-12-29","NJA 2003 s. 37","T 389-01","2003-02-07"
"T 2618-09","2010-12-29","NJA 2003 s. 37","T 5435-16","2017-11-21"
"T 2618-09","2010-12-29","NJA 2003 s. 37","T 389-01","2003-02-07"
"T 2618-09","2010-12-29","NJA 2003 s. 37","T 5435-16","2017-11-21"
"T 2618-09","2010-12-29","NJA 2003 s. 37","T 389-01","2003-02-07"
"T 2618-09","2010-12-29","NJA 2003 s. 37","T 5435-16","2017-11-21"
"T 3258-09","2010-11-30","NJA 2008 s. 406","T 2113-06","2008-03-28"
"T 3258-09","2010-11-30","NJA 1992 s. 243","T 234-90","1992-04-14"
"T 3258-09","2010-11-30","NJA 1981 s. 323","T 371-79","1981-02-19"
"T 333-09","2010-06-16","NJA 2007 s. 584","T 672-06","2007-09-21"
"T 333-09","2010-06-16","NJA 2005 s. 462","T 72-04","2005-06-09"
"T 333-09","2010-06-16","NJA 2005 s. 462","T 72-04","2005-06-09"
"T 333-09","2010-06-16","NJA 2007 s. 862","T 14182-02","2007-11-22"
"T 333-09","2010-06-16","NJA 2007 s. 584","T 672-06","2007-09-21"
"T 333-09","2010-06-16","NJA 2005 s. 462","T 72-04","2005-06-09"
"T 333-09","2010-06-16","NJA 2009 s. 873","T 2430-09","2009-12-17"
"T 333-09","2010-06-16","NJA 2009 s. 873","T 2430-09","2009-12-17"
"T 333-09","2010-06-16","NJA 2007 s. 584","T 672-06","2007-09-21"
"T 333-09","2010-06-16","NJA 2005 s. 462","T 72-04","2005-06-09"
"T 333-09","2010-06-16","NJA 2003 s. 527","T 3040-03","2003-11-10"
"T 333-09","2010-06-16","NJA 1994 s. 654","T 5276-93","1994-11-21"
"T 352-09","2010-11-23","NJA 2010 s. 135","T 3440-08","2010-03-05"
"T 4062-09","2011-09-23","NJA 1981 s. 323","T 371-79","1981-02-19"
"T 4062-09","2011-09-23","NJA 1981 s. 323","T 371-79","1981-02-19"
"T 5211-09","2010-12-28","NJA 1995 s. 13","T 2080-93","1995-01-30"
"T 5211-09","2010-12-28","NJA 1995 s. 13","T 2080-93","1995-01-30"
"T 5211-09","2010-12-28","NJA 1993 s. 192","T 2172-91","1993-05-05"
"T 5211-09","2010-12-28","NJA 1995 s. 13","T 2080-93","1995-01-30"
"T 5211-09","2010-12-28","NJA 1993 s. 192","T 2172-91","1993-05-05"
"T 5211-09","2010-12-28","NJA 1995 s. 13","T 2080-93","1995-01-30"
"T 5211-09","2010-12-28","NJA 1995 s. 13","T 2080-93","1995-01-30"
"T 5211-09","2010-12-28","NJA 1995 s. 13","T 2080-93","1995-01-30"
"T 5811-09","2010-12-22","NJA 2009 s. 695","T 170-08","2009-11-04"
"T 6005-09","2011-06-09","NJA 2004 s. 566","T 1625-03","2004-10-14"
"T 6005-09","2011-06-09","NJA 2004 s. 566","T 1625-03","2004-10-14"
"T 6005-09","2011-06-09","NJA 2001 s. 627","B 3016-00","2001-10-18"
"T 6005-09","2011-06-09","NJA 2004 s. 566","T 1625-03","2004-10-14"
"T 6005-09","2011-06-09","NJA 2004 s. 566","T 1625-03","2004-10-14"
"T 6005-09","2011-06-09","NJA 2001 s. 627","B 3016-00","2001-10-18"
"B 1126-04","2004-07-02","NJA 2004 s. 176","B 4189-03","2004-04-06"
"B 1126-04","2004-07-02","NJA 2002 s. 449","B 329-02","2002-10-25"
"B 1126-04","2004-07-02","NJA 1998 s. 86","B 4733-97","1998-02-27"
"B 1126-04","2004-07-02","NJA 1996 s. 509","B 3345-96","1996-10-02"
"B 1126-04","2004-07-02","NJA 1998 s. 86","B 4733-97","1998-02-27"
"B 1126-04","2004-07-02","NJA 2002 s. 449","B 329-02","2002-10-25"
"B 1126-04","2004-07-02","NJA 2002 s. 449","B 329-02","2002-10-25"
"B 143-04","2004-09-06","NJA 2004 s. 176","B 4189-03","2004-04-06"
"B 143-04","2004-09-06","NJA 2000 s. 195","B 5400-99","2000-04-19"
"B 143-04","2004-09-06","NJA 2000 s. 195","B 5400-99","2000-04-19"
"B 143-04","2004-09-06","NJA 2004 s. 176","B 4189-03","2004-04-06"
"B 1598-04","2005-11-11","NJA 2004 s. 176","B 4189-03","2004-04-06"
"B 1598-04","2005-11-11","NJA 2001 s. 115","B 2507-98","2001-03-14"
"B 1598-04","2005-11-11","NJA 2004 s. 176","B 4189-03","2004-04-06"
"B 1598-04","2005-11-11","NJA 2001 s. 115","B 2507-98","2001-03-14"
"B 1598-04","2005-11-11","NJA 2004 s. 176","B 4189-03","2004-04-06"
"B 1726-04","2004-06-29","NJA 2003 s. 486","B 2740-03","2003-10-29"
"B 246-04","2004-12-16","NJA 2000 s. 234","B 3852-98","2000-05-30"
"B 246-04","2004-12-16","NJA 2000 s. 234","B 3852-98","2000-05-30"
"B 2673-04","2005-05-27","NJA 1997 s. 368","B 990-97","1997-06-11"
"B 2673-04","2005-05-27","NJA 1997 s. 368","B 990-97","1997-06-11"
"B 333-04","2005-06-17","NJA 1996 s. 696","B 1495-95","1996-11-25"
"B 3454-04","2004-12-02","NJA 2004 s. 479","B 1126-04","2004-07-02"
"B 3454-04","2004-12-02","NJA 2004 s. 176","B 4189-03","2004-04-06"
"B 3454-04","2004-12-02","NJA 1998 s. 162","B 3235-97","1998-03-24"
"B 3454-04","2004-12-02","NJA 1998 s. 162","B 3235-97","1998-03-24"
"B 3454-04","2004-12-02","NJA 2002 s. 116","B 4605-01","2002-02-19"
"B 3454-04","2004-12-02","NJA 2004 s. 479","B 1126-04","2004-07-02"
"B 3454-04","2004-12-02","NJA 2004 s. 176","B 4189-03","2004-04-06"
"B 3506-04","2006-05-17","NJA 2005 s. 33","B 4466-02","2005-02-09"
"B 3506-04","2006-05-17","NJA 2004 s. 840","B 2600-02","2004-12-28"
"B 3506-04","2006-05-17","NJA 2004 s. 840","B 948-03","2004-12-28"
"B 3506-04","2006-05-17","NJA 2003 s. 659","B 2882-02","2003-12-22"
"B 3506-04","2006-05-17","NJA 2002 s. 607","B 3702-01","2002-11-25"
"B 3506-04","2006-05-17","NJA 2005 s. 33","B 4466-02","2005-02-09"
"B 3506-04","2006-05-17","NJA 2005 s. 33","B 4466-02","2005-02-09"
"B 3506-04","2006-05-17","NJA 2005 s. 33","B 4466-02","2005-02-09"
"B 3506-04","2006-05-17","NJA 2005 s. 33","B 4466-02","2005-02-09"
"B 3506-04","2006-05-17","NJA 2005 s. 33","B 4466-02","2005-02-09"
"B 3808-04","2005-04-27","NJA 1997 s. 172","B 5776-96","1997-03-21"
"B 3808-04","2005-04-27","NJA 1996 s. 365","B 1366-96","1996-06-12"
"B 3808-04","2005-04-27","NJA 1993 s. 68","B 1259-92","1993-03-04"
"B 3808-04","2005-04-27","NJA 1990 s. 293","B 232-90","1990-05-16"
"B 3808-04","2005-04-27","NJA 1992 s. 615","B 3015-92","1992-10-28"
"B 3825-04","2005-05-25","NJA 2000 s. 432","B 3332-99","2000-09-26"
"B 3825-04","2005-05-25","NJA 1997 s. 522","B 5045-96","1997-07-11"
"B 3825-04","2005-05-25","NJA 1997 s. 193","B 4379-96","1997-03-26"
"B 3825-04","2005-05-25","NJA 1997 s. 193","B 4379-96","1997-03-26"
"B 3825-04","2005-05-25","NJA 1997 s. 193","B 4379-96","1997-03-26"
"B 3825-04","2005-05-25","NJA 1997 s. 522","B 5045-96","1997-07-11"
"B 3825-04","2005-05-25","NJA 2000 s. 432","B 3332-99","2000-09-26"
"B 3825-04","2005-05-25","NJA 1997 s. 522","B 5045-96","1997-07-11"
"B 3842-04","2004-12-21","NJA 2003 s. 473","B 2854-02","2003-10-28"
"B 3842-04","2004-12-21","NJA 2003 s. 361","B 4696-02","2003-09-25"
"B 3842-04","2004-12-21","NJA 2003 s. 254","B 3660-02","2003-06-13"
"B 3842-04","2004-12-21","NJA 2003 s. 473","B 2854-02","2003-10-28"
"B 3863-04","2004-11-22","NJA 2003 s. 486","B 2740-03","2003-10-29"
"B 3863-04","2004-11-22","NJA 1999 s. 25","B 3942-98","1999-02-15"
"B 3863-04","2004-11-22","NJA 1999 s. 25","B 3942-98","1999-02-15"
"B 397-04","2005-12-05","NJA 2004 s. 840","B 2600-02","2004-12-28"
"B 397-04","2005-12-05","NJA 2004 s. 840","B 948-03","2004-12-28"
"B 397-04","2005-12-05","NJA 2004 s. 840","B 2600-02","2004-12-28"
"B 397-04","2005-12-05","NJA 2004 s. 840","B 948-03","2004-12-28"
"B 4456-04","2005-04-21","NJA 2004 s. 26","T 453-03","2004-02-04"
"B 4456-04","2005-04-21","NJA 1990 s. 210","B 717-89","1990-04-11"
"B 4647-04","2005-04-25","NJA 2003 s. 307","B 112-03","2003-07-08"
"B 4647-04","2005-04-25","NJA 2002 s. 265","B 4644-01","2002-05-23"
"B 4647-04","2005-04-25","NJA 1999 s. 561","B 2920-99","1999-09-13"
"B 4647-04","2005-04-25","NJA 1992 s. 190","B 237-92","1992-03-26"
"B 4647-04","2005-04-25","NJA 2003 s. 307","B 112-03","2003-07-08"
"B 4647-04","2005-04-25","NJA 2002 s. 265","B 4644-01","2002-05-23"
"B 4647-04","2005-04-25","NJA 1999 s. 561","B 2920-99","1999-09-13"
"B 4647-04","2005-04-25","NJA 1992 s. 190","B 237-92","1992-03-26"
"B 5150-04","2006-12-29","NJA 2004 s. 26","T 453-03","2004-02-04"
"B 5150-04","2006-12-29","NJA 2000 s. 521","T 2546-99","2000-10-17"
"B 5150-04","2006-12-29","NJA 2004 s. 26","T 453-03","2004-02-04"
"B 5150-04","2006-12-29","NJA 2004 s. 26","T 453-03","2004-02-04"
"B 5150-04","2006-12-29","NJA 2004 s. 26","T 453-03","2004-02-04"
"B 5150-04","2006-12-29","NJA 2004 s. 26","T 453-03","2004-02-04"
"B 5150-04","2006-12-29","NJA 2000 s. 521","T 2546-99","2000-10-17"
"B 5150-04","2006-12-29","NJA 2004 s. 26","T 453-03","2004-02-04"
"B 5150-04","2006-12-29","NJA 2004 s. 26","T 453-03","2004-02-04"
"B 5150-04","2006-12-29","NJA 2000 s. 521","T 2546-99","2000-10-17"
"B 5183-04","2006-05-31","NJA 1995 s. 80","B 1225-94","1995-02-17"
"B 871-04","2004-12-01","NJA 2000 s. 355","B 29-99","2000-07-07"
"B 871-04","2004-12-01","NJA 2000 s. 314","B 3231-99","2000-06-22"
"B 871-04","2004-12-01","NJA 2000 s. 314","B 3231-99","2000-06-22"
"B 871-04","2004-12-01","NJA 2000 s. 355","B 29-99","2000-07-07"
"T 1307-04","2006-03-23","NJA 1975 s. 577","T 487-13","2014-04-23"
"T 1397-04","2006-06-30","NJA 2002 s. 244","T 4247-98","2002-05-08"
"T 1397-04","2006-06-30","NJA 1996 s. 52","T 2390-94","1996-02-12"
"T 1397-04","2006-06-30","NJA 1995 s. 367","T 4387-93","1995-06-15"
"T 1397-04","2006-06-30","NJA 1995 s. 367","T 2636-94","1995-06-15"
"T 1397-04","2006-06-30","NJA 2002 s. 412","T 3060-00","2002-09-19"
"T 1397-04","2006-06-30","NJA 2002 s. 244","T 4247-98","2002-05-08"
"T 1397-04","2006-06-30","NJA 1995 s. 367","T 4387-93","1995-06-15"
"T 1397-04","2006-06-30","NJA 1995 s. 367","T 2636-94","1995-06-15"
"T 1397-04","2006-06-30","NJA 1996 s. 52","T 2390-94","1996-02-12"
"T 279-04","2006-04-11","NJA 2002 s. 3","T 2667-00","2002-01-02"
"T 2883-04","2007-05-31","NJA 2000 s. 712","T 2417-98","2000-12-22"
"T 2883-04","2007-05-31","NJA 1998 s. 873","T 1441-97","1998-12-23"
"T 2883-04","2007-05-31","NJA 2000 s. 712","T 2417-98","2000-12-22"
"T 2883-04","2007-05-31","NJA 1998 s. 873","T 1441-97","1998-12-23"
"T 2883-04","2007-05-31","NJA 2000 s. 712","T 2417-98","2000-12-22"
"T 2883-04","2007-05-31","NJA 2000 s. 712","T 2417-98","2000-12-22"
"T 2883-04","2007-05-31","NJA 1998 s. 873","T 1441-97","1998-12-23"
"T 2883-04","2007-05-31","NJA 1998 s. 873","T 1441-97","1998-12-23"
"T 2883-04","2007-05-31","NJA 2000 s. 712","T 2417-98","2000-12-22"
"T 2883-04","2007-05-31","NJA 1998 s. 873","T 1441-97","1998-12-23"
"T 2883-04","2007-05-31","NJA 1998 s. 873","T 1441-97","1998-12-23"
"T 2883-04","2007-05-31","NJA 1998 s. 873","T 1441-97","1998-12-23"
"T 2883-04","2007-05-31","NJA 2000 s. 712","T 2417-98","2000-12-22"
"T 2883-04","2007-05-31","NJA 1998 s. 873","T 1441-97","1998-12-23"
"T 2883-04","2007-05-31","NJA 1998 s. 873","T 1441-97","1998-12-23"
"T 3637-04","2005-12-27","NJA 2004 s. 26","T 453-03","2004-02-04"
"T 3637-04","2005-12-27","NJA 1993 s. 68","B 1259-92","1993-03-04"
"T 3637-04","2005-12-27","NJA 1992 s. 740","T 224-91","1992-11-25"
"T 3637-04","2005-12-27","NJA 2004 s. 26","T 453-03","2004-02-04"
"T 3637-04","2005-12-27","NJA 1993 s. 68","B 1259-92","1993-03-04"
"T 3692-04","2006-04-05","NJA 2004 s. 26","T 453-03","2004-02-04"
"T 3692-04","2006-04-05","NJA 2003 s. 508","T 136-02","2003-11-06"
"T 3692-04","2006-04-05","NJA 2000 s. 521","T 2546-99","2000-10-17"
"T 3692-04","2006-04-05","NJA 1999 s. 632","T 107-96","1999-10-18"
"T 3692-04","2006-04-05","NJA 1993 s. 41","T 309-91","1993-02-24"
"T 3692-04","2006-04-05","NJA 1993 s. 41","B 2251-92","1993-02-24"
"T 3692-04","2006-04-05","NJA 2004 s. 26","T 453-03","2004-02-04"
"T 3692-04","2006-04-05","NJA 2000 s. 521","T 2546-99","2000-10-17"
"T 3692-04","2006-04-05","NJA 2003 s. 508","T 136-02","2003-11-06"
"T 3692-04","2006-04-05","NJA 2003 s. 508","T 136-02","2003-11-06"
"T 3692-04","2006-04-05","NJA 1999 s. 632","T 107-96","1999-10-18"
"T 3692-04","2006-04-05","NJA 2003 s. 508","T 136-02","2003-11-06"
"T 5180-04","2007-11-27","NJA 1996 s. 211","T 1067-95","1996-03-26"
"T 5180-04","2007-11-27","NJA 1996 s. 211","T 1067-95","1996-03-26"
"T 72-04","2005-06-09","NJA 2004 s. 662","T 2595-01","2004-11-26"
"T 72-04","2005-06-09","NJA 2004 s. 662","T 2593-01","2004-11-26"
"T 72-04","2005-06-09","NJA 2003 s. 414","B 2100-02","2003-10-14"
"T 72-04","2005-06-09","NJA 2003 s. 414","B 2100-02","2003-10-14"
"T 72-04","2005-06-09","NJA 2003 s. 414","B 2100-02","2003-10-14"
"T 72-04","2005-06-09","NJA 2004 s. 662","T 2595-01","2004-11-26"
"T 72-04","2005-06-09","NJA 2004 s. 662","T 2593-01","2004-11-26"
"T 72-04","2005-06-09","NJA 2003 s. 414","B 2100-02","2003-10-14"
"T 72-04","2005-06-09","NJA 1993 s. 764","T 274-91","1993-12-28"
"T 72-04","2005-06-09","NJA 2004 s. 662","T 2595-01","2004-11-26"
"T 72-04","2005-06-09","NJA 2004 s. 662","T 2593-01","2004-11-26"
"T 72-04","2005-06-09","NJA 2003 s. 414","B 2100-02","2003-10-14"
"T 72-04","2005-06-09","NJA 2004 s. 662","T 2595-01","2004-11-26"
"T 72-04","2005-06-09","NJA 2004 s. 662","T 2593-01","2004-11-26"
"T 72-04","2005-06-09","NJA 2004 s. 662","T 2595-01","2004-11-26"
"T 72-04","2005-06-09","NJA 2004 s. 662","T 2593-01","2004-11-26"
"T 72-04","2005-06-09","NJA 2003 s. 414","B 2100-02","2003-10-14"
"B 1073-99","1999-06-18","NJA 1994 s. 48","B 1641-93","1994-02-16"
"B 1073-99","1999-06-18","NJA 1990 s. 210","B 717-89","1990-04-11"
"B 1073-99","1999-06-18","NJA 1993 s. 553","B 2369-93","1993-10-26"
"B 1152-99","2001-09-10","NJA 1997 s. 808","B 2701-97","1997-12-03"
"B 1152-99","2001-09-10","NJA 1997 s. 808","B 2701-97","1997-12-03"
"B 1152-99","2001-09-10","NJA 2001 s. 172","B 1806-00","2001-03-21"
"B 1152-99","2001-09-10","NJA 2001 s. 172","B 1806-00","2001-03-21"
"B 1330-99","2000-01-05","NJA 1999 s. 269","B 5297-98","1999-05-18"
"B 1330-99","2000-01-05","NJA 1999 s. 9","B 1770-98","1999-02-03"
"B 1330-99","2000-01-05","NJA 1999 s. 9","B 1770-98","1999-02-03"
"B 1330-99","2000-01-05","NJA 1997 s. 278","B 5319-96","1997-05-14"
"B 2245-99","1999-11-12","NJA 1992 s. 150","B 1020-90","1992-03-10"
"B 2245-99","1999-11-12","NJA 1996 s. 509","B 3345-96","1996-10-02"
"B 29-99","2000-07-07","NJA 1999 s. 702","B 2245-99","1999-11-12"
"B 29-99","2000-07-07","NJA 1990 s. 210","B 717-89","1990-04-11"
"B 29-99","2000-07-07","NJA 1999 s. 275","B 4575-98","1999-05-19"
"B 2920-99","1999-09-13","NJA 1996 s. 757","B 4104-96","1996-12-16"
"B 3231-99","2000-06-22","NJA 1994 s. 153","B 5053-93","1994-03-25"
"B 3231-99","2000-06-22","NJA 1994 s. 153","B 5053-93","1994-03-25"
"B 3231-99","2000-06-22","NJA 1994 s. 153","B 5053-93","1994-03-25"
"B 3332-99","2000-09-26","NJA 1989 s. 870","B 798-89","1989-11-28"
"B 4222-99","2001-06-11","NJA 1999 s. 769","B 3038-99","1999-12-15"
"B 4222-99","2001-06-11","NJA 2000 s. 195","B 5400-99","2000-04-19"
"B 4222-99","2001-06-11","NJA 1998 s. 300","B 4808-97","1998-05-20"
"B 4222-99","2001-06-11","NJA 2000 s. 195","B 5400-99","2000-04-19"
"B 4641-99","2001-06-01","NJA 1994 s. 480","B 1156-92","1994-07-12"
"B 4641-99","2001-06-01","NJA 1994 s. 480","B 2048-15","2016-03-29"
"B 4676-99","2001-10-12","NJA 2000 s. 256","B 321-00","2000-06-06"
"B 4676-99","2001-10-12","NJA 2000 s. 195","B 5400-99","2000-04-19"
"B 4676-99","2001-10-12","NJA 1998 s. 300","B 4808-97","1998-05-20"
"B 4676-99","2001-10-12","NJA 2001 s. 397","B 4222-99","2001-06-11"
"B 4676-99","2001-10-12","NJA 2000 s. 256","B 321-00","2000-06-06"
"B 4676-99","2001-10-12","NJA 2000 s. 195","B 5400-99","2000-04-19"
"B 4676-99","2001-10-12","NJA 1998 s. 300","B 4808-97","1998-05-20"
"B 4676-99","2001-10-12","NJA 2001 s. 397","B 4222-99","2001-06-11"
"B 4868-99","2001-04-10","NJA 2000 s. 69","B 1668-99","2000-02-08"
"B 4868-99","2001-04-10","NJA 2000 s. 256","B 321-00","2000-06-06"
"B 5400-99","2000-04-19","NJA 1999 s. 769","B 3038-99","1999-12-15"
"B 5400-99","2000-04-19","NJA 1997 s. 703","B 4435-95","1997-10-20"
"B 5400-99","2000-04-19","NJA 1996 s. 541","B 3375-96","1996-10-02"
"B 5400-99","2000-04-19","NJA 1998 s. 713","B 3877-98","1998-11-23"
"B 5400-99","2000-04-19","NJA 1999 s. 561","B 2920-99","1999-09-13"
"B 5400-99","2000-04-19","NJA 1998 s. 300","B 4808-97","1998-05-20"
"B 5400-99","2000-04-19","NJA 1999 s. 769","B 3038-99","1999-12-15"
"B 633-99","1999-05-19","NJA 1996 s. 195","B 210-96","1996-03-19"
"B 633-99","1999-05-19","NJA 1996 s. 195","B 210-96","1996-03-19"
"T 1126-99","2001-03-20","NJA 1998 s. 304","T 1138-97","1998-05-25"
"T 1126-99","2001-03-20","NJA 1990 s. 591","T 59-89","1990-10-09"
"T 1236-99","2001-07-09","NJA 1990 s. 687","T 300-89","1990-11-29"
"T 1236-99","2001-07-09","NJA 1990 s. 687","T 300-89","1990-11-29"
"T 1236-99","2001-07-09","NJA 1990 s. 687","T 300-89","1990-11-29"
"T 236-99","2001-06-28","NJA 1993 s. 222","T 175-92","1993-05-26"
"T 236-99","2001-06-28","NJA 1999 s. 232","T 516-98","1999-05-05"
"T 2546-99","2000-10-17","NJA 1993 s. 41","T 309-91","1993-02-24"
"T 2546-99","2000-10-17","NJA 1993 s. 41","B 2251-92","1993-02-24"
"T 2546-99","2000-10-17","NJA 1999 s. 632","T 107-96","1999-10-18"
"T 28-99","2001-06-01","NJA 1983 s. 118","T 200-79","1983-02-18"
"T 28-99","2001-06-01","NJA 1982 s. 380","T 382-79","1982-07-07"
"T 28-99","2001-06-01","NJA 1997 s. 44","T 1778-92","1997-02-12"
"T 2848-99","2001-06-06","NJA 1997 s. 684","T 285-97","1997-10-16"
"T 2848-99","2001-06-06","NJA 1997 s. 468","T 2637-96","1997-06-25"
"T 2848-99","2001-06-06","NJA 1993 s. 764","T 274-91","1993-12-28"
"T 3602-99","2000-11-07","NJA 1986 s. 198","T 307-84","1986-04-08"
"T 370-99","2001-01-02","NJA 1998 s. 873","T 1441-97","1998-12-23"
"T 4556-99","2002-01-09","NJA 1997 s. 813","T 1327-95","1997-12-10"
"T 4743-99","2001-03-01","NJA 2000 s. 285","T 3840-98","2000-06-15"
"T 4743-99","2001-03-01","NJA 2000 s. 285","T 3840-98","2000-06-15"
"T 4743-99","2001-03-01","NJA 2000 s. 285","T 3840-98","2000-06-15"
"T 5367-99","2000-06-28","NJA 1999 s. 451","T 5206-98","1999-06-17"
"T 910-99","1999-11-22","NJA 1994 s. 395","T 1309-93","1994-06-10"
"T 910-99","1999-11-22","NJA 1994 s. 395","T 1309-93","1994-06-10"
"T 910-99","1999-11-22","NJA 1994 s. 395","T 1309-93","1994-06-10"
"B 1225-94","1995-02-17","NJA 1985 s. 444","B 559-84","1985-06-07"
"B 1225-94","1995-02-17","NJA 1985 s. 444","B 559-84","1985-06-07"
"B 1225-94","1995-02-17","NJA 1992 s. 190","B 237-92","1992-03-26"
"B 1414-94","1994-12-09","NJA 1990 s. 743","B 384-90","1990-12-06"
"B 1414-94","1994-12-09","NJA 1990 s. 743","B 384-90","1990-12-06"
"B 4446-94","1994-12-22","NJA 1994 s. 480","B 1156-92","1994-07-12"
"B 4446-94","1994-12-22","NJA 1994 s. 480","B 2048-15","2016-03-29"
"B 4446-94","1994-12-22","NJA 1989 s. 829","B 1027-89","1989-12-22"
"T 2023-94","1995-12-28","NJA 1993 s. 484","T 262-90","1993-09-27"
"T 239-94","1994-10-26","NJA 1992 s. 502","T 179-90","1992-08-12"
"T 2609-94","1995-11-30","NJA 1987 s. 592","T 559-84","1987-08-25"
"T 2881-94","1996-05-08","NJA 1992 s. 872","T 225-91","1992-12-28"
"T 2881-94","1996-05-08","NJA 1992 s. 872","T 225-91","1992-12-28"
"T 3608-94","1997-11-10","NJA 1997 s. 250","T 4121-94","1997-05-07"
"T 3688-94","1998-05-20","NJA 1990 s. 687","T 300-89","1990-11-29"
"T 3688-94","1998-05-20","NJA 1990 s. 687","T 300-89","1990-11-29"
"T 3688-94","1998-05-20","NJA 1990 s. 687","T 300-89","1990-11-29"
"T 3839-94","1997-09-04","NJA 1994 s. 395","T 1309-93","1994-06-10"
"T 5627-94","1995-06-16","NJA 1986 s. 659","T 61-84","1986-12-01"
"T 5627-94","1995-06-16","NJA 1986 s. 659","T 61-84","1986-12-01"
"T 11-89","1989-06-19","NJA 1986 s. 338","T 484-84","1986-06-19"
"T 17-89","1990-03-09","NJA 1986 s. 470","T 523-84","1986-09-12"
"T 17-89","1990-03-09","NJA 1986 s. 358","T 581-84","1986-06-30"
"T 17-89","1990-03-09","NJA 1986 s. 3","T 129-84","1986-01-08"
"T 172-89","1990-04-06","NJA 1985 s. 768","T 395-84","1985-12-09"
"B 1040-84","1985-12-19","NJA 1985 s. 475","B 923-84","1985-06-26"
"T 200-79","1983-02-18","NJA 1982 s. 380","T 382-79","1982-07-07"
"T 226-84","1985-12-20","NJA 1981 s. 1255","T 400-79","1981-12-28"
"B 1062-13","2014-04-08","NJA 1995 s. 219","B 3970-93","1995-04-10"
"B 1062-13","2014-04-08","NJA 1995 s. 219","B 3970-93","1995-04-10"
"B 1062-13","2014-04-08","NJA 1995 s. 219","B 3970-93","1995-04-10"
"B 1062-13","2014-04-08","NJA 2012 s. 764","B 2535-11","2012-11-22"
"B 1062-13","2014-04-08","NJA 2012 s. 105","B 3361-10","2012-03-23"
"B 1062-13","2014-04-08","NJA 2007 s. 219","B 414-07","2007-04-03"
"B 1062-13","2014-04-08","NJA 1994 s. 480","B 1156-92","1994-07-12"
"B 1062-13","2014-04-08","NJA 1994 s. 480","B 2048-15","2016-03-29"
"B 1062-13","2014-04-08","NJA 1995 s. 219","B 3970-93","1995-04-10"
"B 1062-13","2014-04-08","NJA 1999 s. 485","B 4933-98","1999-07-05"
"B 1174-13","2013-12-11","NJA 2013 s. 502","B 4946-12","2013-06-11"
"B 1174-13","2013-12-11","NJA 2010 s. 168","B 2509-09","2010-03-31"
"B 1174-13","2013-12-11","NJA 1981 s. 277","B 143-79","1981-02-09"
"B 1195-13","2013-06-13","NJA 2008 s. 482","B 3954-07","2008-05-13"
"B 1195-13","2013-06-13","NJA 2008 s. 482","B 1793-07","2008-05-13"
"B 1195-13","2013-06-13","NJA 2008 s. 482","B 3954-07","2008-05-13"
"B 1195-13","2013-06-13","NJA 2008 s. 482","B 1793-07","2008-05-13"
"B 1195-13","2013-06-13","NJA 2008 s. 482","B 3954-07","2008-05-13"
"B 1195-13","2013-06-13","NJA 2008 s. 482","B 1793-07","2008-05-13"
"B 1195-13","2013-06-13","NJA 2008 s. 482","B 3954-07","2008-05-13"
"B 1195-13","2013-06-13","NJA 2008 s. 482","B 1793-07","2008-05-13"
"B 1195-13","2013-06-13","NJA 2008 s. 482","B 3954-07","2008-05-13"
"B 1195-13","2013-06-13","NJA 2008 s. 482","B 1793-07","2008-05-13"
"B 2489-13","2014-12-09","NJA 2009 s. 485","B 5060-08","2009-07-09"
"B 2489-13","2014-12-09","NJA 2009 s. 485","B 4144-08","2009-07-09"
"B 2489-13","2014-12-09","NJA 2009 s. 485","B 3676-08","2009-07-09"
"B 2489-13","2014-12-09","NJA 2008 s. 359","B 1735-07","2008-03-20"
"B 2708-13","2016-12-21","NJA 2004 s. 840","B 2600-02","2004-12-28"
"B 2708-13","2016-12-21","NJA 2004 s. 840","B 948-03","2004-12-28"
"B 2708-13","2016-12-21","NJA 1999 s. 215","B 2060-98","1999-04-08"
"B 2708-13","2016-12-21","NJA 2005 s. 33","B 4466-02","2005-02-09"
"B 2708-13","2016-12-21","NJA 2005 s. 33","B 4466-02","2005-02-09"
"B 2708-13","2016-12-21","NJA 2005 s. 33","B 4466-02","2005-02-09"
"B 2708-13","2016-12-21","NJA 2005 s. 33","B 4466-02","2005-02-09"
"B 2708-13","2016-12-21","NJA 2012 s. 764","B 2535-11","2012-11-22"
"B 2708-13","2016-12-21","NJA 2008 s. 376","B 406-06","2008-03-28"
"B 2708-13","2016-12-21","NJA 1994 s. 480","B 1156-92","1994-07-12"
"B 2708-13","2016-12-21","NJA 1994 s. 480","B 2048-15","2016-03-29"
"B 2708-13","2016-12-21","NJA 2005 s. 33","B 4466-02","2005-02-09"
"B 2708-13","2016-12-21","NJA 2004 s. 840","B 2600-02","2004-12-28"
"B 2708-13","2016-12-21","NJA 2004 s. 840","B 948-03","2004-12-28"
"B 2708-13","2016-12-21","NJA 1999 s. 215","B 2060-98","1999-04-08"
"B 2708-13","2016-12-21","NJA 2012 s. 764","B 2535-11","2012-11-22"
"B 2708-13","2016-12-21","NJA 2016 s. 3","B 4653-15","2016-02-03"
"B 2708-13","2016-12-21","NJA 1994 s. 480","B 1156-92","1994-07-12"
"B 2708-13","2016-12-21","NJA 1994 s. 480","B 2048-15","2016-03-29"
"B 2710-13","2013-10-09","NJA 2012 s. 521","B 2470-10","2012-07-12"
"B 272-13","2013-12-27","NJA 2013 s. 321","B 1346-11","2013-04-30"
"B 272-13","2013-12-27","NJA 2012 s. 968","B 2224-11","2012-12-20"
"B 272-13","2013-12-27","NJA 2008 s. 1010","B 4684-07","2008-11-03"
"B 3877-13","2015-02-11","NJA 1990 s. 175","B 418-89","1990-03-29"
"B 3877-13","2015-02-11","NJA 1990 s. 175","B 418-89","1990-03-29"
"B 4080-13","2014-04-07","NJA 2012 s. 564","B 4735-11","2012-09-28"
"B 4080-13","2014-04-07","NJA 2013 s. 1227","B 272-13","2013-12-27"
"B 4080-13","2014-04-07","NJA 2013 s. 321","B 1346-11","2013-04-30"
"B 4135-13","2013-12-17","NJA 2007 s. 266","B 788-07","2007-04-05"
"B 4135-13","2013-12-17","NJA 2004 s. 702","B 3454-04","2004-12-02"
"B 5191-13","2014-04-25","NJA 2013 s. 502","B 4946-12","2013-06-11"
"B 5191-13","2014-04-25","NJA 2013 s. 502","B 4946-12","2013-06-11"
"B 5191-13","2014-04-25","NJA 2013 s. 502","B 4946-12","2013-06-11"
"B 5204-13","2013-12-20","NJA 2011 s. 89","B 53-11","2011-04-19"
"B 5204-13","2013-12-20","NJA 2003 s. 229","B 4597-01","2003-06-06"
"B 5390-13","2015-06-16","NJA 2000 s. 256","B 321-00","2000-06-06"
"B 5390-13","2015-06-16","NJA 2011 s. 611","B 2105-10","2011-09-30"
"B 5390-13","2015-06-16","NJA 1993 s. 134","B 370-91","1993-03-31"
"B 5390-13","2015-06-16","NJA 2013 s. 7","B 380-11","2013-01-22"
"B 5390-13","2015-06-16","NJA 2003 s. 486","B 2740-03","2003-10-29"
"B 5390-13","2015-06-16","NJA 1993 s. 134","B 370-91","1993-03-31"
"B 5390-13","2015-06-16","NJA 2013 s. 7","B 380-11","2013-01-22"
"B 5390-13","2015-06-16","NJA 2011 s. 611","B 2105-10","2011-09-30"
"B 5390-13","2015-06-16","NJA 2013 s. 7","B 380-11","2013-01-22"
"B 5390-13","2015-06-16","NJA 2003 s. 486","B 2740-03","2003-10-29"
"B 5484-13","2014-07-04","NJA 2014 s. 499","T 3592-13","2014-06-26"
"B 5484-13","2014-07-04","NJA 2000 s. 256","B 321-00","2000-06-06"
"B 5484-13","2014-07-04","NJA 2008 s. 359","B 1735-07","2008-03-20"
"B 5484-13","2014-07-04","NJA 2000 s. 314","B 3231-99","2000-06-22"
"B 5484-13","2014-07-04","NJA 2008 s. 359","B 1735-07","2008-03-20"
"B 5484-13","2014-07-04","NJA 2000 s. 314","B 3231-99","2000-06-22"
"B 5484-13","2014-07-04","NJA 1999 s. 561","B 2920-99","1999-09-13"
"B 5484-13","2014-07-04","NJA 2000 s. 256","B 321-00","2000-06-06"
"B 5484-13","2014-07-04","NJA 2012 s. 307","B 3673-10","2012-05-11"
"B 5484-13","2014-07-04","NJA 2012 s. 247","B 3775-10","2012-04-20"
"B 5484-13","2014-07-04","NJA 2011 s. 386","B 193-10","2011-06-17"
"B 5484-13","2014-07-04","NJA 2010 s. 358","B 5521-09","2010-06-11"
"B 5484-13","2014-07-04","NJA 2009 s. 559","B 3439-07","2009-09-29"
"B 5484-13","2014-07-04","NJA 2008 s. 292","B 455-07","2008-03-14"
"B 5484-13","2014-07-04","NJA 2006 s. 339","B 5183-04","2006-05-31"
"B 5484-13","2014-07-04","NJA 2006 s. 79","B 4914-05","2006-03-07"
"B 5484-13","2014-07-04","NJA 2006 s. 79","B 3998-05","2006-03-07"
"B 5484-13","2014-07-04","NJA 2005 s. 263","B 4647-04","2005-04-25"
"B 5484-13","2014-07-04","NJA 2003 s. 499","B 2459-03","2003-11-05"
"B 5484-13","2014-07-04","NJA 2003 s. 313","B 965-03","2003-07-10"
"B 5484-13","2014-07-04","NJA 2002 s. 653","B 1907-02","2002-12-18"
"B 5484-13","2014-07-04","NJA 1999 s. 769","B 3038-99","1999-12-15"
"B 5484-13","2014-07-04","NJA 2013 s. 321","B 1346-11","2013-04-30"
"B 5484-13","2014-07-04","NJA 2012 s. 849","B 5579-11","2012-12-05"
"B 5484-13","2014-07-04","NJA 2012 s. 650","B 5908-10","2012-10-31"
"B 5484-13","2014-07-04","NJA 2008 s. 653","B 301-08","2008-06-03"
"B 5484-13","2014-07-04","NJA 1997 s. 522","B 5045-96","1997-07-11"
"B 5484-13","2014-07-04","NJA 1996 s. 757","B 4104-96","1996-12-16"
"B 5484-13","2014-07-04","NJA 1995 s. 89","B 3004-93","1995-02-24"
"B 5484-13","2014-07-04","NJA 1995 s. 89","B 1430-94","1995-02-24"
"B 5484-13","2014-07-04","NJA 1993 s. 746","B 1537-93","1993-12-16"
"B 5484-13","2014-07-04","NJA 1992 s. 190","B 237-92","1992-03-26"
"B 5484-13","2014-07-04","NJA 2013 s. 922","B 2089-12","2013-11-01"
"B 5484-13","2014-07-04","NJA 1990 s. 84","B 673-89","1990-03-07"
"B 5484-13","2014-07-04","NJA 1990 s. 84","B 431-89","1990-03-07"
"B 5484-13","2014-07-04","NJA 2001 s. 397","B 4222-99","2001-06-11"
"B 5484-13","2014-07-04","NJA 2000 s. 195","B 5400-99","2000-04-19"
"B 5484-13","2014-07-04","NJA 1998 s. 300","B 4808-97","1998-05-20"
"B 5484-13","2014-07-04","NJA 1999 s. 269","B 5297-98","1999-05-18"
"B 5484-13","2014-07-04","NJA 1996 s. 741","B 5690-95","1996-12-12"
"B 5484-13","2014-07-04","NJA 1994 s. 468","B 4980-93","1994-07-06"
"B 5484-13","2014-07-04","NJA 2000 s. 116","B 2393-99","2000-03-01"
"B 5484-13","2014-07-04","NJA 2007 s. 624","B 1178-07","2007-10-03"
"B 5484-13","2014-07-04","NJA 2001 s. 913","B 3180-01","2001-12-28"
"B 5484-13","2014-07-04","NJA 2000 s. 17","B 2973-99","2000-01-05"
"B 5484-13","2014-07-04","NJA 2000 s. 17","B 2286-99","2000-01-05"
"B 5484-13","2014-07-04","NJA 2000 s. 17","B 1330-99","2000-01-05"
"B 5484-13","2014-07-04","NJA 2008 s. 359","B 1735-07","2008-03-20"
"B 5484-13","2014-07-04","NJA 2000 s. 314","B 3231-99","2000-06-22"
"B 5484-13","2014-07-04","NJA 2008 s. 359","B 1735-07","2008-03-20"
"B 5484-13","2014-07-04","NJA 2012 s. 1038","B 1982-11","2012-12-21"
"B 5484-13","2014-07-04","NJA 2012 s. 849","B 5579-11","2012-12-05"
"B 5484-13","2014-07-04","NJA 2013 s. 376","B 5613-12","2013-05-28"
"B 5484-13","2014-07-04","NJA 2011 s. 89","B 53-11","2011-04-19"
"B 5749-13","2014-10-24","NJA 2007 s. 227","B 86-05","2007-04-04"
"B 6273-13","2014-12-18","NJA 2001 s. 210","T 33101-00","2001-04-06"
"B 6273-13","2014-12-18","NJA 2013 s. 1210","T 2139-12","2013-12-27"
"B 6341-13","2015-06-18","NJA 2005 s. 608","T 4136-03","2005-09-12"
"T 113-13","2014-03-28","NJA 1985 s. 738","T 6-84","1985-10-25"
"T 1691-13","2015-04-17","NJA 2010 s. 286","T 2616-08","2010-05-24"
"T 1691-13","2015-04-17","NJA 1997 s. 290","T 142-95","1997-05-16"
"T 1691-13","2015-04-17","NJA 2013 s. 524","T 1030-12","2013-06-13"
"T 1691-13","2015-04-17","NJA 1993 s. 764","T 274-91","1993-12-28"
"T 1691-13","2015-04-17","NJA 2013 s. 524","T 1030-12","2013-06-13"
"T 2021-13","2014-12-30","NJA 1985 s. 352","T 183-84","1985-04-12"
"T 2674-13","2014-12-12","NJA 2012 s. 858","T 5779-10","2012-12-13"
"T 2674-13","2014-12-12","NJA 2012 s. 858","T 5779-10","2012-12-13"
"T 2674-13","2014-12-12","NJA 2009 s. 210","T 2787-07","2009-05-05"
"T 2674-13","2014-12-12","NJA 2012 s. 858","T 5779-10","2012-12-13"
"T 2674-13","2014-12-12","NJA 2012 s. 858","T 5779-10","2012-12-13"
"T 2674-13","2014-12-12","NJA 2009 s. 210","T 2787-07","2009-05-05"
"T 2674-13","2014-12-12","NJA 2012 s. 858","T 5779-10","2012-12-13"
"T 2674-13","2014-12-12","NJA 2012 s. 858","T 5779-10","2012-12-13"
"T 2895-13","2015-04-01","NJA 1992 s. 829","T 264-91","1992-12-21"
"T 3269-13","2015-12-17","NJA 2005 s. 608","T 4136-03","2005-09-12"
"T 3269-13","2015-12-17","NJA 2014 s. 272","T 3420-12","2014-04-17"
"T 3269-13","2015-12-17","NJA 2015 s. 512","B 6341-13","2015-06-18"
"T 3269-13","2015-12-17","NJA 2014 s. 877","T 2133-14","2014-12-11"
"T 3269-13","2015-12-17","NJA 2005 s. 608","T 4136-03","2005-09-12"
"T 3269-13","2015-12-17","NJA 2014 s. 272","T 3420-12","2014-04-17"
"T 3269-13","2015-12-17","NJA 2009 s. 463","T 2955-08","2009-07-03"
"T 3269-13","2015-12-17","NJA 2012 s. 211","T 3470-10","2012-04-11"
"T 3269-13","2015-12-17","NJA 2005 s. 462","T 72-04","2005-06-09"
"T 3269-13","2015-12-17","NJA 2003 s. 414","B 2100-02","2003-10-14"
"T 3354-13","2014-12-23","NJA 1986 s. 136","T 143-84","1986-03-25"
"T 347-13","2013-09-19","NJA 2000 s. 48","T 1493-98","2000-01-21"
"T 347-13","2013-09-19","NJA 2003 s. 527","T 3040-03","2003-11-10"
"T 347-13","2013-09-19","NJA 2011 s. 267","T 462-11","2011-05-12"
"T 3592-13","2014-06-26","NJA 2013 s. 842","T 5180-11","2013-10-18"
"T 3592-13","2014-06-26","NJA 2013 s. 1046","T 2807-12","2013-12-06"
"T 3592-13","2014-06-26","NJA 2013 s. 842","T 5180-11","2013-10-18"
"T 3592-13","2014-06-26","NJA 2008 s. 915","T 2224-07","2008-10-01"
"T 3592-13","2014-06-26","NJA 2012 s. 211","T 3470-10","2012-04-11"
"T 3592-13","2014-06-26","NJA 2013 s. 1046","T 2807-12","2013-12-06"
"T 3592-13","2014-06-26","NJA 2012 s. 211","T 3470-10","2012-04-11"
"T 487-13","2014-04-23","NJA 2012 s. 804","T 153-11","2012-11-28"
"T 487-13","2014-04-23","NJA 1975 s. 577","T 487-13","2014-04-23"
"T 487-13","2014-04-23","NJA 2012 s. 804","T 153-11","2012-11-28"
"T 487-13","2014-04-23","NJA 1975 s. 577","T 487-13","2014-04-23"
"T 511-13","2014-12-23","NJA 2011 s. 576","T 1212-10","2011-09-21"
"T 511-13","2014-12-23","NJA 2013 s. 271","T 2394-11","2013-04-17"
"T 511-13","2014-12-23","NJA 2013 s. 271","T 2394-11","2013-04-17"
"T 5670-13","2015-03-01","NJA 2003 s. 567","B 1658-03","2003-12-05"
"T 5670-13","2015-03-01","NJA 2003 s. 567","B 1658-03","2003-12-05"
"T 5670-13","2015-03-01","NJA 2007 s. 540","T 4961-05","2007-07-06"
"T 5670-13","2015-03-01","NJA 2003 s. 567","B 1658-03","2003-12-05"
"T 5670-13","2015-03-01","NJA 2011 s. 3","T 1872-09","2011-01-03"
"T 5670-13","2015-03-01","NJA 2008 s. 946","B 2669-07","2008-10-23"
"T 5670-13","2015-03-01","NJA 1996 s. 418","B 4922-95","1996-06-27"
"T 5670-13","2015-03-01","NJA 1992 s. 594","B 1671-92","1992-10-16"
"T 9161-13","2015-03-19","NJA 1997 s. 290","T 142-95","1997-05-16"
"T 9161-13","2015-03-19","NJA 2009 s. 388","T 5042-06","2009-06-12"
"T 9162-13","2015-12-22","NJA 1995 s. 274","T 2120-93","1995-05-10"
"T 9162-13","2015-12-22","NJA 2013 s. 271","T 2394-11","2013-04-17"
"T 9162-13","2015-12-22","NJA 2015 s. 110","T 9161-13","2015-03-19"
"T 9162-13","2015-12-22","NJA 2015 s. 110","T 9161-13","2015-03-19"
"T 9162-13","2015-12-22","NJA 1997 s. 290","T 142-95","1997-05-16"
"B 104-08","2008-09-30","NJA 2004 s. 692","B 871-04","2004-12-01"
"B 104-08","2008-09-30","NJA 2000 s. 421","B 3066-00","2000-09-22"
"B 104-08","2008-09-30","NJA 1994 s. 48","B 1641-93","1994-02-16"
"B 104-08","2008-09-30","NJA 2004 s. 692","B 871-04","2004-12-01"
"B 104-08","2008-09-30","NJA 2000 s. 421","B 3066-00","2000-09-22"
"B 104-08","2008-09-30","NJA 1994 s. 48","B 1641-93","1994-02-16"
"B 1075-08","2008-07-01","NJA 2004 s. 840","B 2600-02","2004-12-28"
"B 1075-08","2008-07-01","NJA 2004 s. 840","B 948-03","2004-12-28"
"B 1075-08","2008-07-01","NJA 2004 s. 646","B 3863-04","2004-11-22"
"B 1075-08","2008-07-01","NJA 1999 s. 215","B 2060-98","1999-04-08"
"B 1075-08","2008-07-01","NJA 1993 s. 277","B 1705-93","1993-06-15"
"B 1075-08","2008-07-01","NJA 1992 s. 566","B 2977-92","1992-09-28"
"B 1075-08","2008-07-01","NJA 2004 s. 646","B 3863-04","2004-11-22"
"B 1075-08","2008-07-01","NJA 1999 s. 215","B 2060-98","1999-04-08"
"B 1075-08","2008-07-01","NJA 1993 s. 277","B 1705-93","1993-06-15"
"B 1075-08","2008-07-01","NJA 1992 s. 566","B 2977-92","1992-09-28"
"B 1296-08","2009-01-13","NJA 2006 s. 627","B 4814-03","2006-12-01"
"B 1296-08","2009-01-13","NJA 2004 s. 618","B 1412-04","2004-10-29"
"B 1296-08","2009-01-13","NJA 2000 s. 372","B 4406-97","2000-07-12"
"B 1296-08","2009-01-13","NJA 2004 s. 618","B 1412-04","2004-10-29"
"B 1296-08","2009-01-13","NJA 2006 s. 627","B 4814-03","2006-12-01"
"B 1296-08","2009-01-13","NJA 2006 s. 627","B 4814-03","2006-12-01"
"B 1296-08","2009-01-13","NJA 2004 s. 618","B 1412-04","2004-10-29"
"B 1891-08","2008-11-26","NJA 2008 s. 482","B 3954-07","2008-05-13"
"B 1891-08","2008-11-26","NJA 2008 s. 482","B 1793-07","2008-05-13"
"B 1891-08","2008-11-26","NJA 2006 s. 221","B 154-06","2006-04-11"
"B 1891-08","2008-11-26","NJA 2008 s. 482","B 3954-07","2008-05-13"
"B 1891-08","2008-11-26","NJA 2008 s. 482","B 1793-07","2008-05-13"
"B 1891-08","2008-11-26","NJA 2006 s. 221","B 154-06","2006-04-11"
"B 1891-08","2008-11-26","NJA 2006 s. 221","B 154-06","2006-04-11"
"B 2214-08","2009-06-09","NJA 2006 s. 457","B 4823-04","2006-07-04"
"B 2214-08","2009-06-09","NJA 2006 s. 457","B 4823-04","2006-07-04"
"B 2214-08","2009-06-09","NJA 2006 s. 457","B 4823-04","2006-07-04"
"B 2219-08","2009-05-06","NJA 2005 s. 237","B 4456-04","2005-04-21"
"B 2219-08","2009-05-06","NJA 1990 s. 210","B 717-89","1990-04-11"
"B 2219-08","2009-05-06","NJA 2005 s. 237","B 4456-04","2005-04-21"
"B 2219-08","2009-05-06","NJA 1990 s. 210","B 717-89","1990-04-11"
"B 2219-08","2009-05-06","NJA 2005 s. 237","B 4456-04","2005-04-21"
"B 2219-08","2009-05-06","NJA 2005 s. 237","B 4456-04","2005-04-21"
"B 2813-08","2010-05-04","NJA 2009 s. 424","B 3672-07","2009-06-15"
"B 2813-08","2010-05-04","NJA 2009 s. 424","B 3672-07","2009-06-15"
"B 301-08","2008-06-03","NJA 1993 s. 38","B 1513-92","1993-02-18"
"B 301-08","2008-06-03","NJA 2008 s. 503","B 5251-06","2008-05-14"
"B 301-08","2008-06-03","NJA 1999 s. 561","B 2920-99","1999-09-13"
"B 301-08","2008-06-03","NJA 2001 s. 570","B 1793-00","2001-09-26"
"B 301-08","2008-06-03","NJA 2001 s. 86","B 1767-00","2001-02-27"
"B 301-08","2008-06-03","NJA 1997 s. 522","B 5045-96","1997-07-11"
"B 301-08","2008-06-03","NJA 1997 s. 193","B 4379-96","1997-03-26"
"B 301-08","2008-06-03","NJA 1997 s. 193","B 4379-96","1997-03-26"
"B 301-08","2008-06-03","NJA 1993 s. 38","B 1513-92","1993-02-18"
"B 301-08","2008-06-03","NJA 1989 s. 837","B 108-89","1989-12-22"
"B 301-08","2008-06-03","NJA 2004 s. 354","B 1699-03","2004-06-08"
"B 3265-08","2009-10-22","NJA 1990 s. 315","B 633-89","1990-05-31"
"B 3265-08","2009-10-22","NJA 1990 s. 315","B 633-89","1990-05-31"
"B 3265-08","2009-10-22","NJA 2008 s. 1010","B 4684-07","2008-11-03"
"B 3265-08","2009-10-22","NJA 2007 s. 973","B 4554-06","2007-12-10"
"B 3372-08","2008-11-11","NJA 1995 s. 448","B 2538-95","1995-07-31"
"B 3372-08","2008-11-11","NJA 2004 s. 176","B 4189-03","2004-04-06"
"B 3676-08","2009-07-09","NJA 2008 s. 359","B 1735-07","2008-03-20"
"B 3676-08","2009-07-09","NJA 1994 s. 143","B 487-93","1994-03-17"
"B 3843-08","2009-03-25","NJA 2007 s. 636","B 2693-07","2007-10-04"
"B 3843-08","2009-03-25","NJA 2007 s. 624","B 1178-07","2007-10-03"
"B 3843-08","2009-03-25","NJA 2007 s. 636","B 2693-07","2007-10-04"
"B 3843-08","2009-03-25","NJA 2000 s. 314","B 3231-99","2000-06-22"
"B 3843-08","2009-03-25","NJA 2000 s. 256","B 321-00","2000-06-06"
"B 3843-08","2009-03-25","NJA 2007 s. 636","B 2693-07","2007-10-04"
"B 3843-08","2009-03-25","NJA 2007 s. 624","B 1178-07","2007-10-03"
"B 4275-08","2009-04-08","NJA 2005 s. 732","B 1598-04","2005-11-11"
"B 4275-08","2009-04-08","NJA 2004 s. 479","B 1126-04","2004-07-02"
"B 4275-08","2009-04-08","NJA 2004 s. 176","B 4189-03","2004-04-06"
"B 4275-08","2009-04-08","NJA 2004 s. 479","B 1126-04","2004-07-02"
"B 4275-08","2009-04-08","NJA 2004 s. 176","B 4189-03","2004-04-06"
"B 4275-08","2009-04-08","NJA 2005 s. 732","B 1598-04","2005-11-11"
"B 4275-08","2009-04-08","NJA 2004 s. 176","B 4189-03","2004-04-06"
"B 4690-08","2009-12-02","NJA 2007 s. 3","B 1170-05","2007-01-12"
"B 4690-08","2009-12-02","NJA 2001 s. 286","B 4706-99","2001-05-04"
"B 4690-08","2009-12-02","NJA 1996 s. 764","B 4333-95","1996-12-18"
"B 4690-08","2009-12-02","NJA 1996 s. 590","B 2677-95","1996-10-18"
"B 4878-08","2010-01-04","NJA 1994 s. 143","B 487-93","1994-03-17"
"B 5097-08","2009-09-30","NJA 2003 s. 495","B 3546-03","2003-11-03"
"B 5097-08","2009-09-30","NJA 1994 s. 699","B 1414-94","1994-12-09"
"B 5097-08","2009-09-30","NJA 1990 s. 743","B 384-90","1990-12-06"
"B 5097-08","2009-09-30","NJA 2003 s. 495","B 3546-03","2003-11-03"
"B 5097-08","2009-09-30","NJA 1994 s. 699","B 1414-94","1994-12-09"
"B 5097-08","2009-09-30","NJA 1990 s. 743","B 384-90","1990-12-06"
"B 5416-08","2009-06-04","NJA 2005 s. 283","B 3808-04","2005-04-27"
"T 1329-08","2009-02-16","NJA 2007 s. 519","T 4171-05","2007-07-02"
"T 1329-08","2009-02-16","NJA 1993 s. 13","T 279-90","1993-02-08"
"T 1329-08","2009-02-16","NJA 1986 s. 136","T 143-84","1986-03-25"
"T 1329-08","2009-02-16","NJA 2007 s. 519","T 4171-05","2007-07-02"
"T 1329-08","2009-02-16","NJA 1993 s. 13","T 279-90","1993-02-08"
"T 1329-08","2009-02-16","NJA 2007 s. 519","T 4171-05","2007-07-02"
"T 1329-08","2009-02-16","NJA 1986 s. 136","T 143-84","1986-03-25"
"T 133-08","2010-02-02","NJA 2003 s. 285","T 989-02","2003-06-19"
"T 133-08","2010-02-02","NJA 2003 s. 285","T 989-02","2003-06-19"
"T 133-08","2010-02-02","NJA 1994 s. 654","T 5276-93","1994-11-21"
"T 133-08","2010-02-02","NJA 2003 s. 285","T 989-02","2003-06-19"
"T 1356-08","2010-11-18","NJA 2006 s. 310","T 2303-05","2006-05-19"
"T 1356-08","2010-11-18","NJA 2006 s. 188","B 4411-03","2006-04-06"
"T 1356-08","2010-11-18","NJA 2006 s. 310","T 2303-05","2006-05-19"
"T 1356-08","2010-11-18","NJA 2006 s. 310","T 2303-05","2006-05-19"
"T 1356-08","2010-11-18","NJA 2006 s. 310","T 2303-05","2006-05-19"
"T 170-08","2009-11-04","NJA 2005 s. 608","T 4136-03","2005-09-12"
"T 227-08","2010-03-04","NJA 2007 s. 862","T 14182-02","2007-11-22"
"T 227-08","2010-03-04","NJA 2007 s. 584","T 672-06","2007-09-21"
"T 227-08","2010-03-04","NJA 2005 s. 462","T 72-04","2005-06-09"
"T 227-08","2010-03-04","NJA 2003 s. 285","T 989-02","2003-06-19"
"T 227-08","2010-03-04","NJA 2007 s. 584","T 672-06","2007-09-21"
"T 227-08","2010-03-04","NJA 2005 s. 462","T 72-04","2005-06-09"
"T 227-08","2010-03-04","NJA 2007 s. 862","T 14182-02","2007-11-22"
"T 227-08","2010-03-04","NJA 2003 s. 285","T 989-02","2003-06-19"
"T 227-08","2010-03-04","NJA 2007 s. 862","T 14182-02","2007-11-22"
"T 227-08","2010-03-04","NJA 2003 s. 285","T 989-02","2003-06-19"
"T 227-08","2010-03-04","NJA 2009 s. 463","T 2955-08","2009-07-03"
"T 227-08","2010-03-04","NJA 2007 s. 584","T 672-06","2007-09-21"
"T 227-08","2010-03-04","NJA 2005 s. 462","T 72-04","2005-06-09"
"T 227-08","2010-03-04","NJA 2007 s. 584","T 672-06","2007-09-21"
"T 227-08","2010-03-04","NJA 2005 s. 462","T 72-04","2005-06-09"
"T 2463-08","2009-12-18","NJA 2007 s. 17","T 3829-03","2007-01-30"
"T 2463-08","2009-12-18","NJA 2006 s. 53","T 563-03","2006-02-24"
"T 2463-08","2009-12-18","NJA 2004 s. 534","T 4018-01","2004-06-24"
"T 2463-08","2009-12-18","NJA 2001 s. 750","T 4254-00","2001-11-20"
"T 2528-08","2010-02-23","NJA 1910 s. 322","T 2528-08","2010-02-23"
"T 2616-08","2010-05-24","NJA 1997 s. 290","T 142-95","1997-05-16"
"T 2616-08","2010-05-24","NJA 1997 s. 290","T 142-95","1997-05-16"
"T 2616-08","2010-05-24","NJA 1997 s. 290","T 142-95","1997-05-16"
"T 2925-08","2010-04-20","NJA 2009 s. 244","T 4641-07","2009-05-15"
"T 2925-08","2010-04-20","NJA 2008 s. 668","T 4101-06","2008-06-05"
"T 2925-08","2010-04-20","NJA 2006 s. 53","T 563-03","2006-02-24"
"T 2925-08","2010-04-20","NJA 2001 s. 750","T 4254-00","2001-11-20"
"T 2925-08","2010-04-20","NJA 2008 s. 668","T 4101-06","2008-06-05"
"T 2925-08","2010-04-20","NJA 2008 s. 668","T 4101-06","2008-06-05"
"T 2955-08","2009-07-03","NJA 2007 s. 584","T 672-06","2007-09-21"
"T 2955-08","2009-07-03","NJA 2005 s. 462","T 72-04","2005-06-09"
"T 2955-08","2009-07-03","NJA 2007 s. 584","T 672-06","2007-09-21"
"T 2955-08","2009-07-03","NJA 2005 s. 462","T 72-04","2005-06-09"
"T 2955-08","2009-07-03","NJA 2007 s. 584","T 672-06","2007-09-21"
"T 2955-08","2009-07-03","NJA 2005 s. 462","T 72-04","2005-06-09"
"T 2955-08","2009-07-03","NJA 2007 s. 584","T 672-06","2007-09-21"
"T 2955-08","2009-07-03","NJA 2005 s. 462","T 72-04","2005-06-09"
"T 3-08","2009-11-03","NJA 2008 s. 24","T 930-06","2008-01-04"
"T 3-08","2009-11-03","NJA 2008 s. 24","T 930-06","2008-01-04"
"T 3-08","2009-11-03","NJA 2007 s. 909","T 128-06","2007-11-30"
"T 3252-08","2010-03-16","NJA 2008 s. 684","T 1657-06","2008-06-11"
"T 367-08","2009-11-05","NJA 2003 s. 207","T 285-02","2003-05-28"
"T 367-08","2009-11-05","NJA 1993 s. 594","T 605-93","1993-11-16"
"T 367-08","2009-11-05","NJA 2003 s. 207","T 285-02","2003-05-28"
"T 367-08","2009-11-05","NJA 1993 s. 594","T 605-93","1993-11-16"
"T 390-08","2008-10-29","NJA 1985 s. 360","T 242-84","1985-05-07"
"T 390-08","2008-10-29","NJA 1985 s. 360","T 242-84","1985-05-07"
"T 390-08","2008-10-29","NJA 1985 s. 360","T 242-84","1985-05-07"
"T 390-08","2008-10-29","NJA 2007 s. 862","T 14182-02","2007-11-22"
"T 390-08","2008-10-29","NJA 2003 s. 285","T 989-02","2003-06-19"
"T 390-08","2008-10-29","NJA 2002 s. 88","T 1482-01","2002-02-15"
"T 443-08","2009-05-27","NJA 2007 s. 519","T 4171-05","2007-07-02"
"T 443-08","2009-05-27","NJA 1996 s. 368","T 1453-94","1996-06-13"
"T 443-08","2009-05-27","NJA 1995 s. 356","T 3717-93","1995-06-12"
"T 443-08","2009-05-27","NJA 1996 s. 368","T 1453-94","1996-06-13"
"T 443-08","2009-05-27","NJA 1995 s. 356","T 3717-93","1995-06-12"
"T 443-08","2009-05-27","NJA 2007 s. 519","T 4171-05","2007-07-02"
"T 443-08","2009-05-27","NJA 1996 s. 368","T 1453-94","1996-06-13"
"T 4783-08","2010-02-23","NJA 2004 s. 421","T 2223-03","2004-06-21"
"T 4783-08","2010-02-23","NJA 2004 s. 421","T 2223-03","2004-06-21"
"T 4783-08","2010-02-23","NJA 2004 s. 421","T 2223-03","2004-06-21"
"T 4904-08","2010-09-16","NJA 2007 s. 1018","T 4828-04","2007-12-28"
"T 4904-08","2010-09-16","NJA 2009 s. 846","T 2804-07","2009-12-16"
"B 1038-03","2003-05-02","NJA 1999 s. 102","B 53-99","1999-03-19"
"B 1038-03","2003-05-02","NJA 1992 s. 446","B 1673-92","1992-07-02"
"B 112-03","2003-07-08","NJA 2002 s. 265","B 4644-01","2002-05-23"
"B 112-03","2003-07-08","NJA 1992 s. 190","B 237-92","1992-03-26"
"B 112-03","2003-07-08","NJA 2002 s. 265","B 4644-01","2002-05-23"
"B 1624-03","2004-11-08","NJA 1992 s. 194","B 238-91","1992-03-27"
"B 1658-03","2003-12-05","NJA 1994 s. 637","B 3252-93","1994-11-16"
"B 1658-03","2003-12-05","NJA 1992 s. 594","B 1671-92","1992-10-16"
"B 1658-03","2003-12-05","NJA 1994 s. 637","B 3252-93","1994-11-16"
"B 1658-03","2003-12-05","NJA 2003 s. 486","B 2740-03","2003-10-29"
"B 1658-03","2003-12-05","NJA 1994 s. 637","B 3252-93","1994-11-16"
"B 1699-03","2004-06-08","NJA 1993 s. 38","B 1513-92","1993-02-18"
"B 2011-03","2004-02-24","NJA 2004 s. 34","B 4471-02","2004-02-05"
"B 2011-03","2004-02-24","NJA 1993 s. 245","B 263-91","1993-06-03"
"B 2011-03","2004-02-24","NJA 1993 s. 245","B 263-91","1993-06-03"
"B 2011-03","2004-02-24","NJA 2004 s. 34","B 4471-02","2004-02-05"
"B 2182-03","2004-02-27","NJA 2003 s. 144","B 1038-03","2003-05-02"
"B 2182-03","2004-02-27","NJA 1999 s. 102","B 53-99","1999-03-19"
"B 2399-03","2003-09-05","NJA 2002 s. 365","B 1193-02","2002-06-17"
"B 2399-03","2003-09-05","NJA 1998 s. 24","B 3304-97","1998-01-30"
"B 2459-03","2003-11-05","NJA 1985 s. 553","B 133-84","1985-08-28"
"B 2493-03","2005-09-07","NJA 2001 s. 755","T 351-01","2001-11-28"
"B 276-03","2004-12-16","NJA 1992 s. 150","B 1020-90","1992-03-10"
"B 276-03","2004-12-16","NJA 1992 s. 150","B 1020-90","1992-03-10"
"B 2909-03","2003-12-23","NJA 1995 s. 661","B 2810-95","1995-12-01"
"B 2909-03","2003-12-23","NJA 1990 s. 354","B 904-89","1990-06-26"
"B 3042-03","2005-05-26","NJA 2001 s. 409","B 293-00","2001-06-12"
"B 3184-03","2004-03-23","NJA 2004 s. 80","B 2011-03","2004-02-24"
"B 3184-03","2004-03-23","NJA 2004 s. 34","B 4471-02","2004-02-05"
"B 3184-03","2004-03-23","NJA 1993 s. 245","B 263-91","1993-06-03"
"B 3184-03","2004-03-23","NJA 2004 s. 80","B 2011-03","2004-02-24"
"B 3184-03","2004-03-23","NJA 2004 s. 34","B 4471-02","2004-02-05"
"B 3184-03","2004-03-23","NJA 1993 s. 245","B 263-91","1993-06-03"
"B 3546-03","2003-11-03","NJA 2002 s. 653","B 1907-02","2002-12-18"
"B 3546-03","2003-11-03","NJA 1994 s. 699","B 1414-94","1994-12-09"
"B 3546-03","2003-11-03","NJA 1990 s. 743","B 384-90","1990-12-06"
"B 3742-03","2005-10-18","NJA 1985 s. 477","B 580-84","1985-06-27"
"B 3742-03","2005-10-18","NJA 1996 s. 443","B 264-96","1996-07-11"
"B 3742-03","2005-10-18","NJA 2003 s. 414","B 2100-02","2003-10-14"
"B 3742-03","2005-10-18","NJA 2003 s. 414","B 2100-02","2003-10-14"
"B 3742-03","2005-10-18","NJA 1985 s. 477","B 580-84","1985-06-27"
"B 3742-03","2005-10-18","NJA 1996 s. 443","B 264-96","1996-07-11"
"B 3742-03","2005-10-18","NJA 2003 s. 414","B 2100-02","2003-10-14"
"B 3811-03","2004-08-30","NJA 2000 s. 622","B 868-99","2000-11-29"
"B 388-03","2004-04-02","NJA 2003 s. 291","B 3713-02","2003-06-19"
"B 388-03","2004-04-02","NJA 2002 s. 342","B 381-02","2002-06-14"
"B 388-03","2004-04-02","NJA 2002 s. 336","B 3639-01","2002-06-13"
"B 388-03","2004-04-02","NJA 2001 s. 35","B 4882-98","2001-01-31"
"B 388-03","2004-04-02","NJA 1997 s. 186","B 5364-96","1997-03-25"
"B 388-03","2004-04-02","NJA 1996 s. 806","B 3599-96","1996-12-27"
"B 388-03","2004-04-02","NJA 1996 s. 307","B 5150-95","1996-05-09"
"B 388-03","2004-04-02","NJA 1994 s. 304","B 450-94","1994-05-31"
"B 4126-03","2006-07-07","NJA 2004 s. 682","T 1588-01","2004-12-01"
"B 4126-03","2006-07-07","NJA 2002 s. 322","T 1277-99","2002-06-07"
"B 4126-03","2006-07-07","NJA 2002 s. 322","T 1277-99","2002-06-07"
"B 4189-03","2004-04-06","NJA 1998 s. 86","B 4733-97","1998-02-27"
"B 4189-03","2004-04-06","NJA 2002 s. 449","B 329-02","2002-10-25"
"B 4189-03","2004-04-06","NJA 2002 s. 449","B 329-02","2002-10-25"
"B 4189-03","2004-04-06","NJA 2002 s. 449","B 329-02","2002-10-25"
"B 4189-03","2004-04-06","NJA 2002 s. 449","B 329-02","2002-10-25"
"B 4189-03","2004-04-06","NJA 2002 s. 449","B 329-02","2002-10-25"
"B 4189-03","2004-04-06","NJA 2002 s. 449","B 329-02","2002-10-25"
"B 4189-03","2004-04-06","NJA 2002 s. 449","B 329-02","2002-10-25"
"B 4189-03","2004-04-06","NJA 2002 s. 449","B 329-02","2002-10-25"
"B 4189-03","2004-04-06","NJA 1990 s. 186","T 192-89","1990-04-04"
"B 4189-03","2004-04-06","NJA 1995 s. 448","B 2538-95","1995-07-31"
"B 4189-03","2004-04-06","NJA 1995 s. 119","B 69-95","1995-03-10"
"B 4189-03","2004-04-06","NJA 1994 s. 614","B 3187-94","1994-10-31"
"B 4646-03","2004-05-04","NJA 1997 s. 538","B 2078-97","1997-09-10"
"B 719-03","2003-04-01","NJA 1995 s. 226","B 721-95","1995-04-07"
"B 948-03","2004-12-28","NJA 2004 s. 510","B 4661-03","2004-08-30"
"B 948-03","2004-12-28","NJA 2004 s. 510","B 3811-03","2004-08-30"
"B 948-03","2004-12-28","NJA 2000 s. 622","B 868-99","2000-11-29"
"B 948-03","2004-12-28","NJA 1999 s. 215","B 2060-98","1999-04-08"
"B 948-03","2004-12-28","NJA 2004 s. 164","B 388-03","2004-04-02"
"B 948-03","2004-12-28","NJA 2000 s. 622","B 868-99","2000-11-29"
"B 948-03","2004-12-28","NJA 2000 s. 622","B 868-99","2000-11-29"
"B 948-03","2004-12-28","NJA 2004 s. 510","B 4661-03","2004-08-30"
"B 948-03","2004-12-28","NJA 2004 s. 510","B 3811-03","2004-08-30"
"B 948-03","2004-12-28","NJA 2000 s. 622","B 868-99","2000-11-29"
"B 948-03","2004-12-28","NJA 2000 s. 622","B 868-99","2000-11-29"
"B 948-03","2004-12-28","NJA 1999 s. 215","B 2060-98","1999-04-08"
"B 948-03","2004-12-28","NJA 2000 s. 622","B 868-99","2000-11-29"
"B 948-03","2004-12-28","NJA 2004 s. 510","B 4661-03","2004-08-30"
"B 948-03","2004-12-28","NJA 2004 s. 510","B 3811-03","2004-08-30"
"B 948-03","2004-12-28","NJA 2000 s. 622","B 868-99","2000-11-29"
"B 948-03","2004-12-28","NJA 2000 s. 622","B 868-99","2000-11-29"
"B 948-03","2004-12-28","NJA 2004 s. 510","B 4661-03","2004-08-30"
"B 948-03","2004-12-28","NJA 2004 s. 510","B 3811-03","2004-08-30"
"B 965-03","2003-07-10","NJA 1992 s. 585","B 747-92","1992-10-07"
"B 991-03","2003-05-09","NJA 2000 s. 612","B 2976-00","2000-11-28"
"B 991-03","2003-05-09","NJA 1992 s. 85","B 595-91","1992-02-13"
"B 991-03","2003-05-09","NJA 2000 s. 612","B 2976-00","2000-11-28"
"T 1222-03","2004-02-20","NJA 1994 s. 545","B 3846-94","1994-10-05"
"T 1222-03","2004-02-20","NJA 1994 s. 545","B 3846-94","1994-10-05"
"T 1399-03","2004-12-15","NJA 1985 s. 690","T 439-84","1985-11-12"
"T 1399-03","2004-12-15","NJA 1995 s. 392","T 5627-94","1995-06-16"
"T 1399-03","2004-12-15","NJA 1986 s. 659","T 61-84","1986-12-01"
"T 1399-03","2004-12-15","NJA 1985 s. 690","T 439-84","1985-11-12"
"T 1399-03","2004-12-15","NJA 1985 s. 690","T 439-84","1985-11-12"
"T 1399-03","2004-12-15","NJA 2004 s. 213","T 2166-02","2004-04-27"
"T 1399-03","2004-12-15","NJA 1996 s. 724","T 3525-94","1996-11-29"
"T 1405-03","2005-06-09","NJA 2001 s. 99","T 4984-98","2001-03-13"
"T 1405-03","2005-06-09","NJA 2001 s. 99","T 4984-98","2001-03-13"
"T 1405-03","2005-06-09","NJA 2001 s. 99","T 4984-98","2001-03-13"
"T 1625-03","2004-10-14","NJA 2001 s. 627","B 3016-00","2001-10-18"
"T 1625-03","2004-10-14","NJA 2001 s. 627","B 3016-00","2001-10-18"
"T 2231-03","2005-02-11","NJA 1994 s. 95","T 2848-91","1994-02-28"
"T 2609-03","2005-11-14","NJA 1999 s. 725","T 910-99","1999-11-22"
"T 2609-03","2005-11-14","NJA 1999 s. 725","T 910-99","1999-11-22"
"T 2609-03","2005-11-14","NJA 1994 s. 395","T 1309-93","1994-06-10"
"T 2609-03","2005-11-14","NJA 1999 s. 725","T 910-99","1999-11-22"
"T 2609-03","2005-11-14","NJA 1994 s. 395","T 1309-93","1994-06-10"
"T 2609-03","2005-11-14","NJA 1999 s. 725","T 910-99","1999-11-22"
"T 2609-03","2005-11-14","NJA 1994 s. 395","T 1309-93","1994-06-10"
"T 261-03","2004-06-09","NJA 1986 s. 596","T 455-84","1986-11-11"
"T 2934-03","2005-04-01","NJA 1986 s. 702","T 4998-06","2008-11-20"
"T 4088-03","2006-03-27","NJA 1998 s. 734","T 813-93","1998-12-01"
"T 4088-03","2006-03-27","NJA 1998 s. 734","T 813-93","1998-12-01"
"T 4088-03","2006-03-27","NJA 1998 s. 734","T 813-93","1998-12-01"
"T 4136-03","2005-09-12","NJA 1996 s. 700","T 2399-95","1996-11-25"
"T 4136-03","2005-09-12","NJA 2001 s. 878","T 3134-98","2001-12-19"
"T 4136-03","2005-09-12","NJA 1996 s. 700","T 2399-95","1996-11-25"
"T 453-03","2004-02-04","NJA 2000 s. 521","T 2546-99","2000-10-17"
"T 453-03","2004-02-04","NJA 1996 s. 509","B 3345-96","1996-10-02"
"T 453-03","2004-02-04","NJA 1993 s. 41","T 309-91","1993-02-24"
"T 453-03","2004-02-04","NJA 1993 s. 41","B 2251-92","1993-02-24"
"T 453-03","2004-02-04","NJA 1992 s. 740","T 224-91","1992-11-25"
"T 453-03","2004-02-04","NJA 1993 s. 41","T 309-91","1993-02-24"
"T 453-03","2004-02-04","NJA 1993 s. 41","B 2251-92","1993-02-24"
"T 453-03","2004-02-04","NJA 2000 s. 521","T 2546-99","2000-10-17"
"T 453-03","2004-02-04","NJA 2000 s. 521","T 2546-99","2000-10-17"
"T 453-03","2004-02-04","NJA 1996 s. 509","B 3345-96","1996-10-02"
"T 453-03","2004-02-04","NJA 1993 s. 41","T 309-91","1993-02-24"
"T 453-03","2004-02-04","NJA 1993 s. 41","B 2251-92","1993-02-24"
"T 453-03","2004-02-04","NJA 2000 s. 521","T 2546-99","2000-10-17"
"T 4853-03","2006-12-27","NJA 1992 s. 113","T 114-90","1992-02-26"
"T 563-03","2006-02-24","NJA 2002 s. 449","B 329-02","2002-10-25"
"T 563-03","2006-02-24","NJA 2001 s. 750","T 4254-00","2001-11-20"
"T 563-03","2006-02-24","NJA 2001 s. 750","T 4254-00","2001-11-20"
"T 742-03","2005-05-03","NJA 2005 s. 335","T 4000-02","2005-05-03"
"T 742-03","2005-05-03","NJA 1985 s. 673","T 166-84","1985-10-29"
"T 742-03","2005-05-03","NJA 1986 s. 758","T 318-84","1986-12-11"
"T 742-03","2005-05-03","NJA 1985 s. 673","T 166-84","1985-10-29"
"T 742-03","2005-05-03","NJA 1986 s. 758","T 318-84","1986-12-11"
"B 1770-98","1999-02-03","NJA 1997 s. 278","B 5319-96","1997-05-14"
"B 2521-98","1998-09-08","NJA 1997 s. 193","B 4379-96","1997-03-26"
"B 2521-98","1998-09-08","NJA 1996 s. 478","B 1063-96","1996-09-02"
"B 2521-98","1998-09-08","NJA 1990 s. 210","B 717-89","1990-04-11"
"B 2521-98","1998-09-08","NJA 1995 s. 661","B 2810-95","1995-12-01"
"B 3301-98","2000-10-17","NJA 1994 s. 480","B 1156-92","1994-07-12"
"B 3301-98","2000-10-17","NJA 1994 s. 480","B 2048-15","2016-03-29"
"B 3877-98","1998-11-23","NJA 1997 s. 842","B 221-97","1997-12-22"
"B 3877-98","1998-11-23","NJA 1996 s. 541","B 3375-96","1996-10-02"
"B 3942-98","1999-02-15","NJA 1992 s. 357","B 1601-92","1992-06-17"
"B 3942-98","1999-02-15","NJA 1989 s. 829","B 1027-89","1989-12-22"
"B 4020-98","1998-12-22","NJA 1992 s. 532","B 2853-92","1992-09-14"
"B 4882-98","2001-01-31","NJA 1994 s. 304","B 450-94","1994-05-31"
"B 4933-98","1999-07-05","NJA 1995 s. 219","B 3970-93","1995-04-10"
"B 5297-98","1999-05-18","NJA 1994 s. 468","B 4980-93","1994-07-06"
"T 1493-98","2000-01-21","NJA 1996 s. 400","T 1034-94","1996-06-24"
"T 1493-98","2000-01-21","NJA 1996 s. 400","T 1034-94","1996-06-24"
"T 1493-98","2000-01-21","NJA 1996 s. 400","T 1034-94","1996-06-24"
"T 1493-98","2000-01-21","NJA 1996 s. 400","T 1034-94","1996-06-24"
"T 1857-98","2000-12-29","NJA 1992 s. 66","T 320-89","1992-02-19"
"T 1857-98","2000-12-29","NJA 1992 s. 66","T 320-89","1992-02-19"
"T 1883-98","2000-01-11","NJA 1992 s. 16","T 207-91","1992-01-08"
"T 2417-98","2000-12-22","NJA 1998 s. 873","T 1441-97","1998-12-23"
"T 2417-98","2000-12-22","NJA 1998 s. 873","T 1441-97","1998-12-23"
"T 2955-98","2000-04-27","NJA 1990 s. 419","T 80-89","1990-07-13"
"T 3310-98","1999-05-27","NJA 1996 s. 3","T 3029-93","1996-01-10"
"T 3832-98","2001-02-26","NJA 1994 s. 130","T 193-91","1994-03-16"
"T 3832-98","2001-02-26","NJA 1992 s. 66","T 320-89","1992-02-19"
"T 3832-98","2001-02-26","NJA 1992 s. 66","T 320-89","1992-02-19"
"T 3832-98","2001-02-26","NJA 1994 s. 130","T 193-91","1994-03-16"
"T 3832-98","2001-02-26","NJA 1994 s. 130","T 193-91","1994-03-16"
"T 3832-98","2001-02-26","NJA 1992 s. 66","T 320-89","1992-02-19"
"T 3832-98","2001-02-26","NJA 1994 s. 130","T 193-91","1994-03-16"
"T 3832-98","2001-02-26","NJA 1992 s. 66","T 320-89","1992-02-19"
"T 3840-98","2000-06-15","NJA 1997 s. 97","T 2880-95","1997-03-04"
"T 4247-98","2002-05-08","NJA 1986 s. 596","T 455-84","1986-11-11"
"T 4247-98","2002-05-08","NJA 1990 s. 591","T 59-89","1990-10-09"
"T 4530-98","2000-12-28","NJA 1992 s. 213","T 143-90","1992-04-10"
"T 4689-98","2000-12-18","NJA 1994 s. 177","T 193-90","1994-03-30"
"T 4689-98","2000-12-18","NJA 1994 s. 177","T 193-90","1994-03-30"
"T 4689-98","2000-12-18","NJA 1996 s. 560","T 2110-93","1996-10-15"
"T 4689-98","2000-12-18","NJA 1996 s. 560","T 2110-93","1996-10-15"
"T 4958-98","2001-11-01","NJA 2001 s. 93","T 4814-99","2001-03-01"
"T 4958-98","2001-11-01","NJA 2001 s. 93","T 4743-99","2001-03-01"
"T 4958-98","2001-11-01","NJA 2000 s. 285","T 3840-98","2000-06-15"
"T 4958-98","2001-11-01","NJA 2001 s. 93","T 4814-99","2001-03-01"
"T 4958-98","2001-11-01","NJA 2001 s. 93","T 4743-99","2001-03-01"
"T 4958-98","2001-11-01","NJA 2000 s. 285","T 3840-98","2000-06-15"
"T 4958-98","2001-11-01","NJA 1997 s. 97","T 2880-95","1997-03-04"
"T 4958-98","2001-11-01","NJA 2000 s. 285","T 3840-98","2000-06-15"
"T 4984-98","2001-03-13","NJA 1996 s. 564","T 4976-93","1996-10-16"
"B 110-93","1993-07-14","NJA 1989 s. 308","B 317-89","1989-06-14"
"B 1537-93","1993-12-16","NJA 1992 s. 190","B 237-92","1992-03-26"
"B 1537-93","1993-12-16","NJA 1992 s. 190","B 237-92","1992-03-26"
"B 1641-93","1994-02-16","NJA 1990 s. 210","B 717-89","1990-04-11"
"B 1705-93","1993-06-15","NJA 1992 s. 566","B 2977-92","1992-09-28"
"B 2182-93","1994-09-19","NJA 1987 s. 240","T 313-84","1987-04-28"
"B 2182-93","1994-09-19","NJA 1987 s. 240","T 313-84","1987-04-28"
"B 2550-93","1994-06-10","NJA 1981 s. 452","B 655-79","1981-04-01"
"B 2860-93","1993-09-15","NJA 1990 s. 622","B 773-90","1990-10-26"
"B 2860-93","1993-09-15","NJA 1990 s. 159","B 129-90","1990-03-20"
"B 2860-93","1993-09-15","NJA 1989 s. 870","B 798-89","1989-11-28"
"B 2860-93","1993-09-15","NJA 1990 s. 622","B 773-90","1990-10-26"
"B 3252-93","1994-11-16","NJA 1992 s. 594","B 1671-92","1992-10-16"
"B 3252-93","1994-11-16","NJA 1992 s. 594","B 1671-92","1992-10-16"
"B 3864-93","1993-11-24","NJA 1992 s. 446","B 1673-92","1992-07-02"
"B 3864-93","1993-11-24","NJA 1992 s. 532","B 2853-92","1992-09-14"
"B 3864-93","1993-11-24","NJA 1993 s. 310","B 707-93","1993-06-23"
"B 3864-93","1993-11-24","NJA 1993 s. 310","B 707-93","1993-06-23"
"B 3864-93","1993-11-24","NJA 1992 s. 532","B 2853-92","1992-09-14"
"B 4980-93","1994-07-06","NJA 1994 s. 153","B 5053-93","1994-03-25"
"B 4980-93","1994-07-06","NJA 1990 s. 84","B 673-89","1990-03-07"
"B 4980-93","1994-07-06","NJA 1990 s. 84","B 431-89","1990-03-07"
"T 1309-93","1994-06-10","NJA 1992 s. 541","T 221-90","1992-04-15"
"T 1309-93","1994-06-10","NJA 1992 s. 541","T 221-90","1992-04-15"
"T 2080-93","1995-01-30","NJA 1993 s. 192","T 2172-91","1993-05-05"
"T 2080-93","1995-01-30","NJA 1993 s. 192","T 2172-91","1993-05-05"
"T 295-93","1997-03-06","NJA 1995 s. 688","T 3912-93","1995-12-08"
"T 4976-93","1996-10-16","NJA 1993 s. 41","T 309-91","1993-02-24"
"T 4976-93","1996-10-16","NJA 1993 s. 41","B 2251-92","1993-02-24"
"T 4976-93","1996-10-16","NJA 1995 s. 274","T 2120-93","1995-05-10"
"T 864-93","1993-12-16","NJA 1992 s. 660","T 1824-92","1992-11-25"
"T 864-93","1993-12-16","NJA 1986 s. 193","T 126-84","1986-04-03"
"T 864-93","1993-12-16","NJA 1992 s. 660","T 1824-92","1992-11-25"
"T 940-93","1993-04-07","NJA 1992 s. 541","T 221-90","1992-04-15"
"T 940-93","1993-04-07","NJA 1990 s. 186","T 192-89","1990-04-04"
"B 1018-12","2012-07-17","NJA 2011 s. 357","B 5412-10","2011-06-16"
"B 1018-12","2012-07-17","NJA 2011 s. 563","B 2130-11","2011-09-16"
"B 1018-12","2012-07-17","NJA 2011 s. 357","B 5412-10","2011-06-16"
"B 1018-12","2012-07-17","NJA 2012 s. 144","B 4343-11","2012-03-26"
"B 1018-12","2012-07-17","NJA 2012 s. 144","B 4343-11","2012-03-26"
"B 1018-12","2012-07-17","NJA 2012 s. 144","B 4343-11","2012-03-26"
"B 1018-12","2012-07-17","NJA 2010 s. 592","B 1720-10","2010-11-29"
"B 1018-12","2012-07-17","NJA 2011 s. 357","B 5412-10","2011-06-16"
"B 1018-12","2012-07-17","NJA 2012 s. 510","B 965-12","2012-07-11"
"B 1018-12","2012-07-17","NJA 2012 s. 144","B 4343-11","2012-03-26"
"B 1018-12","2012-07-17","NJA 2012 s. 115","B 3851-11","2012-03-23"
"B 1018-12","2012-07-17","NJA 2011 s. 357","B 5412-10","2011-06-16"
"B 1018-12","2012-07-17","NJA 2012 s. 144","B 4343-11","2012-03-26"
"B 1018-12","2012-07-17","NJA 2001 s. 464","B 1500-01","2001-06-19"
"B 1102-11","2012-04-10","NJA 1995 s. 232","B 72-95","1995-04-10"
"B 1102-11","2012-04-10","NJA 1995 s. 232","B 72-95","1995-04-10"
"B 1102-11","2012-04-10","NJA 2002 s. 653","B 1907-02","2002-12-18"
"B 1102-11","2012-04-10","NJA 1995 s. 232","B 72-95","1995-04-10"
"B 1102-11","2012-04-10","NJA 1995 s. 232","B 72-95","1995-04-10"
"B 1102-11","2012-04-10","NJA 1995 s. 232","B 72-95","1995-04-10"
"B 1158-12","2012-07-13","NJA 2012 s. 510","B 965-12","2012-07-11"
"B 1158-12","2012-07-13","NJA 2011 s. 357","B 5412-10","2011-06-16"
"B 1158-12","2012-07-13","NJA 2012 s. 510","B 965-12","2012-07-11"
"B 1158-12","2012-07-13","NJA 2008 s. 653","B 301-08","2008-06-03"
"B 1158-12","2012-07-13","NJA 2004 s. 354","B 1699-03","2004-06-08"
"B 1158-12","2012-07-13","NJA 2011 s. 357","B 5412-10","2011-06-16"
"B 1278-12","2013-05-08","NJA 2012 s. 521","B 2470-10","2012-07-12"
"B 1278-12","2013-05-08","NJA 2008 s. 861","T 1280-06","2008-09-02"
"B 1278-12","2013-05-08","NJA 2012 s. 521","B 2470-10","2012-07-12"
"B 1326-15","2016-07-07","NJA 2012 s. 281","B 3272-10","2012-05-09"
"B 1326-15","2016-07-07","NJA 2004 s. 164","B 388-03","2004-04-02"
"B 1326-15","2016-07-07","NJA 2012 s. 281","B 3272-10","2012-05-09"
"B 1326-15","2016-07-07","NJA 2003 s. 268","B 364-01","2002-11-01"
"B 1326-15","2016-07-07","NJA 1984 s. 780","B 123-84","1984-11-22"
"B 1326-15","2016-07-07","NJA 2012 s. 281","B 3272-10","2012-05-09"
"B 1326-15","2016-07-07","NJA 2004 s. 164","B 388-03","2004-04-02"
"B 1326-15","2016-07-07","NJA 2012 s. 564","B 4735-11","2012-09-28"
"B 1346-11","2013-04-30","NJA 2006 s. 145","B 1607-05","2006-03-28"
"B 1346-11","2013-04-30","NJA 2012 s. 968","B 2224-11","2012-12-20"
"B 1346-11","2013-04-30","NJA 2003 s. 414","B 2100-02","2003-10-14"
"B 1346-11","2013-04-30","NJA 2012 s. 650","B 5908-10","2012-10-31"
"B 1346-11","2013-04-30","NJA 2011 s. 357","B 5412-10","2011-06-16"
"B 1346-11","2013-04-30","NJA 2012 s. 650","B 5908-10","2012-10-31"
"B 1346-11","2013-04-30","NJA 1998 s. 512","B 2521-98","1998-09-08"
"B 1346-11","2013-04-30","NJA 2011 s. 357","B 5412-10","2011-06-16"
"B 1346-11","2013-04-30","NJA 2012 s. 849","B 5579-11","2012-12-05"
"B 1346-11","2013-04-30","NJA 2012 s. 650","B 5908-10","2012-10-31"
"B 1346-11","2013-04-30","NJA 2012 s. 528","B 1158-12","2012-07-13"
"B 1346-11","2013-04-30","NJA 2012 s. 510","B 965-12","2012-07-11"
"B 1346-11","2013-04-30","NJA 2012 s. 144","B 4343-11","2012-03-26"
"B 1346-11","2013-04-30","NJA 2011 s. 357","B 5412-10","2011-06-16"
"B 1346-11","2013-04-30","NJA 2012 s. 849","B 5579-11","2012-12-05"
"B 1346-11","2013-04-30","NJA 2012 s. 849","B 5579-11","2012-12-05"
"B 1346-11","2013-04-30","NJA 2011 s. 357","B 5412-10","2011-06-16"
"B 1346-11","2013-04-30","NJA 2012 s. 535","B 1018-12","2012-07-17"
"B 1346-16","2016-07-11","NJA 2003 s. 486","B 2740-03","2003-10-29"
"B 1346-16","2016-07-11","NJA 2004 s. 702","B 3454-04","2004-12-02"
"B 1346-16","2016-07-11","NJA 2004 s. 702","B 3454-04","2004-12-02"
"B 1346-16","2016-07-11","NJA 2013 s. 376","B 5613-12","2013-05-28"
"B 1346-16","2016-07-11","NJA 1990 s. 210","B 717-89","1990-04-11"
"B 1346-16","2016-07-11","NJA 2012 s. 16","B 5566-11","2012-01-31"
"B 1395-12","2014-03-28","NJA 2012 s. 1038","B 1982-11","2012-12-21"
"B 1395-12","2014-03-28","NJA 2012 s. 826","B 5960-10","2012-12-03"
"B 1395-12","2014-03-28","NJA 2012 s. 826","B 5960-10","2012-12-03"
"B 1661-10","2011-08-30","NJA 1994 s. 480","B 1156-92","1994-07-12"
"B 1661-10","2011-08-30","NJA 1994 s. 480","B 2048-15","2016-03-29"
"B 1661-10","2011-08-30","NJA 1994 s. 480","B 1156-92","1994-07-12"
"B 1661-10","2011-08-30","NJA 1994 s. 480","B 2048-15","2016-03-29"
"B 1661-10","2011-08-30","NJA 1994 s. 480","B 1156-92","1994-07-12"
"B 1661-10","2011-08-30","NJA 1994 s. 480","B 2048-15","2016-03-29"
"B 1661-10","2011-08-30","NJA 1994 s. 480","B 1156-92","1994-07-12"
"B 1661-10","2011-08-30","NJA 1994 s. 480","B 2048-15","2016-03-29"
"B 1661-10","2011-08-30","NJA 1994 s. 480","B 1156-92","1994-07-12"
"B 1661-10","2011-08-30","NJA 1994 s. 480","B 2048-15","2016-03-29"
"B 1661-10","2011-08-30","NJA 1994 s. 480","B 1156-92","1994-07-12"
"B 1661-10","2011-08-30","NJA 1994 s. 480","B 2048-15","2016-03-29"
"B 1661-10","2011-08-30","NJA 1994 s. 480","B 1156-92","1994-07-12"
"B 1661-10","2011-08-30","NJA 1994 s. 480","B 2048-15","2016-03-29"
"B 1661-10","2011-08-30","NJA 2009 s. 889","T 3390-07","2009-12-22"
"B 1661-10","2011-08-30","NJA 1994 s. 480","B 1156-92","1994-07-12"
"B 1661-10","2011-08-30","NJA 1994 s. 480","B 2048-15","2016-03-29"
"B 1661-10","2011-08-30","NJA 2001 s. 362","B 4641-99","2001-06-01"
"B 1661-10","2011-08-30","NJA 2009 s. 182","T 4750-07","2009-04-16"
"B 1661-10","2011-08-30","NJA 1994 s. 480","B 1156-92","1994-07-12"
"B 1661-10","2011-08-30","NJA 1994 s. 480","B 2048-15","2016-03-29"
"B 1661-10","2011-08-30","NJA 1994 s. 480","B 1156-92","1994-07-12"
"B 1661-10","2011-08-30","NJA 1994 s. 480","B 2048-15","2016-03-29"
"B 1661-10","2011-08-30","NJA 1994 s. 480","B 1156-92","1994-07-12"
"B 1661-10","2011-08-30","NJA 1994 s. 480","B 2048-15","2016-03-29"
"B 1661-10","2011-08-30","NJA 1995 s. 367","T 4387-93","1995-06-15"
"B 1661-10","2011-08-30","NJA 1995 s. 367","T 2636-94","1995-06-15"
"B 1661-10","2011-08-30","NJA 1994 s. 480","B 1156-92","1994-07-12"
"B 1661-10","2011-08-30","NJA 1994 s. 480","B 2048-15","2016-03-29"
"B 1661-10","2011-08-30","NJA 1994 s. 480","B 1156-92","1994-07-12"
"B 1661-10","2011-08-30","NJA 1994 s. 480","B 2048-15","2016-03-29"
"B 1661-10","2011-08-30","NJA 1994 s. 480","B 1156-92","1994-07-12"
"B 1661-10","2011-08-30","NJA 1994 s. 480","B 2048-15","2016-03-29"
"B 1667-10","2011-03-30","NJA 2003 s. 659","B 2882-02","2003-12-22"
"B 1699-11","2012-06-12","NJA 2004 s. 764","B 246-04","2004-12-16"
"B 1699-11","2012-06-12","NJA 2004 s. 764","B 246-04","2004-12-16"
"B 1720-10","2010-11-29","NJA 1995 s. 448","B 2538-95","1995-07-31"
"B 1720-10","2010-11-29","NJA 2001 s. 500","B 1299-01","2001-06-28"
"B 1720-10","2010-11-29","NJA 2010 s. 485","B 2377-09","2010-10-19"
"B 1720-10","2010-11-29","NJA 2008 s. 359","B 1735-07","2008-03-20"
"B 1720-10","2010-11-29","NJA 1995 s. 48","B 5718-94","1995-02-13"
"B 1727-16","2017-06-14","NJA 2004 s. 164","B 388-03","2004-04-02"
"B 1727-16","2017-06-14","NJA 2016 s. 129","B 5692-14","2016-03-15"
"B 1918-16","2017-06-28","NJA 2008 s. 780","B 1075-08","2008-07-01"
"B 1918-16","2017-06-28","NJA 1993 s. 277","B 1705-93","1993-06-15"
"B 1918-16","2017-06-28","NJA 1992 s. 566","B 2977-92","1992-09-28"
"B 1918-16","2017-06-28","NJA 1992 s. 566","B 2977-92","1992-09-28"
"B 193-10","2011-06-17","NJA 2003 s. 414","B 2100-02","2003-10-14"
"B 193-10","2011-06-17","NJA 2006 s. 524","B 391-06","2006-09-13"
"B 193-10","2011-06-17","NJA 2004 s. 692","B 871-04","2004-12-01"
"B 193-10","2011-06-17","NJA 2008 s. 653","B 301-08","2008-06-03"
"B 193-10","2011-06-17","NJA 1992 s. 190","B 237-92","1992-03-26"
"B 193-10","2011-06-17","NJA 2002 s. 265","B 4644-01","2002-05-23"
"B 193-10","2011-06-17","NJA 2003 s. 307","B 112-03","2003-07-08"
"B 193-10","2011-06-17","NJA 2002 s. 265","B 4644-01","2002-05-23"
"B 1981-16","2017-10-04","NJA 1993 s. 740","B 465-92","1993-12-16"
"B 1981-16","2017-10-04","NJA 2003 s. 550","B 1815-03","2003-11-24"
"B 1981-16","2017-10-04","NJA 1993 s. 740","B 465-92","1993-12-16"
"B 1982-11","2012-12-21","NJA 2001 s. 214","B 4868-99","2001-04-10"
"B 1982-11","2012-12-21","NJA 2000 s. 256","B 321-00","2000-06-06"
"B 1982-11","2012-12-21","NJA 2000 s. 69","B 1668-99","2000-02-08"
"B 1982-11","2012-12-21","NJA 2012 s. 211","T 3470-10","2012-04-11"
"B 1982-11","2012-12-21","NJA 2012 s. 211","T 3470-10","2012-04-11"
"B 1982-11","2012-12-21","NJA 2012 s. 211","T 3470-10","2012-04-11"
"B 1982-11","2012-12-21","NJA 2012 s. 211","T 3470-10","2012-04-11"
"B 1982-11","2012-12-21","NJA 2012 s. 211","T 3470-10","2012-04-11"
"B 1982-11","2012-12-21","NJA 2012 s. 826","B 5960-10","2012-12-03"
"B 1982-11","2012-12-21","NJA 2012 s. 211","T 3470-10","2012-04-11"
"B 1982-11","2012-12-21","NJA 2012 s. 211","T 3470-10","2012-04-11"
"B 1982-11","2012-12-21","NJA 2012 s. 211","T 3470-10","2012-04-11"
"B 1982-11","2012-12-21","NJA 2012 s. 211","T 3470-10","2012-04-11"
"B 1982-11","2012-12-21","NJA 2011 s. 638","B 2150-11","2011-10-20"
"B 1982-11","2012-12-21","NJA 2011 s. 386","B 193-10","2011-06-17"
"B 1982-11","2012-12-21","NJA 2003 s. 414","B 2100-02","2003-10-14"
"B 1982-11","2012-12-21","NJA 2012 s. 211","T 3470-10","2012-04-11"
"B 1982-11","2012-12-21","NJA 2012 s. 211","T 3470-10","2012-04-11"
"B 1982-11","2012-12-21","NJA 2010 s. 168","B 2509-09","2010-03-31"
"B 2048-15","2016-03-29","NJA 2012 s. 764","B 2535-11","2012-11-22"
"B 2048-15","2016-03-29","NJA 2008 s. 376","B 406-06","2008-03-28"
"B 2048-15","2016-03-29","NJA 1994 s. 480","B 1156-92","1994-07-12"
"B 2048-15","2016-03-29","NJA 1994 s. 480","B 2048-15","2016-03-29"
"B 2048-15","2016-03-29","NJA 2016 s. 3","B 4653-15","2016-02-03"
"B 2048-15","2016-03-29","NJA 2008 s. 376","B 406-06","2008-03-28"
"B 2048-15","2016-03-29","NJA 1994 s. 480","B 1156-92","1994-07-12"
"B 2048-15","2016-03-29","NJA 1994 s. 480","B 2048-15","2016-03-29"
"B 2090-12","2013-06-14","NJA 2005 s. 372","B 153-04","2005-05-26"
"B 2090-12","2013-06-14","NJA 1994 s. 480","B 1156-92","1994-07-12"
"B 2090-12","2013-06-14","NJA 1994 s. 480","B 2048-15","2016-03-29"
"B 2095-15","2016-06-14","NJA 2015 s. 1024","B 3277-15","2015-12-21"
"B 2095-15","2016-06-14","NJA 2000 s. 195","B 5400-99","2000-04-19"
"B 2095-15","2016-06-14","NJA 2015 s. 1024","B 3277-15","2015-12-21"
"B 2095-15","2016-06-14","NJA 2008 s. 359","B 1735-07","2008-03-20"
"B 2095-15","2016-06-14","NJA 2014 s. 559","B 5484-13","2014-07-04"
"B 2095-15","2016-06-14","NJA 2003 s. 414","B 2100-02","2003-10-14"
"B 2095-15","2016-06-14","NJA 2014 s. 559","B 5484-13","2014-07-04"
"B 2095-15","2016-06-14","NJA 2008 s. 359","B 1735-07","2008-03-20"
"B 2095-15","2016-06-14","NJA 2015 s. 1024","B 3277-15","2015-12-21"
"B 2095-15","2016-06-14","NJA 2002 s. 256","B 4092-01","2002-05-14"
"B 2105-10","2011-09-30","NJA 2000 s. 457","B 4591-98","2000-10-06"
"B 2105-10","2011-09-30","NJA 1990 s. 361","B 745-89","1990-06-27"
"B 2105-10","2011-09-30","NJA 1990 s. 361","B 745-89","1990-06-27"
"B 2106-16","2017-11-20","NJA 2016 s. 649","B 5976-14","2016-06-22"
"B 2106-16","2017-11-20","NJA 2004 s. 786","B 432-04","2004-12-21"
"B 2106-16","2017-11-20","NJA 2017 s. 415","B 4368-16","2017-05-19"
"B 2130-11","2011-09-16","NJA 2011 s. 89","B 53-11","2011-04-19"
"B 2130-11","2011-09-16","NJA 1996 s. 509","B 3345-96","1996-10-02"
"B 2130-11","2011-09-16","NJA 1998 s. 86","B 4733-97","1998-02-27"
"B 2130-11","2011-09-16","NJA 2002 s. 449","B 329-02","2002-10-25"
"B 2130-11","2011-09-16","NJA 2004 s. 176","B 4189-03","2004-04-06"
"B 2130-11","2011-09-16","NJA 2004 s. 176","B 4189-03","2004-04-06"
"B 2130-11","2011-09-16","NJA 2011 s. 89","B 53-11","2011-04-19"
"B 2130-11","2011-09-16","NJA 2004 s. 176","B 4189-03","2004-04-06"
"B 2130-11","2011-09-16","NJA 2004 s. 176","B 4189-03","2004-04-06"
"B 2150-11","2011-10-20","NJA 2000 s. 521","T 2546-99","2000-10-17"
"B 2150-11","2011-10-20","NJA 2007 s. 953","T 4164-05","2007-12-04"
"B 2150-11","2011-10-20","NJA 2006 s. 738","B 5150-04","2006-12-29"
"B 2150-11","2011-10-20","NJA 2004 s. 26","T 453-03","2004-02-04"
"B 2150-11","2011-10-20","NJA 2005 s. 462","T 72-04","2005-06-09"
"B 2150-11","2011-10-20","NJA 2003 s. 414","B 2100-02","2003-10-14"
"B 2150-11","2011-10-20","NJA 2003 s. 323","B 2076-03","2003-09-01"
"B 2150-11","2011-10-20","NJA 2011 s. 444","B 5302-10","2011-06-29"
"B 2150-11","2011-10-20","NJA 2007 s. 1037","B 5039-06","2007-12-28"
"B 2150-11","2011-10-20","NJA 2003 s. 323","B 2076-03","2003-09-01"
"B 2150-11","2011-10-20","NJA 2007 s. 1037","B 5039-06","2007-12-28"
"B 2175-11","2011-06-30","NJA 1999 s. 25","B 3942-98","1999-02-15"
"B 2175-11","2011-06-30","NJA 1999 s. 25","B 3942-98","1999-02-15"
"B 2175-11","2011-06-30","NJA 2007 s. 973","B 4554-06","2007-12-10"
"B 2224-11","2012-12-20","NJA 2000 s. 256","B 321-00","2000-06-06"
"B 2224-11","2012-12-20","NJA 2000 s. 256","B 321-00","2000-06-06"
"B 2266-15","2015-12-30","NJA 2011 s. 357","B 5412-10","2011-06-16"
"B 2266-15","2015-12-30","NJA 1989 s. 564","B 320-89","1989-10-18"
"B 2266-15","2015-12-30","NJA 2010 s. 485","B 2377-09","2010-10-19"
"B 2266-15","2015-12-30","NJA 2011 s. 357","B 5412-10","2011-06-16"
"B 2268-15","2016-03-11","NJA 2014 s. 559","B 5484-13","2014-07-04"
"B 2268-15","2016-03-11","NJA 2010 s. 358","B 5521-09","2010-06-11"
"B 2268-15","2016-03-11","NJA 1996 s. 63","B 5430-95","1996-02-14"
"B 2268-15","2016-03-11","NJA 2011 s. 89","B 53-11","2011-04-19"
"B 2268-15","2016-03-11","NJA 2015 s. 826","B 186-14","2015-11-20"
"B 2268-15","2016-03-11","NJA 2014 s. 559","B 5484-13","2014-07-04"
"B 2268-15","2016-03-11","NJA 2007 s. 319","B 694-07","2007-05-15"
"B 2268-15","2016-03-11","NJA 2007 s. 319","B 694-07","2007-05-15"
"B 2350-10","2011-12-16","NJA 2009 s. 189","B 32-08","2009-04-17"
"B 2350-10","2011-12-16","NJA 2009 s. 189","B 32-08","2009-04-17"
"B 2350-10","2011-12-16","NJA 2009 s. 189","B 32-08","2009-04-17"
"B 2351-15","2015-12-17","NJA 2014 s. 990","B 1041-14","2014-12-23"
"B 2351-15","2015-12-17","NJA 2006 s. 79","B 4914-05","2006-03-07"
"B 2351-15","2015-12-17","NJA 2006 s. 79","B 3998-05","2006-03-07"
"B 2351-15","2015-12-17","NJA 2014 s. 990","B 1041-14","2014-12-23"
"B 2351-15","2015-12-17","NJA 2014 s. 990","B 1041-14","2014-12-23"
"B 2360-12","2013-06-25","NJA 2012 s. 849","B 5579-11","2012-12-05"
"B 2360-12","2013-06-25","NJA 2011 s. 357","B 5412-10","2011-06-16"
"B 2360-12","2013-06-25","NJA 1990 s. 351","B 780-89","1990-06-25"
"B 2521-11","2011-12-06","NJA 2004 s. 354","B 1699-03","2004-06-08"
"B 2521-11","2011-12-06","NJA 2011 s. 357","B 5412-10","2011-06-16"
"B 2521-11","2011-12-06","NJA 2011 s. 357","B 5412-10","2011-06-16"
"B 2521-11","2011-12-06","NJA 2004 s. 354","B 1699-03","2004-06-08"
"B 2521-11","2011-12-06","NJA 2011 s. 357","B 5412-10","2011-06-16"
"B 2521-11","2011-12-06","NJA 2011 s. 675","B 2613-11","2011-10-21"
"B 2521-11","2011-12-06","NJA 2011 s. 357","B 5412-10","2011-06-16"
"B 2535-11","2012-11-22","NJA 1994 s. 480","B 1156-92","1994-07-12"
"B 2535-11","2012-11-22","NJA 1994 s. 480","B 2048-15","2016-03-29"
"B 2590-16","2017-05-12","NJA 2016 s. 129","B 5692-14","2016-03-15"
"B 2590-16","2017-05-12","NJA 2008 s. 946","B 2669-07","2008-10-23"
"B 2590-16","2017-05-12","NJA 2013 s. 548","B 1195-13","2013-06-13"
"B 2590-16","2017-05-12","NJA 2016 s. 129","B 5692-14","2016-03-15"
"B 2590-16","2017-05-12","NJA 2008 s. 946","B 2669-07","2008-10-23"
"B 2590-16","2017-05-12","NJA 2008 s. 946","B 2669-07","2008-10-23"
"B 2590-16","2017-05-12","NJA 2016 s. 129","B 5692-14","2016-03-15"
"B 2590-16","2017-05-12","NJA 2012 s. 764","B 2535-11","2012-11-22"
"B 2590-16","2017-05-12","NJA 2008 s. 376","B 406-06","2008-03-28"
"B 2590-16","2017-05-12","NJA 1994 s. 480","B 1156-92","1994-07-12"
"B 2590-16","2017-05-12","NJA 1994 s. 480","B 2048-15","2016-03-29"
"B 2590-16","2017-05-12","NJA 2008 s. 946","B 2669-07","2008-10-23"
"B 2613-11","2011-10-21","NJA 2009 s. 485","B 5060-08","2009-07-09"
"B 2613-11","2011-10-21","NJA 2009 s. 485","B 4144-08","2009-07-09"
"B 2613-11","2011-10-21","NJA 2009 s. 485","B 3676-08","2009-07-09"
"B 2613-11","2011-10-21","NJA 2008 s. 359","B 1735-07","2008-03-20"
"B 2937-10","2010-12-28","NJA 1993 s. 616","B 3864-93","1993-11-24"
"B 2937-10","2010-12-28","NJA 1992 s. 446","B 1673-92","1992-07-02"
"B 2973-11","2011-10-18","NJA 2007 s. 774","B 2231-06","2007-10-30"
"B 2973-11","2011-10-18","NJA 2007 s. 774","B 2231-06","2007-10-30"
"B 3189-11","2012-10-25","NJA 2012 s. 16","B 5566-11","2012-01-31"
"B 3272-10","2012-05-09","NJA 2004 s. 840","B 2600-02","2004-12-28"
"B 3272-10","2012-05-09","NJA 2004 s. 840","B 948-03","2004-12-28"
"B 3272-10","2012-05-09","NJA 2004 s. 164","B 388-03","2004-04-02"
"B 3272-10","2012-05-09","NJA 2004 s. 164","B 388-03","2004-04-02"
"B 3272-10","2012-05-09","NJA 2006 s. 293","B 4929-04","2006-05-17"
"B 3272-10","2012-05-09","NJA 2006 s. 293","B 3506-04","2006-05-17"
"B 3272-10","2012-05-09","NJA 2004 s. 840","B 2600-02","2004-12-28"
"B 3272-10","2012-05-09","NJA 2004 s. 840","B 948-03","2004-12-28"
"B 3272-10","2012-05-09","NJA 2002 s. 607","B 3702-01","2002-11-25"
"B 3272-10","2012-05-09","NJA 2004 s. 840","B 2600-02","2004-12-28"
"B 3272-10","2012-05-09","NJA 2004 s. 840","B 948-03","2004-12-28"
"B 3277-15","2015-12-21","NJA 2000 s. 314","B 3231-99","2000-06-22"
"B 3277-15","2015-12-21","NJA 2013 s. 922","B 2089-12","2013-11-01"
"B 3277-15","2015-12-21","NJA 2000 s. 195","B 5400-99","2000-04-19"
"B 3277-15","2015-12-21","NJA 2014 s. 990","B 1041-14","2014-12-23"
"B 3277-15","2015-12-21","NJA 2014 s. 559","B 5484-13","2014-07-04"
"B 3277-15","2015-12-21","NJA 2008 s. 359","B 1735-07","2008-03-20"
"B 3277-15","2015-12-21","NJA 2000 s. 314","B 3231-99","2000-06-22"
"B 3277-15","2015-12-21","NJA 2014 s. 559","B 5484-13","2014-07-04"
"B 3277-15","2015-12-21","NJA 2000 s. 314","B 3231-99","2000-06-22"
"B 3277-15","2015-12-21","NJA 2000 s. 421","B 3066-00","2000-09-22"
"B 3277-15","2015-12-21","NJA 2013 s. 1155","B 5204-13","2013-12-20"
"B 3277-15","2015-12-21","NJA 2011 s. 89","B 53-11","2011-04-19"
"B 3361-10","2012-03-23","NJA 2008 s. 376","B 406-06","2008-03-28"
"B 3361-10","2012-03-23","NJA 1994 s. 480","B 1156-92","1994-07-12"
"B 3361-10","2012-03-23","NJA 1994 s. 480","B 2048-15","2016-03-29"
"B 3361-10","2012-03-23","NJA 1994 s. 480","B 1156-92","1994-07-12"
"B 3361-10","2012-03-23","NJA 1994 s. 480","B 2048-15","2016-03-29"
"B 3380-16","2016-12-22","NJA 1995 s. 226","B 721-95","1995-04-07"
"B 3380-16","2016-12-22","NJA 1999 s. 215","B 2060-98","1999-04-08"
"B 3380-16","2016-12-22","NJA 2004 s. 646","B 3863-04","2004-11-22"
"B 3380-16","2016-12-22","NJA 1999 s. 25","B 3942-98","1999-02-15"
"B 3380-16","2016-12-22","NJA 1985 s. 444","B 559-84","1985-06-07"
"B 3380-16","2016-12-22","NJA 2007 s. 973","B 4554-06","2007-12-10"
"B 3380-16","2016-12-22","NJA 1999 s. 380","B 4787-98","1999-06-11"
"B 3380-16","2016-12-22","NJA 1999 s. 25","B 3942-98","1999-02-15"
"B 3380-16","2016-12-22","NJA 1994 s. 732","B 4446-94","1994-12-22"
"B 3380-16","2016-12-22","NJA 2004 s. 840","B 2600-02","2004-12-28"
"B 3380-16","2016-12-22","NJA 2004 s. 840","B 948-03","2004-12-28"
"B 3380-16","2016-12-22","NJA 1999 s. 215","B 2060-98","1999-04-08"
"B 3380-16","2016-12-22","NJA 2004 s. 646","B 3863-04","2004-11-22"
"B 3380-16","2016-12-22","NJA 1999 s. 25","B 3942-98","1999-02-15"
"B 3380-16","2016-12-22","NJA 1995 s. 226","B 721-95","1995-04-07"
"B 3380-16","2016-12-22","NJA 1985 s. 444","B 559-84","1985-06-07"
"B 3380-16","2016-12-22","NJA 2008 s. 359","B 1735-07","2008-03-20"
"B 3380-16","2016-12-22","NJA 2007 s. 973","B 4554-06","2007-12-10"
"B 3380-16","2016-12-22","NJA 2006 s. 524","B 391-06","2006-09-13"
"B 3380-16","2016-12-22","NJA 2004 s. 646","B 3863-04","2004-11-22"
"B 3380-16","2016-12-22","NJA 1999 s. 25","B 3942-98","1999-02-15"
"B 3380-16","2016-12-22","NJA 1995 s. 226","B 721-95","1995-04-07"
"B 3510-11","2015-12-29","NJA 2004 s. 149","T 218-02","2004-04-02"
"B 355-12","2014-01-17","NJA 1996 s. 74","B 2985-94","1996-02-22"
"B 3559-11","2012-12-21","NJA 2011 s. 858","B 2350-10","2011-12-16"
"B 3667-15","2016-11-01","NJA 1995 s. 89","B 3004-93","1995-02-24"
"B 3667-15","2016-11-01","NJA 1995 s. 89","B 1430-94","1995-02-24"
"B 3667-15","2016-11-01","NJA 2012 s. 510","B 965-12","2012-07-11"
"B 3667-15","2016-11-01","NJA 2012 s. 70","B 4468-11","2012-03-09"
"B 3667-15","2016-11-01","NJA 2015 s. 1024","B 3277-15","2015-12-21"
"B 3667-15","2016-11-01","NJA 2013 s. 922","B 2089-12","2013-11-01"
"B 3667-15","2016-11-01","NJA 2000 s. 195","B 5400-99","2000-04-19"
"B 3667-15","2016-11-01","NJA 1995 s. 89","B 3004-93","1995-02-24"
"B 3667-15","2016-11-01","NJA 1995 s. 89","B 1430-94","1995-02-24"
"B 3667-15","2016-11-01","NJA 2012 s. 510","B 965-12","2012-07-11"
"B 3667-15","2016-11-01","NJA 2012 s. 510","B 965-12","2012-07-11"
"B 3667-15","2016-11-01","NJA 2012 s. 510","B 965-12","2012-07-11"
"B 3667-15","2016-11-01","NJA 2012 s. 70","B 4468-11","2012-03-09"
"B 3667-15","2016-11-01","NJA 2011 s. 357","B 5412-10","2011-06-16"
"B 3673-10","2012-05-11","NJA 2009 s. 559","B 3439-07","2009-09-29"
"B 3673-10","2012-05-11","NJA 2006 s. 339","B 5183-04","2006-05-31"
"B 3673-10","2012-05-11","NJA 1999 s. 561","B 2920-99","1999-09-13"
"B 3673-10","2012-05-11","NJA 2003 s. 645","B 1437-02","2003-12-22"
"B 3775-10","2012-04-20","NJA 2001 s. 618","B 4676-99","2001-10-12"
"B 3775-10","2012-04-20","NJA 2000 s. 190","B 93-00","2000-04-19"
"B 379-16","2016-07-14","NJA 2016 s. 3","B 4653-15","2016-02-03"
"B 379-16","2016-07-14","NJA 2011 s. 563","B 2130-11","2011-09-16"
"B 379-16","2016-07-14","NJA 2004 s. 176","B 4189-03","2004-04-06"
"B 379-16","2016-07-14","NJA 2004 s. 176","B 4189-03","2004-04-06"
"B 379-16","2016-07-14","NJA 2004 s. 479","B 1126-04","2004-07-02"
"B 379-16","2016-07-14","NJA 2004 s. 176","B 4189-03","2004-04-06"
"B 380-11","2013-01-22","NJA 1998 s. 838","B 4367-97","1998-12-21"
"B 380-11","2013-01-22","NJA 2003 s. 486","B 2740-03","2003-10-29"
"B 3851-11","2012-03-23","NJA 1999 s. 215","B 2060-98","1999-04-08"
"B 3851-11","2012-03-23","NJA 2004 s. 354","B 1699-03","2004-06-08"
"B 3851-11","2012-03-23","NJA 2011 s. 357","B 5412-10","2011-06-16"
"B 3851-11","2012-03-23","NJA 2012 s. 70","B 4468-11","2012-03-09"
"B 3851-11","2012-03-23","NJA 2011 s. 357","B 5412-10","2011-06-16"
"B 3851-11","2012-03-23","NJA 1992 s. 235","B 569-92","1992-04-10"
"B 3851-11","2012-03-23","NJA 2011 s. 357","B 5412-10","2011-06-16"
"B 3851-11","2012-03-23","NJA 2004 s. 354","B 1699-03","2004-06-08"
"B 3851-11","2012-03-23","NJA 2003 s. 339","B 2399-03","2003-09-05"
"B 3851-11","2012-03-23","NJA 2011 s. 799","B 2521-11","2011-12-06"
"B 3851-11","2012-03-23","NJA 2011 s. 675","B 2613-11","2011-10-21"
"B 3851-11","2012-03-23","NJA 2011 s. 357","B 5412-10","2011-06-16"
"B 3851-11","2012-03-23","NJA 2011 s. 357","B 5412-10","2011-06-16"
"B 3878-15","2017-06-12","NJA 2015 s. 386","B 1000-14","2015-06-12"
"B 3878-15","2017-06-12","NJA 2016 s. 540","B 3644-14","2016-06-14"
"B 3878-15","2017-06-12","NJA 2015 s. 1008","B 5187-14","2015-12-21"
"B 3878-15","2017-06-12","NJA 2014 s. 559","B 5484-13","2014-07-04"
"B 3878-15","2017-06-12","NJA 2014 s. 559","B 5484-13","2014-07-04"
"B 3878-15","2017-06-12","NJA 2014 s. 859","B 2489-13","2014-12-09"
"B 3878-15","2017-06-12","NJA 2015 s. 386","B 1000-14","2015-06-12"
"B 3878-15","2017-06-12","NJA 2014 s. 559","B 5484-13","2014-07-04"
"B 3878-15","2017-06-12","NJA 1992 s. 190","B 237-92","1992-03-26"
"B 3878-15","2017-06-12","NJA 2014 s. 559","B 5484-13","2014-07-04"
"B 3878-15","2017-06-12","NJA 2014 s. 859","B 2489-13","2014-12-09"
"B 3878-15","2017-06-12","NJA 2014 s. 559","B 5484-13","2014-07-04"
"B 410-15","2015-11-11","NJA 2013 s. 321","B 1346-11","2013-04-30"
"B 410-15","2015-11-11","NJA 2003 s. 414","B 2100-02","2003-10-14"
"B 4234-11","2012-03-07","NJA 2011 s. 563","B 2130-11","2011-09-16"
"B 4234-11","2012-03-07","NJA 2011 s. 89","B 53-11","2011-04-19"
"B 4234-11","2012-03-07","NJA 2009 s. 234","B 2219-08","2009-05-06"
"B 4234-11","2012-03-07","NJA 2005 s. 237","B 4456-04","2005-04-21"
"B 4234-11","2012-03-07","NJA 2002 s. 449","B 329-02","2002-10-25"
"B 4234-11","2012-03-07","NJA 2004 s. 176","B 4189-03","2004-04-06"
"B 4234-11","2012-03-07","NJA 2004 s. 176","B 4189-03","2004-04-06"
"B 4234-11","2012-03-07","NJA 2004 s. 176","B 4189-03","2004-04-06"
"B 4234-11","2012-03-07","NJA 2011 s. 563","B 2130-11","2011-09-16"
"B 4234-11","2012-03-07","NJA 2011 s. 563","B 2130-11","2011-09-16"
"B 4234-11","2012-03-07","NJA 2011 s. 563","B 2130-11","2011-09-16"
"B 4234-11","2012-03-07","NJA 2005 s. 237","B 4456-04","2005-04-21"
"B 4234-11","2012-03-07","NJA 1990 s. 210","B 717-89","1990-04-11"
"B 4234-11","2012-03-07","NJA 1990 s. 210","B 717-89","1990-04-11"
"B 4234-11","2012-03-07","NJA 2004 s. 702","B 3454-04","2004-12-02"
"B 4234-11","2012-03-07","NJA 2011 s. 563","B 2130-11","2011-09-16"
"B 4262-12","2013-12-20","NJA 2013 s. 654","B 2360-12","2013-06-25"
"B 4262-12","2013-12-20","NJA 1981 s. 718","B 246-79","1981-06-18"
"B 4262-12","2013-12-20","NJA 1995 s. 430","B 2585-92","1995-07-10"
"B 4262-12","2013-12-20","NJA 1981 s. 718","B 246-79","1981-06-18"
"B 4343-11","2012-03-26","NJA 2011 s. 357","B 5412-10","2011-06-16"
"B 4343-11","2012-03-26","NJA 2010 s. 592","B 1720-10","2010-11-29"
"B 4343-11","2012-03-26","NJA 2011 s. 357","B 5412-10","2011-06-16"
"B 4343-11","2012-03-26","NJA 2011 s. 799","B 2521-11","2011-12-06"
"B 4343-11","2012-03-26","NJA 2011 s. 675","B 2613-11","2011-10-21"
"B 4343-11","2012-03-26","NJA 2011 s. 357","B 5412-10","2011-06-16"
"B 4343-11","2012-03-26","NJA 2010 s. 592","B 1720-10","2010-11-29"
"B 4343-11","2012-03-26","NJA 2011 s. 357","B 5412-10","2011-06-16"
"B 4368-16","2017-05-19","NJA 2008 s. 1010","B 4684-07","2008-11-03"
"B 4368-16","2017-05-19","NJA 1989 s. 837","B 108-89","1989-12-22"
"B 4468-11","2012-03-09","NJA 2011 s. 357","B 5412-10","2011-06-16"
"B 4468-11","2012-03-09","NJA 2004 s. 354","B 1699-03","2004-06-08"
"B 4468-11","2012-03-09","NJA 2011 s. 799","B 2521-11","2011-12-06"
"B 4468-11","2012-03-09","NJA 2011 s. 357","B 5412-10","2011-06-16"
"B 4468-11","2012-03-09","NJA 2011 s. 799","B 2521-11","2011-12-06"
"B 4468-11","2012-03-09","NJA 2011 s. 357","B 5412-10","2011-06-16"
"B 4468-11","2012-03-09","NJA 2011 s. 357","B 5412-10","2011-06-16"
"B 4533-12","2014-04-25","NJA 2013 s. 1076","B 1174-13","2013-12-11"
"B 4533-12","2014-04-25","NJA 2013 s. 502","B 4946-12","2013-06-11"
"B 4533-12","2014-04-25","NJA 2013 s. 502","B 4946-12","2013-06-11"
"B 4533-12","2014-04-25","NJA 2013 s. 1076","B 1174-13","2013-12-11"
"B 4533-12","2014-04-25","NJA 2013 s. 502","B 4946-12","2013-06-11"
"B 4648-16","2017-04-13","NJA 2010 s. 671","B 2937-10","2010-12-28"
"B 4648-16","2017-04-13","NJA 2009 s. 447","B 1867-09","2009-07-03"
"B 4648-16","2017-04-13","NJA 2009 s. 447","B 1013-09","2009-07-03"
"B 4648-16","2017-04-13","NJA 2010 s. 671","B 2937-10","2010-12-28"
"B 4648-16","2017-04-13","NJA 2015 s. 702","B 4003-14","2015-11-04"
"B 4648-16","2017-04-13","NJA 2015 s. 702","B 4003-14","2015-11-04"
"B 4653-15","2016-02-03","NJA 2013 s. 376","B 5613-12","2013-05-28"
"B 4653-15","2016-02-03","NJA 2013 s. 376","B 5613-12","2013-05-28"
"B 4653-15","2016-02-03","NJA 2011 s. 89","B 53-11","2011-04-19"
"B 4653-15","2016-02-03","NJA 2011 s. 89","B 53-11","2011-04-19"
"B 4653-15","2016-02-03","NJA 2013 s. 376","B 5613-12","2013-05-28"
"B 4653-15","2016-02-03","NJA 2013 s. 376","B 5613-12","2013-05-28"
"B 4680-12","2013-02-15","NJA 2001 s. 894","B 366-01","2001-12-19"
"B 4680-12","2013-02-15","NJA 2010 s. 592","B 1720-10","2010-11-29"
"B 4680-12","2013-02-15","NJA 1997 s. 781","B 1044-97","1997-11-19"
"B 4680-12","2013-02-15","NJA 1998 s. 283","B 618-96","1998-05-18"
"B 4680-12","2013-02-15","NJA 2003 s. 414","B 2100-02","2003-10-14"
"B 4680-12","2013-02-15","NJA 1993 s. 310","B 707-93","1993-06-23"
"B 4680-12","2013-02-15","NJA 2001 s. 894","B 366-01","2001-12-19"
"B 4680-12","2013-02-15","NJA 2008 s. 359","B 1735-07","2008-03-20"
"B 4946-12","2013-06-11","NJA 2004 s. 510","B 4661-03","2004-08-30"
"B 4946-12","2013-06-11","NJA 2004 s. 510","B 3811-03","2004-08-30"
"B 4946-12","2013-06-11","NJA 2011 s. 444","B 5302-10","2011-06-29"
"B 4946-12","2013-06-11","NJA 2011 s. 444","B 5302-10","2011-06-29"
"B 5008-11","2012-03-14","NJA 2005 s. 674","B 4379-04","2005-10-19"
"B 5248-15","2017-02-08","NJA 2012 s. 650","B 5908-10","2012-10-31"
"B 5248-15","2017-02-08","NJA 2012 s. 650","B 5908-10","2012-10-31"
"B 5248-15","2017-02-08","NJA 2012 s. 849","B 5579-11","2012-12-05"
"B 5248-15","2017-02-08","NJA 2012 s. 650","B 5908-10","2012-10-31"
"B 5248-15","2017-02-08","NJA 2011 s. 357","B 5412-10","2011-06-16"
"B 5248-15","2017-02-08","NJA 2008 s. 653","B 301-08","2008-06-03"
"B 5248-15","2017-02-08","NJA 1997 s. 193","B 4379-96","1997-03-26"
"B 5248-15","2017-02-08","NJA 2015 s. 1024","B 3277-15","2015-12-21"
"B 5248-15","2017-02-08","NJA 2015 s. 1024","B 3277-15","2015-12-21"
"B 5248-15","2017-02-08","NJA 2014 s. 559","B 5484-13","2014-07-04"
"B 5248-15","2017-02-08","NJA 2008 s. 359","B 1735-07","2008-03-20"
"B 5248-15","2017-02-08","NJA 2000 s. 314","B 3231-99","2000-06-22"
"B 5248-15","2017-02-08","NJA 2012 s. 650","B 5908-10","2012-10-31"
"B 5248-15","2017-02-08","NJA 2012 s. 650","B 5908-10","2012-10-31"
"B 5248-15","2017-02-08","NJA 2012 s. 650","B 5908-10","2012-10-31"
"B 5248-15","2017-02-08","NJA 2014 s. 559","B 5484-13","2014-07-04"
"B 5248-15","2017-02-08","NJA 2008 s. 359","B 1735-07","2008-03-20"
"B 5248-15","2017-02-08","NJA 2000 s. 314","B 3231-99","2000-06-22"
"B 5248-15","2017-02-08","NJA 1997 s. 193","B 4379-96","1997-03-26"
"B 5248-15","2017-02-08","NJA 2016 s. 279","B 5298-14","2016-04-22"
"B 5248-15","2017-02-08","NJA 2012 s. 510","B 965-12","2012-07-11"
"B 5248-15","2017-02-08","NJA 2011 s. 357","B 5412-10","2011-06-16"
"B 5248-15","2017-02-08","NJA 2011 s. 357","B 5412-10","2011-06-16"
"B 5248-15","2017-02-08","NJA 2016 s. 279","B 5298-14","2016-04-22"
"B 5248-15","2017-02-08","NJA 2013 s. 321","B 1346-11","2013-04-30"
"B 5248-15","2017-02-08","NJA 2011 s. 357","B 5412-10","2011-06-16"
"B 5248-15","2017-02-08","NJA 2016 s. 279","B 5298-14","2016-04-22"
"B 5248-15","2017-02-08","NJA 2012 s. 849","B 5579-11","2012-12-05"
"B 5248-15","2017-02-08","NJA 2013 s. 321","B 1346-11","2013-04-30"
"B 5248-15","2017-02-08","NJA 2012 s. 849","B 5579-11","2012-12-05"
"B 5248-15","2017-02-08","NJA 2012 s. 650","B 5908-10","2012-10-31"
"B 5248-15","2017-02-08","NJA 2012 s. 510","B 965-12","2012-07-11"
"B 5248-15","2017-02-08","NJA 2011 s. 357","B 5412-10","2011-06-16"
"B 53-11","2011-04-19","NJA 2008 s. 1010","B 4684-07","2008-11-03"
"B 5373-15","2016-03-31","NJA 2004 s. 204","B 2129-02","2004-04-08"
"B 5373-15","2016-03-31","NJA 2004 s. 204","B 2129-02","2004-04-08"
"B 5373-15","2016-03-31","NJA 2001 s. 129","B 390-00","2001-03-14"
"B 5373-15","2016-03-31","NJA 2004 s. 204","B 2129-02","2004-04-08"
"B 5373-15","2016-03-31","NJA 2001 s. 129","B 390-00","2001-03-14"
"B 5373-15","2016-03-31","NJA 2004 s. 204","B 2129-02","2004-04-08"
"B 5373-15","2016-03-31","NJA 2001 s. 129","B 390-00","2001-03-14"
"B 5373-15","2016-03-31","NJA 2001 s. 129","B 390-00","2001-03-14"
"B 5373-15","2016-03-31","NJA 2010 s. 374","B 4411-09","2010-06-18"
"B 5373-15","2016-03-31","NJA 2001 s. 214","B 4868-99","2001-04-10"
"B 5373-15","2016-03-31","NJA 2004 s. 204","B 2129-02","2004-04-08"
"B 5373-15","2016-03-31","NJA 2004 s. 204","B 2129-02","2004-04-08"
"B 5373-15","2016-03-31","NJA 2001 s. 129","B 390-00","2001-03-14"
"B 5412-10","2011-06-16","NJA 1992 s. 235","B 569-92","1992-04-10"
"B 5412-10","2011-06-16","NJA 2010 s. 592","B 1720-10","2010-11-29"
"B 5412-10","2011-06-16","NJA 1998 s. 512","B 2521-98","1998-09-08"
"B 5412-10","2011-06-16","NJA 2003 s. 339","B 2399-03","2003-09-05"
"B 5412-10","2011-06-16","NJA 2002 s. 365","B 1193-02","2002-06-17"
"B 5412-10","2011-06-16","NJA 1998 s. 24","B 3304-97","1998-01-30"
"B 5412-10","2011-06-16","NJA 1992 s. 235","B 569-92","1992-04-10"
"B 5412-10","2011-06-16","NJA 2008 s. 653","B 301-08","2008-06-03"
"B 5412-10","2011-06-16","NJA 2004 s. 354","B 1699-03","2004-06-08"
"B 5579-11","2012-12-05","NJA 2012 s. 650","B 5908-10","2012-10-31"
"B 5579-11","2012-12-05","NJA 2008 s. 653","B 301-08","2008-06-03"
"B 5579-11","2012-12-05","NJA 2008 s. 359","B 1735-07","2008-03-20"
"B 5579-11","2012-12-05","NJA 2000 s. 314","B 3231-99","2000-06-22"
"B 5579-11","2012-12-05","NJA 2012 s. 650","B 5908-10","2012-10-31"
"B 5579-11","2012-12-05","NJA 2011 s. 357","B 5412-10","2011-06-16"
"B 5579-11","2012-12-05","NJA 2012 s. 650","B 5908-10","2012-10-31"
"B 5579-11","2012-12-05","NJA 2012 s. 510","B 965-12","2012-07-11"
"B 5579-11","2012-12-05","NJA 2012 s. 115","B 3851-11","2012-03-23"
"B 5579-11","2012-12-05","NJA 2011 s. 357","B 5412-10","2011-06-16"
"B 5613-12","2013-05-28","NJA 2004 s. 702","B 3454-04","2004-12-02"
"B 5613-12","2013-05-28","NJA 2011 s. 89","B 53-11","2011-04-19"
"B 5689-12","2013-05-28","NJA 2008 s. 359","B 1735-07","2008-03-20"
"B 5689-12","2013-05-28","NJA 2012 s. 535","B 1018-12","2012-07-17"
"B 5908-10","2012-10-31","NJA 2012 s. 535","B 1018-12","2012-07-17"
"B 5908-10","2012-10-31","NJA 2001 s. 570","B 1793-00","2001-09-26"
"B 5908-10","2012-10-31","NJA 2011 s. 357","B 5412-10","2011-06-16"
"B 5908-10","2012-10-31","NJA 2001 s. 86","B 1767-00","2001-02-27"
"B 5908-10","2012-10-31","NJA 2008 s. 359","B 1735-07","2008-03-20"
"B 5908-10","2012-10-31","NJA 2000 s. 314","B 3231-99","2000-06-22"
"B 5908-10","2012-10-31","NJA 2008 s. 653","B 301-08","2008-06-03"
"B 5908-10","2012-10-31","NJA 2011 s. 357","B 5412-10","2011-06-16"
"B 5908-10","2012-10-31","NJA 1997 s. 522","B 5045-96","1997-07-11"
"B 5908-10","2012-10-31","NJA 2012 s. 510","B 965-12","2012-07-11"
"B 5908-10","2012-10-31","NJA 2012 s. 510","B 965-12","2012-07-11"
"B 5908-10","2012-10-31","NJA 2011 s. 357","B 5412-10","2011-06-16"
"B 5937-16","2017-12-22","NJA 2006 s. 457","B 4823-04","2006-07-04"
"B 5960-10","2012-12-03","NJA 2005 s. 661","B 3742-03","2005-10-18"
"B 5960-10","2012-12-03","NJA 2008 s. 359","B 1735-07","2008-03-20"
"B 5960-10","2012-12-03","NJA 2007 s. 929","B 961-07","2007-11-30"
"B 5960-10","2012-12-03","NJA 2008 s. 697","B 378-07","2008-06-11"
"B 5960-10","2012-12-03","NJA 2009 s. 3","B 1296-08","2009-01-13"
"B 5960-10","2012-12-03","NJA 2008 s. 697","B 378-07","2008-06-11"
"B 5960-10","2012-12-03","NJA 1993 s. 687","B 2154-92","1993-12-02"
"B 5960-10","2012-12-03","NJA 2008 s. 697","B 378-07","2008-06-11"
"B 5960-10","2012-12-03","NJA 2006 s. 577","B 1256-06","2006-10-19"
"B 5960-10","2012-12-03","NJA 1984 s. 922","B 646-84","1984-12-27"
"B 6067-15","2017-02-24","NJA 2016 s. 3","B 4653-15","2016-02-03"
"B 6067-15","2017-02-24","NJA 2012 s. 79","B 5008-11","2012-03-14"
"B 6067-15","2017-02-24","NJA 2012 s. 79","B 5008-11","2012-03-14"
"B 6067-15","2017-02-24","NJA 2014 s. 559","B 5484-13","2014-07-04"
"B 6067-15","2017-02-24","NJA 2015 s. 895","B 3480-14","2015-12-14"
"B 6067-15","2017-02-24","NJA 1992 s. 653","B 1701-92","1992-11-23"
"B 6067-15","2017-02-24","NJA 1993 s. 310","B 707-93","1993-06-23"
"B 6067-15","2017-02-24","NJA 2012 s. 79","B 5008-11","2012-03-14"
"B 6067-15","2017-02-24","NJA 2015 s. 895","B 3480-14","2015-12-14"
"B 6067-15","2017-02-24","NJA 2003 s. 495","B 3546-03","2003-11-03"
"B 6067-15","2017-02-24","NJA 2014 s. 559","B 5484-13","2014-07-04"
"B 6067-15","2017-02-24","NJA 2014 s. 559","B 5484-13","2014-07-04"
"B 6278-15","2016-10-10","NJA 2013 s. 376","B 5613-12","2013-05-28"
"B 6278-15","2016-10-10","NJA 2016 s. 3","B 4653-15","2016-02-03"
"B 6278-15","2016-10-10","NJA 2013 s. 376","B 5613-12","2013-05-28"
"B 6278-15","2016-10-10","NJA 2011 s. 89","B 53-11","2011-04-19"
"B 6278-15","2016-10-10","NJA 2013 s. 376","B 5613-12","2013-05-28"
"B 6278-15","2016-10-10","NJA 2016 s. 3","B 4653-15","2016-02-03"
"B 6315-15","2016-06-09","NJA 2002 s. 342","B 381-02","2002-06-14"
"B 6315-15","2016-06-09","NJA 1997 s. 186","B 5364-96","1997-03-25"
"B 6315-15","2016-06-09","NJA 2002 s. 336","B 3639-01","2002-06-13"
"B 6315-15","2016-06-09","NJA 1997 s. 186","B 5364-96","1997-03-25"
"B 6315-15","2016-06-09","NJA 2004 s. 164","B 388-03","2004-04-02"
"B 6315-15","2016-06-09","NJA 2002 s. 336","B 3639-01","2002-06-13"
"B 6315-15","2016-06-09","NJA 2002 s. 342","B 381-02","2002-06-14"
"B 965-12","2012-07-11","NJA 2011 s. 357","B 5412-10","2011-06-16"
"B 965-12","2012-07-11","NJA 2012 s. 70","B 4468-11","2012-03-09"
"B 965-12","2012-07-11","NJA 2011 s. 357","B 5412-10","2011-06-16"
"B 965-12","2012-07-11","NJA 2011 s. 357","B 5412-10","2011-06-16"
"B 965-12","2012-07-11","NJA 2011 s. 799","B 2521-11","2011-12-06"
"B 965-12","2012-07-11","NJA 2011 s. 357","B 5412-10","2011-06-16"
"B 965-12","2012-07-11","NJA 2008 s. 653","B 301-08","2008-06-03"
"B 965-12","2012-07-11","NJA 2004 s. 354","B 1699-03","2004-06-08"
"B 965-12","2012-07-11","NJA 2011 s. 357","B 5412-10","2011-06-16"
"B 965-12","2012-07-11","NJA 2012 s. 115","B 3851-11","2012-03-23"
"B 965-12","2012-07-11","NJA 2011 s. 357","B 5412-10","2011-06-16"
"B 965-12","2012-07-11","NJA 2004 s. 354","B 1699-03","2004-06-08"
"B 965-12","2012-07-11","NJA 2003 s. 339","B 2399-03","2003-09-05"
"B 965-12","2012-07-11","NJA 2012 s. 144","B 4343-11","2012-03-26"
"B 965-12","2012-07-11","NJA 2011 s. 799","B 2521-11","2011-12-06"
"B 965-12","2012-07-11","NJA 2011 s. 675","B 2613-11","2011-10-21"
"B 965-12","2012-07-11","NJA 2011 s. 357","B 5412-10","2011-06-16"
"B 965-12","2012-07-11","NJA 2011 s. 675","B 2613-11","2011-10-21"
"B 990-11","2012-06-15","NJA 2007 s. 805","B 2673-06","2007-11-07"
"B 990-11","2012-06-15","NJA 2007 s. 805","B 2115-06","2007-11-07"
"B 995-12","2012-12-13","NJA 2007 s. 973","B 4554-06","2007-12-10"
"B 995-12","2012-12-13","NJA 2007 s. 973","B 4554-06","2007-12-10"
"T 1011-16","2017-04-05","NJA 2009 s. 291","T 443-08","2009-05-27"
"T 1011-16","2017-04-05","NJA 2007 s. 35","T 3084-05","2007-02-09"
"T 1011-16","2017-04-05","NJA 2013 s. 253","T 881-12","2013-04-04"
"T 1011-16","2017-04-05","NJA 2006 s. 53","T 563-03","2006-02-24"
"T 1011-16","2017-04-05","NJA 2001 s. 750","T 4254-00","2001-11-20"
"T 1011-16","2017-04-05","NJA 1997 s. 832","T 1543-96","1997-12-19"
"T 1011-16","2017-04-05","NJA 1997 s. 832","T 1543-96","1997-12-19"
"T 1011-16","2017-04-05","NJA 2007 s. 35","T 3084-05","2007-02-09"
"T 1011-16","2017-04-05","NJA 2013 s. 253","T 881-12","2013-04-04"
"T 1011-16","2017-04-05","NJA 2006 s. 53","T 563-03","2006-02-24"
"T 1011-16","2017-04-05","NJA 2001 s. 750","T 4254-00","2001-11-20"
"T 1030-12","2013-06-13","NJA 2012 s. 858","T 5779-10","2012-12-13"
"T 1050-16","2017-07-05","NJA 2009 s. 355","T 2639-07","2009-06-11"
"T 1050-16","2017-07-05","NJA 2009 s. 355","T 2639-07","2009-06-11"
"T 1050-16","2017-07-05","NJA 2013 s. 253","T 881-12","2013-04-04"
"T 1050-16","2017-07-05","NJA 2009 s. 355","T 2639-07","2009-06-11"
"T 1074-12","2013-12-23","NJA 2009 s. 388","T 5042-06","2009-06-12"
"T 1074-12","2013-12-23","NJA 2012 s. 725","T 1144-11","2012-11-12"
"T 1076-12","2013-12-19","NJA 2007 s. 1018","T 4828-04","2007-12-28"
"T 1076-12","2013-12-19","NJA 2007 s. 303","T 871-05","2007-05-11"
"T 1076-12","2013-12-19","NJA 1981 s. 675","T 120-79","1981-05-25"
"T 1076-12","2013-12-19","NJA 2011 s. 27","T 5286-08","2011-03-18"
"T 1144-11","2012-11-12","NJA 2001 s. 878","T 3134-98","2001-12-19"
"T 1144-11","2012-11-12","NJA 2005 s. 608","T 4136-03","2005-09-12"
"T 1144-11","2012-11-12","NJA 1989 s. 614","T 109-89","1989-10-27"
"T 1181-15","2016-03-23","NJA 2007 s. 879","T 5180-04","2007-11-27"
"T 1212-10","2011-09-21","NJA 1990 s. 705","T 191-89","1990-12-03"
"T 1238-11","2013-04-04","NJA 2008 s. 826","T 2684-07","2008-07-18"
"T 1238-11","2013-04-04","NJA 2004 s. 397","T 2565-02","2004-06-15"
"T 1238-11","2013-04-04","NJA 2002 s. 142","T 2877-00","2002-03-20"
"T 1238-11","2013-04-04","NJA 2008 s. 826","T 2684-07","2008-07-18"
"T 1238-11","2013-04-04","NJA 2004 s. 397","T 2565-02","2004-06-15"
"T 13-10","2011-04-11","NJA 2010 s. 467","T 4904-08","2010-09-16"
"T 1305-11","2012-12-21","NJA 2007 s. 35","T 3084-05","2007-02-09"
"T 1305-11","2012-12-21","NJA 1990 s. 331","T 270-89","1990-06-15"
"T 1310-12","2014-10-10","NJA 2013 s. 659","T 162-11","2013-06-26"
"T 1310-12","2014-10-10","NJA 2013 s. 659","T 162-11","2013-06-26"
"T 1310-12","2014-10-10","NJA 2002 s. 244","T 4247-98","2002-05-08"
"T 1390-12","2013-07-02","NJA 2008 s. 642","T 3070-06","2008-05-27"
"T 1427-12","2014-02-28","NJA 1994 s. 480","B 1156-92","1994-07-12"
"T 1427-12","2014-02-28","NJA 1994 s. 480","B 2048-15","2016-03-29"
"T 1440-11","2012-06-08","NJA 1997 s. 572","T 3839-94","1997-09-04"
"T 1440-11","2012-06-08","NJA 1997 s. 315","T 2815-95","1997-05-21"
"T 1440-11","2012-06-08","NJA 1997 s. 572","T 3839-94","1997-09-04"
"T 1440-11","2012-06-08","NJA 1997 s. 315","T 2815-95","1997-05-21"
"T 14702-12","2013-11-20","NJA 2013 s. 700","T 1390-12","2013-07-02"
"T 14702-12","2013-11-20","NJA 2013 s. 700","T 1390-12","2013-07-02"
"T 153-11","2012-11-28","NJA 2009 s. 64","T 4474-07","2009-02-19"
"T 153-11","2012-11-28","NJA 1975 s. 577","T 487-13","2014-04-23"
"T 153-11","2012-11-28","NJA 1993 s. 13","T 279-90","1993-02-08"
"T 153-11","2012-11-28","NJA 1989 s. 614","T 109-89","1989-10-27"
"T 1555-12","2013-06-14","NJA 2001 s. 742","T 875-00","2001-11-16"
"T 1555-12","2013-06-14","NJA 2006 s. 79","B 4914-05","2006-03-07"
"T 1555-12","2013-06-14","NJA 2006 s. 79","B 3998-05","2006-03-07"
"T 1555-12","2013-06-14","NJA 2007 s. 201","B 415-07","2007-03-30"
"T 1555-12","2013-06-14","NJA 2006 s. 79","B 4914-05","2006-03-07"
"T 1555-12","2013-06-14","NJA 2006 s. 79","B 3998-05","2006-03-07"
"T 1555-12","2013-06-14","NJA 2001 s. 742","T 875-00","2001-11-16"
"T 1586-16","2017-07-06","NJA 2016 s. 142","T 6198-14","2016-03-23"
"T 1586-16","2017-07-06","NJA 2007 s. 997","T 1851-05","2007-12-27"
"T 1586-16","2017-07-06","NJA 2016 s. 142","T 6198-14","2016-03-23"
"T 1637-12","2013-10-31","NJA 2013 s. 51","T 3508-11","2013-02-15"
"T 1637-12","2013-10-31","NJA 2008 s. 406","T 2113-06","2008-03-28"
"T 1637-12","2013-10-31","NJA 2013 s. 51","T 3508-11","2013-02-15"
"T 1637-12","2013-10-31","NJA 2013 s. 51","T 3508-11","2013-02-15"
"T 1637-12","2013-10-31","NJA 2007 s. 349","T 2883-04","2007-05-31"
"T 1637-12","2013-10-31","NJA 2000 s. 712","T 2417-98","2000-12-22"
"T 176-12","2014-11-28","NJA 2009 s. 16","T 4133-06","2009-02-03"
"T 176-12","2014-11-28","NJA 2001 s. 711","T 181-00","2001-11-06"
"T 176-12","2014-11-28","NJA 2009 s. 16","T 4133-06","2009-02-03"
"T 176-12","2014-11-28","NJA 2001 s. 711","T 181-00","2001-11-06"
"T 1834-15","2016-07-05","NJA 1982 s. 691","T 121-79","1982-11-02"
"T 1834-15","2016-07-05","NJA 1982 s. 691","T 121-79","1982-11-02"
"T 1834-15","2016-07-05","NJA 2012 s. 1095","T 3679-11","2012-12-21"
"T 1834-15","2016-07-05","NJA 2014 s. 960","T 511-13","2014-12-23"
"T 1834-15","2016-07-05","NJA 2001 s. 750","T 4254-00","2001-11-20"
"T 1834-15","2016-07-05","NJA 1986 s. 366","T 351-84","1986-07-01"
"T 1882-11","2012-12-13","NJA 2009 s. 291","T 443-08","2009-05-27"
"T 1882-11","2012-12-13","NJA 2009 s. 291","T 443-08","2009-05-27"
"T 2085-12","2013-03-25","NJA 2007 s. 125","T 2269-04","2007-02-23"
"T 2085-12","2013-03-25","NJA 2007 s. 125","T 2269-04","2007-02-23"
"T 2104-12","2013-06-14","NJA 2012 s. 790","T 4982-11","2012-11-23"
"T 2104-12","2013-06-14","NJA 2012 s. 790","T 4982-11","2012-11-23"
"T 2139-12","2013-12-27","NJA 1985 s. 696","T 398-84","1985-11-13"
"T 2139-12","2013-12-27","NJA 1985 s. 696","T 103-84","1985-11-13"
"T 2139-12","2013-12-27","NJA 2013 s. 145","T 2847-11","2013-03-27"
"T 2139-12","2013-12-27","NJA 2001 s. 755","T 351-01","2001-11-28"
"T 2139-12","2013-12-27","NJA 1990 s. 705","T 191-89","1990-12-03"
"T 2139-12","2013-12-27","NJA 1985 s. 696","T 398-84","1985-11-13"
"T 2139-12","2013-12-27","NJA 1985 s. 696","T 103-84","1985-11-13"
"T 2139-12","2013-12-27","NJA 2001 s. 755","T 351-01","2001-11-28"
"T 2139-12","2013-12-27","NJA 2013 s. 842","T 5180-11","2013-10-18"
"T 2139-12","2013-12-27","NJA 2010 s. 112","T 227-08","2010-03-04"
"T 2139-12","2013-12-27","NJA 2007 s. 891","T 2246-05","2007-11-28"
"T 2139-12","2013-12-27","NJA 2007 s. 862","T 14182-02","2007-11-22"
"T 2139-12","2013-12-27","NJA 2013 s. 145","T 2847-11","2013-03-27"
"T 2139-12","2013-12-27","NJA 2013 s. 842","T 5180-11","2013-10-18"
"T 2139-12","2013-12-27","NJA 2010 s. 112","T 227-08","2010-03-04"
"T 2139-12","2013-12-27","NJA 1994 s. 654","T 5276-93","1994-11-21"
"T 2139-12","2013-12-27","NJA 2001 s. 755","T 351-01","2001-11-28"
"T 2139-12","2013-12-27","NJA 2001 s. 755","T 351-01","2001-11-28"
"T 2194-15","2016-06-16","NJA 2015 s. 1008","B 5187-14","2015-12-21"
"T 2194-15","2016-06-16","NJA 2015 s. 86","T 5670-13","2015-03-01"
"T 2194-15","2016-06-16","NJA 2014 s. 499","T 3592-13","2014-06-26"
"T 2194-15","2016-06-16","NJA 2015 s. 1008","B 5187-14","2015-12-21"
"T 2194-15","2016-06-16","NJA 2015 s. 86","T 5670-13","2015-03-01"
"T 2194-15","2016-06-16","NJA 2009 s. 776","B 1354-07","2009-11-19"
"T 230-15","2017-02-07","NJA 1998 s. 873","T 1441-97","1998-12-23"
"T 230-15","2017-02-07","NJA 2000 s. 325","T 2973-98","2000-06-27"
"T 230-15","2017-02-07","NJA 2006 s. 367","T 1559-04","2006-06-08"
"T 230-15","2017-02-07","NJA 2005 s. 180","T 2934-03","2005-04-01"
"T 230-15","2017-02-07","NJA 2014 s. 272","T 3420-12","2014-04-17"
"T 230-15","2017-02-07","NJA 2005 s. 180","T 2934-03","2005-04-01"
"T 230-15","2017-02-07","NJA 1998 s. 633","T 1038-97","1998-11-06"
"T 2386-12","2014-04-03","NJA 1997 s. 250","T 4121-94","1997-05-07"
"T 2386-12","2014-04-03","NJA 1998 s. 252","T 313-97","1998-04-23"
"T 2386-12","2014-04-03","NJA 1998 s. 252","T 313-97","1998-04-23"
"T 2386-12","2014-04-03","NJA 1997 s. 250","T 4121-94","1997-05-07"
"T 2386-12","2014-04-03","NJA 1998 s. 252","T 313-97","1998-04-23"
"T 2386-12","2014-04-03","NJA 1997 s. 250","T 4121-94","1997-05-07"
"T 2386-12","2014-04-03","NJA 1998 s. 252","T 313-97","1998-04-23"
"T 2386-12","2014-04-03","NJA 1997 s. 250","T 4121-94","1997-05-07"
"T 2394-11","2013-04-17","NJA 2002 s. 630","T 4406-01","2002-12-16"
"T 2394-11","2013-04-17","NJA 2009 s. 388","T 5042-06","2009-06-12"
"T 2394-11","2013-04-17","NJA 2012 s. 597","T 5670-10","2012-10-11"
"T 240-12","2014-01-10","NJA 1990 s. 705","T 191-89","1990-12-03"
"T 240-12","2014-01-10","NJA 2011 s. 576","T 1212-10","2011-09-21"
"T 240-12","2014-01-10","NJA 2011 s. 576","T 1212-10","2011-09-21"
"T 240-12","2014-01-10","NJA 2000 s. 225","T 4167-98","2000-05-26"
"T 240-12","2014-01-10","NJA 2001 s. 750","T 4254-00","2001-11-20"
"T 2437-12","2013-06-13","NJA 1993 s. 222","T 175-92","1993-05-26"
"T 2640-12","2014-07-09","NJA 1997 s. 418","T 2-95","1997-06-24"
"T 2640-12","2014-07-09","NJA 1997 s. 418","T 2-95","1997-06-24"
"T 2640-12","2014-07-09","NJA 1997 s. 418","T 2-95","1997-06-24"
"T 281-11","2013-06-19","NJA 2008 s. 826","T 2684-07","2008-07-18"
"T 281-11","2013-06-19","NJA 2002 s. 142","T 2877-00","2002-03-20"
"T 281-11","2013-06-19","NJA 1981 s. 693","T 78-79","1981-06-10"
"T 281-11","2013-06-19","NJA 2013 s. 242","T 1238-11","2013-04-04"
"T 281-11","2013-06-19","NJA 2004 s. 397","T 2565-02","2004-06-15"
"T 281-11","2013-06-19","NJA 2002 s. 142","T 2877-00","2002-03-20"
"T 281-11","2013-06-19","NJA 2002 s. 3","T 2667-00","2002-01-02"
"T 281-11","2013-06-19","NJA 1981 s. 693","T 78-79","1981-06-10"
"T 281-11","2013-06-19","NJA 2008 s. 826","T 2684-07","2008-07-18"
"T 281-11","2013-06-19","NJA 2002 s. 142","T 2877-00","2002-03-20"
"T 281-11","2013-06-19","NJA 2013 s. 242","T 1238-11","2013-04-04"
"T 281-11","2013-06-19","NJA 2008 s. 826","T 2684-07","2008-07-18"
"T 281-11","2013-06-19","NJA 2002 s. 142","T 2877-00","2002-03-20"
"T 281-11","2013-06-19","NJA 2013 s. 242","T 1238-11","2013-04-04"
"T 281-11","2013-06-19","NJA 2008 s. 826","T 2684-07","2008-07-18"
"T 281-11","2013-06-19","NJA 2004 s. 397","T 2565-02","2004-06-15"
"T 281-11","2013-06-19","NJA 2002 s. 142","T 2877-00","2002-03-20"
"T 281-11","2013-06-19","NJA 2002 s. 142","T 2877-00","2002-03-20"
"T 281-11","2013-06-19","NJA 2003 s. 302","T 3406-02","2003-06-25"
"T 281-11","2013-06-19","NJA 1981 s. 693","T 78-79","1981-06-10"
"T 281-11","2013-06-19","NJA 1981 s. 693","T 78-79","1981-06-10"
"T 281-11","2013-06-19","NJA 2002 s. 142","T 2877-00","2002-03-20"
"T 281-11","2013-06-19","NJA 2002 s. 142","T 2877-00","2002-03-20"
"T 2841-15","2016-12-15","NJA 2016 s. 625","T 3593-14","2016-06-20"
"T 2841-15","2016-12-15","NJA 2016 s. 625","T 3593-14","2016-06-20"
"T 2841-15","2016-12-15","NJA 2016 s. 625","T 3593-14","2016-06-20"
"T 2841-15","2016-12-15","NJA 2016 s. 625","T 3593-14","2016-06-20"
"T 2841-15","2016-12-15","NJA 2016 s. 625","T 3593-14","2016-06-20"
"T 2841-15","2016-12-15","NJA 2016 s. 625","T 3593-14","2016-06-20"
"T 2841-15","2016-12-15","NJA 2016 s. 625","T 3593-14","2016-06-20"
"T 2847-11","2013-03-27","NJA 1981 s. 683","T 368-79","1981-06-04"
"T 2878-12","2014-06-18","NJA 2012 s. 597","T 5670-10","2012-10-11"
"T 2934-15","2016-06-14","NJA 2014 s. 425","T 5926-11","2014-06-12"
"T 2934-15","2016-06-14","NJA 2007 s. 879","T 5180-04","2007-11-27"
"T 2938-12","2013-12-30","NJA 2000 s. 404","T 1674-99","2000-09-06"
"T 2947-16","2017-04-20","NJA 2017 s. 9","T 230-15","2017-02-07"
"T 2947-16","2017-04-20","NJA 2017 s. 9","T 230-15","2017-02-07"
"T 2947-16","2017-04-20","NJA 2017 s. 9","T 230-15","2017-02-07"
"T 2947-16","2017-04-20","NJA 2017 s. 9","T 230-15","2017-02-07"
"T 2947-16","2017-04-20","NJA 2012 s. 725","T 1144-11","2012-11-12"
"T 3034-15","2017-02-24","NJA 1997 s. 65","T 2711-95","1997-02-18"
"T 3034-15","2017-02-24","NJA 1981 s. 400","T 206-79","1981-03-11"
"T 3034-15","2017-02-24","NJA 2007 s. 962","T 2403-06","2007-12-04"
"T 3034-15","2017-02-24","NJA 2007 s. 962","T 2403-06","2007-12-04"
"T 3034-15","2017-02-24","NJA 2007 s. 962","T 2403-06","2007-12-04"
"T 3075-12","2014-06-13","NJA 1995 s. 13","T 2080-93","1995-01-30"
"T 309-16","2016-12-20","NJA 2011 s. 739","T 3855-10","2011-11-07"
"T 309-16","2016-12-20","NJA 2009 s. 182","T 4750-07","2009-04-16"
"T 309-16","2016-12-20","NJA 2011 s. 739","T 3855-10","2011-11-07"
"T 309-16","2016-12-20","NJA 2011 s. 524","B 1661-10","2011-08-30"
"T 309-16","2016-12-20","NJA 1993 s. 274","B 2321-92","1993-06-14"
"T 309-16","2016-12-20","NJA 1992 s. 763","B 1192-92","1992-12-10"
"T 309-16","2016-12-20","NJA 2011 s. 739","T 3855-10","2011-11-07"
"T 309-16","2016-12-20","NJA 2011 s. 739","T 3855-10","2011-11-07"
"T 309-16","2016-12-20","NJA 2011 s. 739","T 3855-10","2011-11-07"
"T 309-16","2016-12-20","NJA 2011 s. 739","T 3855-10","2011-11-07"
"T 309-16","2016-12-20","NJA 2011 s. 739","T 3855-10","2011-11-07"
"T 3108-10","2012-06-13","NJA 2008 s. 826","T 2684-07","2008-07-18"
"T 3108-10","2012-06-13","NJA 1981 s. 693","T 78-79","1981-06-10"
"T 31582-12","2013-06-18","NJA 2008 s. 339","T 593-06","2008-03-19"
"T 3174-16","2017-08-18","NJA 2013 s. 711","T 81-12","2013-07-04"
"T 3174-16","2017-08-18","NJA 2013 s. 711","T 81-12","2013-07-04"
"T 3322-11","2012-06-20","NJA 1990 s. 808","T 103-90","1990-12-27"
"T 3322-11","2012-06-20","NJA 1990 s. 808","T 103-90","1990-12-27"
"T 3420-12","2014-04-17","NJA 1996 s. 224","T 1752-94","1996-03-29"
"T 3420-12","2014-04-17","NJA 1998 s. 734","T 813-93","1998-12-01"
"T 3420-12","2014-04-17","NJA 2013 s. 145","T 2847-11","2013-03-27"
"T 3420-12","2014-04-17","NJA 1996 s. 224","T 1752-94","1996-03-29"
"T 3420-12","2014-04-17","NJA 1998 s. 734","T 813-93","1998-12-01"
"T 3420-12","2014-04-17","NJA 1996 s. 224","T 1752-94","1996-03-29"
"T 3420-12","2014-04-17","NJA 2008 s. 339","T 593-06","2008-03-19"
"T 3445-15","2016-11-22","NJA 2015 s. 233","T 1691-13","2015-04-17"
"T 3445-15","2016-11-22","NJA 2013 s. 524","T 1030-12","2013-06-13"
"T 3445-15","2016-11-22","NJA 2006 s. 367","T 1559-04","2006-06-08"
"T 3445-15","2016-11-22","NJA 2005 s. 205","T 2362-01","2005-04-01"
"T 3445-15","2016-11-22","NJA 2001 s. 177","T 5001-98","2001-03-27"
"T 3445-15","2016-11-22","NJA 2015 s. 233","T 1691-13","2015-04-17"
"T 3445-15","2016-11-22","NJA 2013 s. 524","T 1030-12","2013-06-13"
"T 3445-15","2016-11-22","NJA 1993 s. 764","T 274-91","1993-12-28"
"T 3445-15","2016-11-22","NJA 2005 s. 205","T 2362-01","2005-04-01"
"T 3445-15","2016-11-22","NJA 2006 s. 367","T 1559-04","2006-06-08"
"T 3445-15","2016-11-22","NJA 2005 s. 205","T 2362-01","2005-04-01"
"T 3445-15","2016-11-22","NJA 2001 s. 177","T 5001-98","2001-03-27"
"T 3470-10","2012-04-11","NJA 2010 s. 363","T 333-09","2010-06-16"
"T 3470-10","2012-04-11","NJA 2007 s. 584","T 672-06","2007-09-21"
"T 3470-10","2012-04-11","NJA 2007 s. 584","T 672-06","2007-09-21"
"T 3470-10","2012-04-11","NJA 2005 s. 462","T 72-04","2005-06-09"
"T 3470-10","2012-04-11","NJA 2007 s. 584","T 672-06","2007-09-21"
"T 3470-10","2012-04-11","NJA 2010 s. 363","T 333-09","2010-06-16"
"T 3470-10","2012-04-11","NJA 2005 s. 462","T 72-04","2005-06-09"
"T 3470-10","2012-04-11","NJA 2010 s. 363","T 333-09","2010-06-16"
"T 3470-10","2012-04-11","NJA 2011 s. 386","B 193-10","2011-06-17"
"T 3470-10","2012-04-11","NJA 2003 s. 414","B 2100-02","2003-10-14"
"T 3470-10","2012-04-11","NJA 2010 s. 363","T 333-09","2010-06-16"
"T 3470-10","2012-04-11","NJA 2007 s. 584","T 672-06","2007-09-21"
"T 3470-10","2012-04-11","NJA 2005 s. 462","T 72-04","2005-06-09"
"T 3470-10","2012-04-11","NJA 2008 s. 915","T 2224-07","2008-10-01"
"T 3470-10","2012-04-11","NJA 2007 s. 584","T 672-06","2007-09-21"
"T 3470-10","2012-04-11","NJA 2010 s. 363","T 333-09","2010-06-16"
"T 3470-10","2012-04-11","NJA 2005 s. 462","T 72-04","2005-06-09"
"T 3506-12","2013-11-19","NJA 1998 s. 267","T 1112-96","1998-05-11"
"T 3564-16","2017-10-27","NJA 2010 s. 600","T 3258-09","2010-11-30"
"T 3576-11","2013-07-18","NJA 2010 s. 112","T 227-08","2010-03-04"
"T 3576-11","2013-07-18","NJA 2000 s. 712","T 2417-98","2000-12-22"
"T 3576-11","2013-07-18","NJA 2000 s. 712","T 2417-98","2000-12-22"
"T 3576-11","2013-07-18","NJA 2007 s. 349","T 2883-04","2007-05-31"
"T 3590-16","2017-07-11","NJA 1986 s. 3","T 129-84","1986-01-08"
"T 3590-16","2017-07-11","NJA 2006 s. 721","T 4853-03","2006-12-27"
"T 3590-16","2017-07-11","NJA 2006 s. 721","T 4853-03","2006-12-27"
"T 3590-16","2017-07-11","NJA 1992 s. 113","T 114-90","1992-02-26"
"T 3590-16","2017-07-11","NJA 1986 s. 358","T 581-84","1986-06-30"
"T 3590-16","2017-07-11","NJA 1986 s. 3","T 129-84","1986-01-08"
"T 3590-16","2017-07-11","NJA 2006 s. 721","T 4853-03","2006-12-27"
"T 3590-16","2017-07-11","NJA 2006 s. 721","T 4853-03","2006-12-27"
"T 3590-16","2017-07-11","NJA 2006 s. 721","T 4853-03","2006-12-27"
"T 3590-16","2017-07-11","NJA 2006 s. 721","T 4853-03","2006-12-27"
"T 3590-16","2017-07-11","NJA 1992 s. 113","T 114-90","1992-02-26"
"T 3590-16","2017-07-11","NJA 1986 s. 3","T 129-84","1986-01-08"
"T 3590-16","2017-07-11","NJA 2006 s. 721","T 4853-03","2006-12-27"
"T 3638-15","2016-11-17","NJA 2014 s. 114","T 2247-12","2014-03-07"
"T 3638-15","2016-11-17","NJA 2014 s. 114","T 2247-12","2014-03-07"
"T 3679-11","2012-12-21","NJA 2000 s. 747","T 483-98","2000-12-29"
"T 3679-11","2012-12-21","NJA 2000 s. 747","T 1857-98","2000-12-29"
"T 3679-11","2012-12-21","NJA 2000 s. 747","T 483-98","2000-12-29"
"T 3679-11","2012-12-21","NJA 2000 s. 747","T 1857-98","2000-12-29"
"T 3679-11","2012-12-21","NJA 1986 s. 366","T 351-84","1986-07-01"
"T 3679-11","2012-12-21","NJA 2000 s. 747","T 483-98","2000-12-29"
"T 3679-11","2012-12-21","NJA 2000 s. 747","T 1857-98","2000-12-29"
"T 3679-11","2012-12-21","NJA 1986 s. 366","T 351-84","1986-07-01"
"T 3855-10","2011-11-07","NJA 1994 s. 177","T 193-90","1994-03-30"
"T 3855-10","2011-11-07","NJA 2001 s. 353","T 5273-98","2001-05-31"
"T 3855-10","2011-11-07","NJA 1994 s. 177","T 193-90","1994-03-30"
"T 3855-10","2011-11-07","NJA 2005 s. 142","T 4233-01","2005-03-18"
"T 3855-10","2011-11-07","NJA 2005 s. 142","T 4233-01","2005-03-18"
"T 3855-10","2011-11-07","NJA 2001 s. 353","T 5273-98","2001-05-31"
"T 390-15","2016-02-24","NJA 2009 s. 128","T 4387-07","2009-03-31"
"T 390-15","2016-02-24","NJA 2015 s. 1040","T 9162-13","2015-12-22"
"T 390-15","2016-02-24","NJA 2009 s. 128","T 4387-07","2009-03-31"
"T 390-15","2016-02-24","NJA 2015 s. 1040","T 9162-13","2015-12-22"
"T 390-15","2016-02-24","NJA 2009 s. 570","T 177-05","2009-09-30"
"T 390-15","2016-02-24","NJA 1993 s. 222","T 175-92","1993-05-26"
"T 3973-15","2017-12-29","NJA 2016 s. 490","T 2760-15","2016-06-10"
"T 3973-15","2017-12-29","NJA 2016 s. 490","T 2760-15","2016-06-10"
"T 3973-15","2017-12-29","NJA 2016 s. 490","T 2760-15","2016-06-10"
"T 3973-15","2017-12-29","NJA 2016 s. 490","T 2760-15","2016-06-10"
"T 3973-15","2017-12-29","NJA 2016 s. 490","T 2760-15","2016-06-10"
"T 3973-15","2017-12-29","NJA 2016 s. 490","T 2760-15","2016-06-10"
"T 4073-15","2016-12-14","NJA 1997 s. 674","T 2985-93","1997-10-15"
"T 4073-15","2016-12-14","NJA 2008 s. 642","T 3070-06","2008-05-27"
"T 4170-12","2014-07-07","NJA 2014 s. 445","T 5554-13","2014-06-12"
"T 4191-15","2017-03-30","NJA 2002 s. 630","T 4406-01","2002-12-16"
"T 4191-15","2017-03-30","NJA 2007 s. 909","T 128-06","2007-11-30"
"T 44351-16","2017-11-24","NJA 1997 s. 315","T 2815-95","1997-05-21"
"T 44351-16","2017-11-24","NJA 2012 s. 211","T 3470-10","2012-04-11"
"T 44351-16","2017-11-24","NJA 2013 s. 560","T 295-12","2013-06-14"
"T 44351-16","2017-11-24","NJA 2001 s. 742","T 875-00","2001-11-16"
"T 44351-16","2017-11-24","NJA 2006 s. 79","B 4914-05","2006-03-07"
"T 44351-16","2017-11-24","NJA 2006 s. 79","B 3998-05","2006-03-07"
"T 44351-16","2017-11-24","NJA 2006 s. 79","B 4914-05","2006-03-07"
"T 44351-16","2017-11-24","NJA 2006 s. 79","B 3998-05","2006-03-07"
"T 44351-16","2017-11-24","NJA 2007 s. 540","T 4961-05","2007-07-06"
"T 44351-16","2017-11-24","NJA 1990 s. 186","T 192-89","1990-04-04"
"T 44351-16","2017-11-24","NJA 2007 s. 953","T 4164-05","2007-12-04"
"T 44351-16","2017-11-24","NJA 2006 s. 738","B 5150-04","2006-12-29"
"T 44351-16","2017-11-24","NJA 2005 s. 919","T 3637-04","2005-12-27"
"T 44351-16","2017-11-24","NJA 2004 s. 26","T 453-03","2004-02-04"
"T 44351-16","2017-11-24","NJA 1993 s. 68","B 1259-92","1993-03-04"
"T 44351-16","2017-11-24","NJA 1992 s. 740","T 224-91","1992-11-25"
"T 44351-16","2017-11-24","NJA 2007 s. 953","T 4164-05","2007-12-04"
"T 44351-16","2017-11-24","NJA 1997 s. 315","T 2815-95","1997-05-21"
"T 44351-16","2017-11-24","NJA 2007 s. 540","T 4961-05","2007-07-06"
"T 462-11","2011-05-12","NJA 2007 s. 125","T 2269-04","2007-02-23"
"T 462-11","2011-05-12","NJA 2007 s. 125","T 2269-04","2007-02-23"
"T 462-16","2017-04-18","NJA 1993 s. 222","T 175-92","1993-05-26"
"T 462-16","2017-04-18","NJA 1993 s. 222","T 175-92","1993-05-26"
"T 463-12","2013-11-22","NJA 2012 s. 464","T 3322-11","2012-06-20"
"T 463-12","2013-11-22","NJA 2006 s. 708","B 4407-06","2006-12-22"
"T 463-12","2013-11-22","NJA 2007 s. 326","B 1300-06","2007-05-23"
"T 463-12","2013-11-22","NJA 2012 s. 211","T 3470-10","2012-04-11"
"T 463-12","2013-11-22","NJA 2012 s. 464","T 3322-11","2012-06-20"
"T 463-12","2013-11-22","NJA 2007 s. 326","B 1300-06","2007-05-23"
"T 4726-12","2014-07-03","NJA 2009 s. 291","T 443-08","2009-05-27"
"T 4816-12","2016-04-26","NJA 2015 s. 1040","T 9162-13","2015-12-22"
"T 5065-12","2014-04-02","NJA 1997 s. 307","T 3238-94","1997-05-21"
"T 5065-12","2014-04-02","NJA 1997 s. 307","T 3238-94","1997-05-21"
"T 513-15","2016-06-10","NJA 1992 s. 829","T 264-91","1992-12-21"
"T 5180-11","2013-10-18","NJA 2012 s. 211","T 3470-10","2012-04-11"
"T 5180-11","2013-10-18","NJA 2012 s. 1038","B 1982-11","2012-12-21"
"T 5180-11","2013-10-18","NJA 2012 s. 211","T 3470-10","2012-04-11"
"T 5180-11","2013-10-18","NJA 2012 s. 211","T 3470-10","2012-04-11"
"T 5180-11","2013-10-18","NJA 2012 s. 1038","B 1982-11","2012-12-21"
"T 5180-11","2013-10-18","NJA 2012 s. 1038","B 1982-11","2012-12-21"
"T 5180-11","2013-10-18","NJA 2012 s. 211","T 3470-10","2012-04-11"
"T 5180-11","2013-10-18","NJA 2012 s. 211","T 3470-10","2012-04-11"
"T 5180-11","2013-10-18","NJA 2012 s. 211","T 3470-10","2012-04-11"
"T 5180-11","2013-10-18","NJA 2013 s. 145","T 2847-11","2013-03-27"
"T 5180-11","2013-10-18","NJA 2013 s. 145","T 2847-11","2013-03-27"
"T 5180-11","2013-10-18","NJA 2009 s. 128","T 4387-07","2009-03-31"
"T 5180-11","2013-10-18","NJA 2012 s. 211","T 3470-10","2012-04-11"
"T 5180-11","2013-10-18","NJA 2007 s. 862","T 14182-02","2007-11-22"
"T 5180-11","2013-10-18","NJA 2008 s. 946","B 2669-07","2008-10-23"
"T 5180-11","2013-10-18","NJA 2000 s. 490","B 3301-98","2000-10-17"
"T 5180-11","2013-10-18","NJA 2004 s. 840","B 2600-02","2004-12-28"
"T 5180-11","2013-10-18","NJA 2004 s. 840","B 948-03","2004-12-28"
"T 5180-11","2013-10-18","NJA 2011 s. 411","T 1295-09","2011-06-22"
"T 5180-11","2013-10-18","NJA 2012 s. 1038","B 1982-11","2012-12-21"
"T 5180-11","2013-10-18","NJA 2011 s. 411","T 1295-09","2011-06-22"
"T 5180-11","2013-10-18","NJA 2012 s. 211","T 3470-10","2012-04-11"
"T 5180-11","2013-10-18","NJA 2010 s. 363","T 333-09","2010-06-16"
"T 5183-16","2017-12-22","NJA 1975 s. 577","T 487-13","2014-04-23"
"T 5183-16","2017-12-22","NJA 2012 s. 804","T 153-11","2012-11-28"
"T 5183-16","2017-12-22","NJA 2009 s. 64","T 4474-07","2009-02-19"
"T 5183-16","2017-12-22","NJA 1975 s. 577","T 487-13","2014-04-23"
"T 5183-16","2017-12-22","NJA 1975 s. 577","T 487-13","2014-04-23"
"T 5183-16","2017-12-22","NJA 2012 s. 804","T 153-11","2012-11-28"
"T 5183-16","2017-12-22","NJA 2009 s. 64","T 4474-07","2009-02-19"
"T 5183-16","2017-12-22","NJA 1975 s. 577","T 487-13","2014-04-23"
"T 5189-12","2013-12-23","NJA 2009 s. 64","T 4474-07","2009-02-19"
"T 5189-12","2013-12-23","NJA 2009 s. 64","T 4474-07","2009-02-19"
"T 5189-12","2013-12-23","NJA 2002 s. 577","T 3933-01","2002-11-22"
"T 5189-12","2013-12-23","NJA 1992 s. 286","T 304-91","1992-05-15"
"T 5408-11","2012-11-08","NJA 2005 s. 738","T 2609-03","2005-11-14"
"T 5408-11","2012-11-08","NJA 1999 s. 725","T 910-99","1999-11-22"
"T 5408-11","2012-11-08","NJA 2005 s. 738","T 2609-03","2005-11-14"
"T 5408-11","2012-11-08","NJA 1999 s. 725","T 910-99","1999-11-22"
"T 5408-11","2012-11-08","NJA 1994 s. 395","T 1309-93","1994-06-10"
"T 5435-16","2017-11-21","NJA 2013 s. 822","B 2523-11","2013-10-07"
"T 5435-16","2017-11-21","NJA 2003 s. 37","T 389-01","2003-02-07"
"T 5435-16","2017-11-21","NJA 2003 s. 37","T 5435-16","2017-11-21"
"T 5453-15","2016-09-02","NJA 2010 s. 661","T 5211-09","2010-12-28"
"T 5537-10","2012-06-20","NJA 2009 s. 291","T 443-08","2009-05-27"
"T 5582-15","2017-06-14","NJA 2000 s. 667","T 4689-98","2000-12-18"
"T 5582-15","2017-06-14","NJA 2000 s. 667","T 4689-98","2000-12-18"
"T 5582-15","2017-06-14","NJA 2000 s. 667","T 4689-98","2000-12-18"
"T 5582-15","2017-06-14","NJA 1996 s. 560","T 2110-93","1996-10-15"
"T 5628-12","2014-04-23","NJA 1996 s. 370","B 276-95","1996-06-13"
"T 5628-12","2014-04-23","NJA 2010 s. 8","T 3771-06","2010-01-14"
"T 5628-12","2014-04-23","NJA 2001 s. 210","T 33101-00","2001-04-06"
"T 5628-12","2014-04-23","NJA 1996 s. 370","B 276-95","1996-06-13"
"T 5628-12","2014-04-23","NJA 2010 s. 8","T 3771-06","2010-01-14"
"T 5628-12","2014-04-23","NJA 2001 s. 210","T 33101-00","2001-04-06"
"T 5628-12","2014-04-23","NJA 1996 s. 370","B 276-95","1996-06-13"
"T 5628-12","2014-04-23","NJA 2010 s. 8","T 3771-06","2010-01-14"
"T 5628-12","2014-04-23","NJA 2010 s. 8","T 3771-06","2010-01-14"
"T 5628-12","2014-04-23","NJA 2010 s. 363","T 333-09","2010-06-16"
"T 5628-12","2014-04-23","NJA 2009 s. 463","T 2955-08","2009-07-03"
"T 5628-12","2014-04-23","NJA 2007 s. 584","T 672-06","2007-09-21"
"T 5628-12","2014-04-23","NJA 2005 s. 462","T 72-04","2005-06-09"
"T 5628-12","2014-04-23","NJA 2002 s. 94","T 4956-99","2002-02-19"
"T 5702-11","2013-07-10","NJA 1995 s. 303","T 2638-94","1995-05-16"
"T 5757-15","2016-12-22","NJA 2014 s. 1006","T 2021-13","2014-12-30"
"T 5779-10","2012-12-13","NJA 2009 s. 210","T 2787-07","2009-05-05"
"T 5779-10","2012-12-13","NJA 2009 s. 210","T 2787-07","2009-05-05"
"T 5926-11","2014-06-12","NJA 2013 s. 909","T 1637-12","2013-10-31"
"T 6015-11","2013-11-20","NJA 2000 s. 325","T 2973-98","2000-06-27"
"T 6030-15","2017-04-11","NJA 2006 s. 367","T 1559-04","2006-06-08"
"T 6030-15","2017-04-11","NJA 2013 s. 1112","T 1076-12","2013-12-19"
"T 6030-15","2017-04-11","NJA 2017 s. 9","T 230-15","2017-02-07"
"T 6169-15","2016-12-20","NJA 2011 s. 576","T 1212-10","2011-09-21"
"T 6169-15","2016-12-20","NJA 1986 s. 513","T 427-84","1986-09-25"
"T 6169-15","2016-12-20","NJA 2013 s. 632","T 281-11","2013-06-19"
"T 6169-15","2016-12-20","NJA 2012 s. 377","T 3108-10","2012-06-13"
"T 6169-15","2016-12-20","NJA 2013 s. 242","T 1238-11","2013-04-04"
"T 6169-15","2016-12-20","NJA 2002 s. 3","T 2667-00","2002-01-02"
"T 6169-15","2016-12-20","NJA 2002 s. 142","T 2877-00","2002-03-20"
"T 6169-15","2016-12-20","NJA 2008 s. 826","T 2684-07","2008-07-18"
"T 6169-15","2016-12-20","NJA 2008 s. 826","T 2684-07","2008-07-18"
"T 6169-15","2016-12-20","NJA 2002 s. 142","T 2877-00","2002-03-20"
"T 6169-15","2016-12-20","NJA 2013 s. 242","T 1238-11","2013-04-04"
"T 6169-15","2016-12-20","NJA 2008 s. 826","T 2684-07","2008-07-18"
"T 6169-15","2016-12-20","NJA 2002 s. 142","T 2877-00","2002-03-20"
"T 6169-15","2016-12-20","NJA 1981 s. 693","T 78-79","1981-06-10"
"T 631-10","2011-11-11","NJA 1987 s. 259","T 261-84","1987-04-10"
"T 631-10","2011-11-11","NJA 1987 s. 259","T 261-84","1987-04-10"
"T 631-10","2011-11-11","NJA 2010 s. 709","T 2618-09","2010-12-29"
"T 631-10","2011-11-11","NJA 1987 s. 259","T 261-84","1987-04-10"
"T 814-15","2016-11-08","NJA 1992 s. 213","T 143-90","1992-04-10"
"T 814-15","2016-11-08","NJA 1992 s. 213","T 143-90","1992-04-10"
"T 814-15","2016-11-08","NJA 2016 s. 563","T 2934-15","2016-06-14"
"T 814-15","2016-11-08","NJA 2014 s. 425","T 5926-11","2014-06-12"
"T 814-15","2016-11-08","NJA 2014 s. 425","T 5926-11","2014-06-12"
"T 814-15","2016-11-08","NJA 2016 s. 563","T 2934-15","2016-06-14"
"T 814-15","2016-11-08","NJA 2014 s. 425","T 5926-11","2014-06-12"
"T 814-15","2016-11-08","NJA 1992 s. 213","T 143-90","1992-04-10"
"T 881-12","2013-04-04","NJA 2006 s. 53","T 563-03","2006-02-24"
"T 881-12","2013-04-04","NJA 2001 s. 750","T 4254-00","2001-11-20"
"T 881-12","2013-04-04","NJA 2000 s. 48","T 1493-98","2000-01-21"
"T 881-12","2013-04-04","NJA 2009 s. 291","T 443-08","2009-05-27"
"T 881-12","2013-04-04","NJA 2001 s. 93","T 4814-99","2001-03-01"
"T 881-12","2013-04-04","NJA 2001 s. 93","T 4743-99","2001-03-01"
"T 881-12","2013-04-04","NJA 2000 s. 285","T 3840-98","2000-06-15"
"T 881-12","2013-04-04","NJA 2001 s. 750","T 4254-00","2001-11-20"
"T 881-12","2013-04-04","NJA 2000 s. 48","T 1493-98","2000-01-21"
"T 950-11","2012-11-01","NJA 2006 s. 738","B 5150-04","2006-12-29"
"T 950-11","2012-11-01","NJA 2006 s. 738","B 5150-04","2006-12-29"
"T 950-11","2012-11-01","NJA 2006 s. 738","B 5150-04","2006-12-29"
"T 960-15","2016-11-03","NJA 2001 s. 65","T 1692-00","2001-02-22"
"T 960-15","2016-11-03","NJA 2001 s. 65","T 5150-99","2001-02-22"
"T 960-15","2016-11-03","NJA 2001 s. 65","T 1692-00","2001-02-22"
"T 960-15","2016-11-03","NJA 2001 s. 65","T 5150-99","2001-02-22"
"T 960-15","2016-11-03","NJA 2015 s. 199","B 19-13","2015-04-02"
"T 960-15","2016-11-03","NJA 2001 s. 65","T 1692-00","2001-02-22"
"T 960-15","2016-11-03","NJA 2001 s. 65","T 5150-99","2001-02-22"
"T 960-15","2016-11-03","NJA 2015 s. 199","B 19-13","2015-04-02"
"B 1001-05","2005-12-16","NJA 1996 s. 63","B 5430-95","1996-02-14"
"B 1001-05","2005-12-16","NJA 2000 s. 421","B 3066-00","2000-09-22"
"B 1001-05","2005-12-16","NJA 2000 s. 421","B 3066-00","2000-09-22"
"B 1001-05","2005-12-16","NJA 2000 s. 421","B 3066-00","2000-09-22"
"B 1050-05","2005-11-29","NJA 2005 s. 462","T 72-04","2005-06-09"
"B 1050-05","2005-11-29","NJA 2003 s. 414","B 2100-02","2003-10-14"
"B 1050-05","2005-11-29","NJA 1996 s. 577","B 3203-96","1996-10-17"
"B 1050-05","2005-11-29","NJA 1992 s. 532","B 2853-92","1992-09-14"
"B 1050-05","2005-11-29","NJA 2003 s. 414","B 2100-02","2003-10-14"
"B 1050-05","2005-11-29","NJA 1992 s. 532","B 2853-92","1992-09-14"
"B 1050-05","2005-11-29","NJA 2005 s. 462","T 72-04","2005-06-09"
"B 1050-05","2005-11-29","NJA 2005 s. 33","B 4466-02","2005-02-09"
"B 1050-05","2005-11-29","NJA 1996 s. 577","B 3203-96","1996-10-17"
"B 1119-02","2003-12-16","NJA 1994 s. 515","B 2182-93","1994-09-19"
"B 1119-02","2003-12-16","NJA 1994 s. 515","B 2182-93","1994-09-19"
"B 1130-07","2009-11-18","NJA 2008 s. 705","B 1866-07","2008-06-11"
"B 1130-07","2009-11-18","NJA 1985 s. 477","B 580-84","1985-06-27"
"B 1130-07","2009-11-18","NJA 1993 s. 539","B 2833-91","1993-10-20"
"B 1178-07","2007-10-03","NJA 2001 s. 913","B 3180-01","2001-12-28"
"B 1178-07","2007-10-03","NJA 2001 s. 183","B 4480-99","2001-03-28"
"B 1178-07","2007-10-03","NJA 2000 s. 421","B 3066-00","2000-09-22"
"B 1178-07","2007-10-03","NJA 2000 s. 314","B 3231-99","2000-06-22"
"B 1178-07","2007-10-03","NJA 1999 s. 561","B 2920-99","1999-09-13"
"B 1178-07","2007-10-03","NJA 1996 s. 757","B 4104-96","1996-12-16"
"B 1178-07","2007-10-03","NJA 2000 s. 421","B 3066-00","2000-09-22"
"B 1178-07","2007-10-03","NJA 2000 s. 314","B 3231-99","2000-06-22"
"B 1178-07","2007-10-03","NJA 2001 s. 913","B 3180-01","2001-12-28"
"B 1178-07","2007-10-03","NJA 2001 s. 183","B 4480-99","2001-03-28"
"B 1178-07","2007-10-03","NJA 2001 s. 913","B 3180-01","2001-12-28"
"B 1178-07","2007-10-03","NJA 1999 s. 561","B 2920-99","1999-09-13"
"B 1178-07","2007-10-03","NJA 1996 s. 757","B 4104-96","1996-12-16"
"B 119-06","2006-07-06","NJA 2005 s. 805","B 1050-05","2005-11-29"
"B 119-06","2006-07-06","NJA 2005 s. 805","B 1050-05","2005-11-29"
"B 119-06","2006-07-06","NJA 2001 s. 409","B 293-00","2001-06-12"
"B 119-06","2006-07-06","NJA 2004 s. 840","B 2600-02","2004-12-28"
"B 119-06","2006-07-06","NJA 2004 s. 840","B 948-03","2004-12-28"
"B 119-06","2006-07-06","NJA 2005 s. 33","B 4466-02","2005-02-09"
"B 119-06","2006-07-06","NJA 2005 s. 805","B 1050-05","2005-11-29"
"B 119-06","2006-07-06","NJA 2005 s. 805","B 1050-05","2005-11-29"
"B 119-06","2006-07-06","NJA 2005 s. 805","B 1050-05","2005-11-29"
"B 119-06","2006-07-06","NJA 2005 s. 462","T 72-04","2005-06-09"
"B 119-06","2006-07-06","NJA 1992 s. 532","B 2853-92","1992-09-14"
"B 119-06","2006-07-06","NJA 2005 s. 805","B 1050-05","2005-11-29"
"B 119-06","2006-07-06","NJA 2005 s. 33","B 4466-02","2005-02-09"
"B 1193-02","2002-06-17","NJA 1992 s. 524","B 584-91","1992-09-02"
"B 1234-02","2002-05-27","NJA 1992 s. 357","B 1601-92","1992-06-17"
"B 1234-02","2002-05-27","NJA 1989 s. 829","B 1027-89","1989-12-22"
"B 1234-02","2002-05-27","NJA 1999 s. 25","B 3942-98","1999-02-15"
"B 1234-02","2002-05-27","NJA 1995 s. 226","B 721-95","1995-04-07"
"B 1234-02","2002-05-27","NJA 1989 s. 829","B 1027-89","1989-12-22"
"B 1256-06","2006-10-19","NJA 1984 s. 922","B 646-84","1984-12-27"
"B 1256-06","2006-10-19","NJA 1984 s. 922","B 646-84","1984-12-27"
"B 1299-01","2001-06-28","NJA 1997 s. 622","B 2771-97","1997-09-17"
"B 1299-01","2001-06-28","NJA 1995 s. 448","B 2538-95","1995-07-31"
"B 1300-06","2007-05-23","NJA 2006 s. 708","B 4407-06","2006-12-22"
"B 1300-06","2007-05-23","NJA 2006 s. 708","B 4407-06","2006-12-22"
"B 1300-06","2007-05-23","NJA 2006 s. 708","B 4407-06","2006-12-22"
"B 1300-06","2007-05-23","NJA 2003 s. 414","B 2100-02","2003-10-14"
"B 1300-06","2007-05-23","NJA 2006 s. 708","B 4407-06","2006-12-22"
"B 1419-05","2006-12-29","NJA 1996 s. 436","B 615-95","1996-07-09"
"B 1500-01","2001-06-19","NJA 2000 s. 256","B 321-00","2000-06-06"
"B 154-06","2006-04-11","NJA 2003 s. 313","B 965-03","2003-07-10"
"B 154-06","2006-04-11","NJA 2003 s. 313","B 965-03","2003-07-10"
"B 1544-06","2007-02-12","NJA 2004 s. 840","B 2600-02","2004-12-28"
"B 1544-06","2007-02-12","NJA 2004 s. 840","B 948-03","2004-12-28"
"B 1544-06","2007-02-12","NJA 2004 s. 164","B 388-03","2004-04-02"
"B 1544-06","2007-02-12","NJA 2002 s. 607","B 3702-01","2002-11-25"
"B 1544-06","2007-02-12","NJA 2004 s. 164","B 388-03","2004-04-02"
"B 1607-05","2006-03-28","NJA 2002 s. 256","B 4092-01","2002-05-14"
"B 1609-06","2007-05-31","NJA 2004 s. 34","B 4471-02","2004-02-05"
"B 1658-01","2002-02-21","NJA 1992 s. 524","B 584-91","1992-09-02"
"B 1658-01","2002-02-21","NJA 1992 s. 524","B 584-91","1992-09-02"
"B 1658-01","2002-02-21","NJA 1992 s. 524","B 584-91","1992-09-02"
"B 1735-07","2008-03-20","NJA 2003 s. 414","B 2100-02","2003-10-14"
"B 1735-07","2008-03-20","NJA 2000 s. 314","B 3231-99","2000-06-22"
"B 1735-07","2008-03-20","NJA 1997 s. 652","B 273-97","1997-10-09"
"B 1735-07","2008-03-20","NJA 2000 s. 314","B 3231-99","2000-06-22"
"B 1735-07","2008-03-20","NJA 2000 s. 314","B 3231-99","2000-06-22"
"B 1735-07","2008-03-20","NJA 1997 s. 652","B 273-97","1997-10-09"
"B 1735-07","2008-03-20","NJA 2000 s. 314","B 3231-99","2000-06-22"
"B 1735-07","2008-03-20","NJA 2003 s. 414","B 2100-02","2003-10-14"
"B 1767-00","2001-02-27","NJA 1997 s. 522","B 5045-96","1997-07-11"
"B 1793-00","2001-09-26","NJA 2001 s. 86","B 1767-00","2001-02-27"
"B 1793-00","2001-09-26","NJA 1997 s. 522","B 5045-96","1997-07-11"
"B 1793-07","2008-05-13","NJA 2006 s. 221","B 154-06","2006-04-11"
"B 1793-07","2008-05-13","NJA 2006 s. 221","B 154-06","2006-04-11"
"B 1793-07","2008-05-13","NJA 2006 s. 221","B 154-06","2006-04-11"
"B 1806-00","2001-03-21","NJA 2000 s. 256","B 321-00","2000-06-06"
"B 1866-07","2008-06-11","NJA 1993 s. 539","B 2833-91","1993-10-20"
"B 1866-07","2008-06-11","NJA 1993 s. 539","B 2833-91","1993-10-20"
"B 1894-05","2006-04-11","NJA 2003 s. 313","B 965-03","2003-07-10"
"B 1907-02","2002-12-18","NJA 2000 s. 17","B 2973-99","2000-01-05"
"B 1907-02","2002-12-18","NJA 2000 s. 17","B 2286-99","2000-01-05"
"B 1907-02","2002-12-18","NJA 2000 s. 17","B 1330-99","2000-01-05"
"B 1907-02","2002-12-18","NJA 1999 s. 9","B 1770-98","1999-02-03"
"B 1907-02","2002-12-18","NJA 1997 s. 278","B 5319-96","1997-05-14"
"B 1907-02","2002-12-18","NJA 1999 s. 9","B 1770-98","1999-02-03"
"B 1907-02","2002-12-18","NJA 1997 s. 278","B 5319-96","1997-05-14"
"B 1907-02","2002-12-18","NJA 1994 s. 102","B 840-93","1994-03-01"
"B 1916-07","2010-06-01","NJA 2004 s. 176","B 4189-03","2004-04-06"
"B 1968-07","2009-02-11","NJA 2001 s. 614","B 4598-00","2001-10-11"
"B 1968-07","2009-02-11","NJA 1998 s. 713","B 3877-98","1998-11-23"
"B 1968-07","2009-02-11","NJA 1995 s. 708","B 5719-94","1995-12-15"
"B 1968-07","2009-02-11","NJA 1984 s. 918","B 269-84","1984-12-27"
"B 1968-07","2009-02-11","NJA 1995 s. 708","B 5719-94","1995-12-15"
"B 1968-07","2009-02-11","NJA 2001 s. 614","B 4598-00","2001-10-11"
"B 1968-07","2009-02-11","NJA 1998 s. 713","B 3877-98","1998-11-23"
"B 1968-07","2009-02-11","NJA 1984 s. 918","B 269-84","1984-12-27"
"B 2100-02","2003-10-14","NJA 1994 s. 153","B 5053-93","1994-03-25"
"B 2115-06","2007-11-07","NJA 2003 s. 567","B 1658-03","2003-12-05"
"B 2115-06","2007-11-07","NJA 1999 s. 702","B 2245-99","1999-11-12"
"B 2115-06","2007-11-07","NJA 2006 s. 467","B 119-06","2006-07-06"
"B 2115-06","2007-11-07","NJA 2005 s. 805","B 1050-05","2005-11-29"
"B 2115-06","2007-11-07","NJA 2006 s. 467","B 119-06","2006-07-06"
"B 2115-06","2007-11-07","NJA 2006 s. 467","B 119-06","2006-07-06"
"B 2115-06","2007-11-07","NJA 2005 s. 805","B 1050-05","2005-11-29"
"B 2115-06","2007-11-07","NJA 2006 s. 467","B 119-06","2006-07-06"
"B 2115-06","2007-11-07","NJA 2005 s. 805","B 1050-05","2005-11-29"
"B 2115-06","2007-11-07","NJA 2006 s. 467","B 119-06","2006-07-06"
"B 2115-06","2007-11-07","NJA 2005 s. 805","B 1050-05","2005-11-29"
"B 2115-06","2007-11-07","NJA 2003 s. 567","B 1658-03","2003-12-05"
"B 2115-06","2007-11-07","NJA 1999 s. 702","B 2245-99","1999-11-12"
"B 2115-06","2007-11-07","NJA 2006 s. 467","B 119-06","2006-07-06"
"B 2115-06","2007-11-07","NJA 2005 s. 805","B 1050-05","2005-11-29"
"B 2115-06","2007-11-07","NJA 2006 s. 467","B 119-06","2006-07-06"
"B 2115-06","2007-11-07","NJA 2006 s. 467","B 119-06","2006-07-06"
"B 2115-06","2007-11-07","NJA 2006 s. 467","B 119-06","2006-07-06"
"B 2115-06","2007-11-07","NJA 2005 s. 805","B 1050-05","2005-11-29"
"B 2115-06","2007-11-07","NJA 2006 s. 467","B 119-06","2006-07-06"
"B 2115-06","2007-11-07","NJA 2006 s. 467","B 119-06","2006-07-06"
"B 2115-06","2007-11-07","NJA 2005 s. 33","B 4466-02","2005-02-09"
"B 2115-06","2007-11-07","NJA 2006 s. 467","B 119-06","2006-07-06"
"B 2115-06","2007-11-07","NJA 2005 s. 805","B 1050-05","2005-11-29"
"B 2115-06","2007-11-07","NJA 2005 s. 805","B 1050-05","2005-11-29"
"B 2115-06","2007-11-07","NJA 2005 s. 805","B 1050-05","2005-11-29"
"B 2115-06","2007-11-07","NJA 2006 s. 467","B 119-06","2006-07-06"
"B 2115-06","2007-11-07","NJA 2005 s. 805","B 1050-05","2005-11-29"
"B 2115-06","2007-11-07","NJA 2006 s. 467","B 119-06","2006-07-06"
"B 2115-06","2007-11-07","NJA 2005 s. 805","B 1050-05","2005-11-29"
"B 2115-06","2007-11-07","NJA 2006 s. 467","B 119-06","2006-07-06"
"B 2115-06","2007-11-07","NJA 2005 s. 805","B 1050-05","2005-11-29"
"B 2115-06","2007-11-07","NJA 1999 s. 702","B 2245-99","1999-11-12"
"B 2115-06","2007-11-07","NJA 2006 s. 467","B 119-06","2006-07-06"
"B 2115-06","2007-11-07","NJA 2005 s. 805","B 1050-05","2005-11-29"
"B 2129-02","2004-04-08","NJA 2001 s. 129","B 390-00","2001-03-14"
"B 2129-02","2004-04-08","NJA 2001 s. 129","B 390-00","2001-03-14"
"B 2129-02","2004-04-08","NJA 2001 s. 129","B 390-00","2001-03-14"
"B 2129-02","2004-04-08","NJA 2001 s. 129","B 390-00","2001-03-14"
"B 2129-02","2004-04-08","NJA 2001 s. 129","B 390-00","2001-03-14"
"B 2159-05","2005-10-20","NJA 2001 s. 225","B 4350-00","2001-04-10"
"B 2159-05","2005-10-20","NJA 2001 s. 913","B 3180-01","2001-12-28"
"B 2159-05","2005-10-20","NJA 1996 s. 757","B 4104-96","1996-12-16"
"B 2184-06","2006-09-28","NJA 2002 s. 489","B 1055-02","2002-11-06"
"B 2184-06","2006-09-28","NJA 2002 s. 489","B 1055-02","2002-11-06"
"B 2328-05","2006-04-19","NJA 2005 s. 372","B 153-04","2005-05-26"
"B 2328-05","2006-04-19","NJA 1993 s. 86","B 1258-92","1993-03-15"
"B 2328-05","2006-04-19","NJA 2005 s. 372","B 153-04","2005-05-26"
"B 2669-07","2008-10-23","NJA 2007 s. 540","T 4961-05","2007-07-06"
"B 2669-07","2008-10-23","NJA 2005 s. 805","B 1050-05","2005-11-29"
"B 2669-07","2008-10-23","NJA 1996 s. 418","B 4922-95","1996-06-27"
"B 2669-07","2008-10-23","NJA 1992 s. 594","B 1671-92","1992-10-16"
"B 2669-07","2008-10-23","NJA 2005 s. 712","B 3193-05","2005-11-02"
"B 2669-07","2008-10-23","NJA 1996 s. 418","B 4922-95","1996-06-27"
"B 2669-07","2008-10-23","NJA 1992 s. 594","B 1671-92","1992-10-16"
"B 2669-07","2008-10-23","NJA 1992 s. 594","B 1671-92","1992-10-16"
"B 2669-07","2008-10-23","NJA 2005 s. 805","B 1050-05","2005-11-29"
"B 2669-07","2008-10-23","NJA 1996 s. 418","B 4922-95","1996-06-27"
"B 2669-07","2008-10-23","NJA 1992 s. 594","B 1671-92","1992-10-16"
"B 2669-07","2008-10-23","NJA 1996 s. 418","B 4922-95","1996-06-27"
"B 2669-07","2008-10-23","NJA 1992 s. 594","B 1671-92","1992-10-16"
"B 2693-07","2007-10-04","NJA 2005 s. 878","B 1001-05","2005-12-16"
"B 2693-07","2007-10-04","NJA 2005 s. 690","B 2159-05","2005-10-20"
"B 2693-07","2007-10-04","NJA 2000 s. 314","B 3231-99","2000-06-22"
"B 2693-07","2007-10-04","NJA 1994 s. 153","B 5053-93","1994-03-25"
"B 2693-07","2007-10-04","NJA 2000 s. 314","B 3231-99","2000-06-22"
"B 2693-07","2007-10-04","NJA 2005 s. 878","B 1001-05","2005-12-16"
"B 2693-07","2007-10-04","NJA 2005 s. 690","B 2159-05","2005-10-20"
"B 2693-07","2007-10-04","NJA 2000 s. 314","B 3231-99","2000-06-22"
"B 2693-07","2007-10-04","NJA 2000 s. 314","B 3231-99","2000-06-22"
"B 2693-07","2007-10-04","NJA 1994 s. 153","B 5053-93","1994-03-25"
"B 2693-07","2007-10-04","NJA 2000 s. 421","B 3066-00","2000-09-22"
"B 2740-06","2007-06-01","NJA 2006 s. 708","B 4407-06","2006-12-22"
"B 2740-06","2007-06-01","NJA 1999 s. 215","B 2060-98","1999-04-08"
"B 2740-06","2007-06-01","NJA 1996 s. 613","B 3352-95","1996-10-21"
"B 2740-06","2007-06-01","NJA 1995 s. 606","B 2634-95","1995-11-10"
"B 2740-06","2007-06-01","NJA 1994 s. 480","B 1156-92","1994-07-12"
"B 2740-06","2007-06-01","NJA 1994 s. 480","B 2048-15","2016-03-29"
"B 2740-06","2007-06-01","NJA 1993 s. 511","B 150-92","1993-09-30"
"B 2740-06","2007-06-01","NJA 1985 s. 788","B 612-84","1985-12-11"
"B 2740-06","2007-06-01","NJA 1994 s. 480","B 1156-92","1994-07-12"
"B 2740-06","2007-06-01","NJA 1994 s. 480","B 2048-15","2016-03-29"
"B 2740-06","2007-06-01","NJA 1994 s. 480","B 1156-92","1994-07-12"
"B 2740-06","2007-06-01","NJA 1994 s. 480","B 2048-15","2016-03-29"
"B 2740-06","2007-06-01","NJA 1994 s. 480","B 1156-92","1994-07-12"
"B 2740-06","2007-06-01","NJA 1994 s. 480","B 2048-15","2016-03-29"
"B 2882-02","2003-12-22","NJA 2002 s. 607","B 3702-01","2002-11-25"
"B 293-00","2001-06-12","NJA 2000 s. 355","B 29-99","2000-07-07"
"B 2976-00","2000-11-28","NJA 1992 s. 85","B 595-91","1992-02-13"
"B 3180-01","2001-12-28","NJA 1999 s. 561","B 2920-99","1999-09-13"
"B 3180-01","2001-12-28","NJA 1996 s. 757","B 4104-96","1996-12-16"
"B 3180-01","2001-12-28","NJA 1999 s. 561","B 2920-99","1999-09-13"
"B 3180-01","2001-12-28","NJA 1996 s. 757","B 4104-96","1996-12-16"
"B 3193-05","2005-11-02","NJA 2004 s. 437","B 1726-04","2004-06-29"
"B 3217-06","2007-06-08","NJA 2004 s. 618","B 1412-04","2004-10-29"
"B 3239-06","2008-05-21","NJA 2006 s. 293","B 4929-04","2006-05-17"
"B 3239-06","2008-05-21","NJA 2006 s. 293","B 3506-04","2006-05-17"
"B 3239-06","2008-05-21","NJA 2005 s. 33","B 4466-02","2005-02-09"
"B 3239-06","2008-05-21","NJA 2006 s. 293","B 4929-04","2006-05-17"
"B 3239-06","2008-05-21","NJA 2006 s. 293","B 3506-04","2006-05-17"
"B 3239-06","2008-05-21","NJA 2005 s. 33","B 4466-02","2005-02-09"
"B 3239-06","2008-05-21","NJA 2006 s. 293","B 4929-04","2006-05-17"
"B 3239-06","2008-05-21","NJA 2006 s. 293","B 3506-04","2006-05-17"
"B 3239-06","2008-05-21","NJA 2005 s. 33","B 4466-02","2005-02-09"
"B 3239-06","2008-05-21","NJA 2005 s. 33","B 4466-02","2005-02-09"
"B 3239-06","2008-05-21","NJA 2006 s. 293","B 4929-04","2006-05-17"
"B 3239-06","2008-05-21","NJA 2006 s. 293","B 3506-04","2006-05-17"
"B 329-02","2002-10-25","NJA 1996 s. 93","B 2923-95","1996-02-26"
"B 329-02","2002-10-25","NJA 1996 s. 27","B 4224-95","1996-02-09"
"B 329-02","2002-10-25","NJA 1996 s. 509","B 3345-96","1996-10-02"
"B 329-02","2002-10-25","NJA 1990 s. 210","B 717-89","1990-04-11"
"B 329-02","2002-10-25","NJA 1996 s. 509","B 3345-96","1996-10-02"
"B 329-02","2002-10-25","NJA 1990 s. 210","B 717-89","1990-04-11"
"B 329-02","2002-10-25","NJA 1996 s. 509","B 3345-96","1996-10-02"
"B 329-02","2002-10-25","NJA 1990 s. 210","B 717-89","1990-04-11"
"B 329-02","2002-10-25","NJA 1996 s. 509","B 3345-96","1996-10-02"
"B 329-02","2002-10-25","NJA 1990 s. 210","B 717-89","1990-04-11"
"B 329-02","2002-10-25","NJA 1996 s. 93","B 2923-95","1996-02-26"
"B 329-02","2002-10-25","NJA 1996 s. 509","B 3345-96","1996-10-02"
"B 329-02","2002-10-25","NJA 1990 s. 210","B 717-89","1990-04-11"
"B 329-02","2002-10-25","NJA 1998 s. 86","B 4733-97","1998-02-27"
"B 329-02","2002-10-25","NJA 1996 s. 27","B 4224-95","1996-02-09"
"B 3384-01","2001-12-19","NJA 1995 s. 48","B 5718-94","1995-02-13"
"B 3384-01","2001-12-19","NJA 1995 s. 48","B 5718-94","1995-02-13"
"B 3439-07","2009-09-29","NJA 2003 s. 121","B 719-03","2003-04-01"
"B 3439-07","2009-09-29","NJA 1992 s. 190","B 237-92","1992-03-26"
"B 3439-07","2009-09-29","NJA 2003 s. 121","B 719-03","2003-04-01"
"B 353-07","2007-03-30","NJA 1999 s. 531","B 2189-99","1999-08-17"
"B 3639-01","2002-06-13","NJA 1997 s. 186","B 5364-96","1997-03-25"
"B 3639-01","2002-06-13","NJA 1996 s. 307","B 5150-95","1996-05-09"
"B 3639-01","2002-06-13","NJA 2001 s. 35","B 4882-98","2001-01-31"
"B 3639-01","2002-06-13","NJA 1997 s. 368","B 990-97","1997-06-11"
"B 3639-01","2002-06-13","NJA 1996 s. 806","B 3599-96","1996-12-27"
"B 3639-01","2002-06-13","NJA 1996 s. 237","B 2160-95","1996-04-01"
"B 3639-01","2002-06-13","NJA 1994 s. 304","B 450-94","1994-05-31"
"B 3639-01","2002-06-13","NJA 1992 s. 555","B 19-91","1992-09-28"
"B 364-01","2002-11-01","NJA 1997 s. 703","B 4435-95","1997-10-20"
"B 364-01","2002-11-01","NJA 1990 s. 772","B 595-90","1990-12-18"
"B 364-01","2002-11-01","NJA 1997 s. 703","B 4435-95","1997-10-20"
"B 366-01","2001-12-19","NJA 1993 s. 310","B 707-93","1993-06-23"
"B 3773-07","2007-11-23","NJA 2004 s. 97","B 2182-03","2004-02-27"
"B 391-06","2006-09-13","NJA 1990 s. 743","B 384-90","1990-12-06"
"B 391-06","2006-09-13","NJA 1984 s. 889","B 183-84","1984-12-07"
"B 391-06","2006-09-13","NJA 2005 s. 878","B 1001-05","2005-12-16"
"B 3998-05","2006-03-07","NJA 2001 s. 742","T 875-00","2001-11-16"
"B 3998-05","2006-03-07","NJA 2003 s. 313","B 965-03","2003-07-10"
"B 406-06","2008-03-28","NJA 2006 s. 610","B 4737-04","2006-11-27"
"B 406-06","2008-03-28","NJA 2006 s. 610","B 4737-04","2006-11-27"
"B 406-06","2008-03-28","NJA 1994 s. 480","B 1156-92","1994-07-12"
"B 406-06","2008-03-28","NJA 1994 s. 480","B 2048-15","2016-03-29"
"B 406-06","2008-03-28","NJA 2006 s. 293","B 4929-04","2006-05-17"
"B 406-06","2008-03-28","NJA 2006 s. 293","B 3506-04","2006-05-17"
"B 406-06","2008-03-28","NJA 2005 s. 33","B 4466-02","2005-02-09"
"B 4092-01","2002-05-14","NJA 2000 s. 190","B 93-00","2000-04-19"
"B 4160-01","2002-11-06","NJA 2002 s. 198","B 4580-01","2002-04-29"
"B 4350-00","2001-04-10","NJA 1996 s. 509","B 3345-96","1996-10-02"
"B 4350-00","2001-04-10","NJA 1990 s. 578","B 744-90","1990-10-05"
"B 4350-00","2001-04-10","NJA 1990 s. 159","B 129-90","1990-03-20"
"B 4350-00","2001-04-10","NJA 1996 s. 757","B 4104-96","1996-12-16"
"B 4350-00","2001-04-10","NJA 1989 s. 870","B 798-89","1989-11-28"
"B 4407-06","2006-12-22","NJA 1994 s. 480","B 1156-92","1994-07-12"
"B 4407-06","2006-12-22","NJA 1994 s. 480","B 2048-15","2016-03-29"
"B 4407-06","2006-12-22","NJA 1993 s. 277","B 1705-93","1993-06-15"
"B 4407-06","2006-12-22","NJA 1992 s. 566","B 2977-92","1992-09-28"
"B 4407-06","2006-12-22","NJA 1994 s. 480","B 1156-92","1994-07-12"
"B 4407-06","2006-12-22","NJA 1994 s. 480","B 2048-15","2016-03-29"
"B 4407-06","2006-12-22","NJA 1993 s. 277","B 1705-93","1993-06-15"
"B 4407-06","2006-12-22","NJA 1992 s. 566","B 2977-92","1992-09-28"
"B 4471-02","2004-02-05","NJA 1993 s. 245","B 263-91","1993-06-03"
"B 455-07","2008-03-14","NJA 2005 s. 263","B 4647-04","2005-04-25"
"B 455-07","2008-03-14","NJA 2005 s. 263","B 4647-04","2005-04-25"
"B 4554-06","2007-12-10","NJA 1994 s. 185","B 1719-93","1994-03-31"
"B 4554-06","2007-12-10","NJA 1994 s. 185","B 1719-93","1994-03-31"
"B 4554-06","2007-12-10","NJA 2006 s. 524","B 391-06","2006-09-13"
"B 4592-06","2007-03-23","NJA 1995 s. 48","B 5718-94","1995-02-13"
"B 4598-00","2001-10-11","NJA 1996 s. 541","B 3375-96","1996-10-02"
"B 4598-00","2001-10-11","NJA 1998 s. 713","B 3877-98","1998-11-23"
"B 4598-00","2001-10-11","NJA 1996 s. 541","B 3375-96","1996-10-02"
"B 4605-01","2002-02-19","NJA 1994 s. 310","B 1407-94","1994-05-05"
"B 4605-01","2002-02-19","NJA 1999 s. 531","B 2189-99","1999-08-17"
"B 4605-01","2002-02-19","NJA 1996 s. 509","B 3345-96","1996-10-02"
"B 4605-01","2002-02-19","NJA 1995 s. 464","B 3478-95","1995-08-30"
"B 4608-07","2009-03-24","NJA 1994 s. 480","B 1156-92","1994-07-12"
"B 4608-07","2009-03-24","NJA 1994 s. 480","B 2048-15","2016-03-29"
"B 4611-01","2004-07-02","NJA 1996 s. 613","B 3352-95","1996-10-21"
"B 4644-01","2002-05-23","NJA 1992 s. 190","B 237-92","1992-03-26"
"B 4696-02","2003-09-25","NJA 2003 s. 254","B 3660-02","2003-06-13"
"B 4696-02","2003-09-25","NJA 2003 s. 254","B 3660-02","2003-06-13"
"B 4696-02","2003-09-25","NJA 2003 s. 254","B 3660-02","2003-06-13"
"B 4696-02","2003-09-25","NJA 2003 s. 254","B 3660-02","2003-06-13"
"B 4696-02","2003-09-25","NJA 2000 s. 92","B 1638-98","2000-02-28"
"B 4893-06","2007-11-30","NJA 2005 s. 33","B 4466-02","2005-02-09"
"B 4893-06","2007-11-30","NJA 2005 s. 33","B 4466-02","2005-02-09"
"B 4893-06","2007-11-30","NJA 2005 s. 33","B 4466-02","2005-02-09"
"B 4893-06","2007-11-30","NJA 1981 s. 452","B 655-79","1981-04-01"
"B 4893-06","2007-11-30","NJA 2005 s. 33","B 4466-02","2005-02-09"
"B 4893-06","2007-11-30","NJA 2005 s. 33","B 4466-02","2005-02-09"
"B 4893-06","2007-11-30","NJA 2005 s. 33","B 4466-02","2005-02-09"
"B 4893-06","2007-11-30","NJA 2006 s. 293","B 4929-04","2006-05-17"
"B 4893-06","2007-11-30","NJA 2006 s. 293","B 3506-04","2006-05-17"
"B 4893-06","2007-11-30","NJA 2005 s. 33","B 4466-02","2005-02-09"
"B 4893-06","2007-11-30","NJA 2005 s. 33","B 4466-02","2005-02-09"
"B 4893-06","2007-11-30","NJA 2005 s. 33","B 4466-02","2005-02-09"
"B 4893-06","2007-11-30","NJA 2005 s. 33","B 4466-02","2005-02-09"
"B 4965-05","2007-07-06","NJA 2006 s. 375","B 1014-06","2006-06-08"
"B 4965-05","2007-07-06","NJA 2006 s. 375","B 1014-06","2006-06-08"
"B 4965-05","2007-07-06","NJA 2006 s. 375","B 1014-06","2006-06-08"
"B 4965-05","2007-07-06","NJA 2006 s. 375","B 1014-06","2006-06-08"
"B 4965-05","2007-07-06","NJA 2006 s. 375","B 1014-06","2006-06-08"
"B 5248-06","2008-07-10","NJA 2008 s. 705","B 1866-07","2008-06-11"
"B 5248-06","2008-07-10","NJA 2008 s. 705","B 1866-07","2008-06-11"
"B 5251-06","2008-05-14","NJA 2000 s. 17","B 2973-99","2000-01-05"
"B 5251-06","2008-05-14","NJA 2000 s. 17","B 2286-99","2000-01-05"
"B 5251-06","2008-05-14","NJA 2000 s. 17","B 1330-99","2000-01-05"
"B 5251-06","2008-05-14","NJA 2002 s. 653","B 1907-02","2002-12-18"
"B 5251-06","2008-05-14","NJA 2000 s. 17","B 2973-99","2000-01-05"
"B 5251-06","2008-05-14","NJA 2000 s. 17","B 2286-99","2000-01-05"
"B 5251-06","2008-05-14","NJA 2000 s. 17","B 1330-99","2000-01-05"
"B 5251-06","2008-05-14","NJA 2000 s. 17","B 2973-99","2000-01-05"
"B 5251-06","2008-05-14","NJA 2000 s. 17","B 2286-99","2000-01-05"
"B 5251-06","2008-05-14","NJA 2000 s. 17","B 1330-99","2000-01-05"
"B 5251-06","2008-05-14","NJA 2002 s. 653","B 1907-02","2002-12-18"
"B 5251-06","2008-05-14","NJA 2000 s. 17","B 2973-99","2000-01-05"
"B 5251-06","2008-05-14","NJA 2000 s. 17","B 2286-99","2000-01-05"
"B 5251-06","2008-05-14","NJA 2000 s. 17","B 1330-99","2000-01-05"
"B 71-05","2006-03-17","NJA 2005 s. 732","B 1598-04","2005-11-11"
"B 769-07","2007-06-07","NJA 2006 s. 388","B 2996-05","2006-06-12"
"B 769-07","2007-06-07","NJA 2005 s. 283","B 3808-04","2005-04-27"
"B 769-07","2007-06-07","NJA 1997 s. 172","B 5776-96","1997-03-21"
"B 769-07","2007-06-07","NJA 1996 s. 365","B 1366-96","1996-06-12"
"B 772-00","2000-06-14","NJA 1997 s. 767","T 1702-96","1997-11-14"
"B 772-00","2000-06-14","NJA 1997 s. 767","T 1701-96","1997-11-14"
"B 772-00","2000-06-14","NJA 1992 s. 541","T 221-90","1992-04-15"
"B 927-07","2008-05-09","NJA 1997 s. 359","B 5882-94","1997-06-05"
"B 927-07","2008-05-09","NJA 1997 s. 359","B 5882-94","1997-06-05"
"B 93-00","2000-04-19","NJA 1999 s. 769","B 3038-99","1999-12-15"
"T 1071-06","2007-02-23","NJA 2002 s. 75","T 30672-98","2002-02-14"
"T 127-05","2007-09-20","NJA 1999 s. 812","T 2047-97","1999-12-30"
"T 127-05","2007-09-20","NJA 1999 s. 812","T 2047-97","1999-12-30"
"T 127-05","2007-09-20","NJA 1999 s. 812","T 2047-97","1999-12-30"
"T 127-05","2007-09-20","NJA 1999 s. 812","T 2047-97","1999-12-30"
"T 127-05","2007-09-20","NJA 1996 s. 52","T 2390-94","1996-02-12"
"T 128-06","2007-11-30","NJA 2002 s. 630","T 4406-01","2002-12-16"
"T 128-06","2007-11-30","NJA 1992 s. 728","T 251-89","1992-11-16"
"T 128-06","2007-11-30","NJA 1992 s. 728","T 251-89","1992-11-16"
"T 128-06","2007-11-30","NJA 1992 s. 728","T 251-89","1992-11-16"
"T 1280-06","2008-09-02","NJA 2007 s. 891","T 2246-05","2007-11-28"
"T 1280-06","2008-09-02","NJA 2002 s. 322","T 1277-99","2002-06-07"
"T 1280-06","2008-09-02","NJA 2002 s. 94","T 4956-99","2002-02-19"
"T 1280-06","2008-09-02","NJA 2001 s. 627","B 3016-00","2001-10-18"
"T 1280-06","2008-09-02","NJA 1995 s. 661","B 2810-95","1995-12-01"
"T 1280-06","2008-09-02","NJA 1990 s. 401","B 156-89","1990-07-03"
"T 1280-06","2008-09-02","NJA 1990 s. 401","B 156-89","1990-07-03"
"T 1280-06","2008-09-02","NJA 2002 s. 322","T 1277-99","2002-06-07"
"T 1280-06","2008-09-02","NJA 1995 s. 661","B 2810-95","1995-12-01"
"T 1280-06","2008-09-02","NJA 2007 s. 891","T 2246-05","2007-11-28"
"T 1280-06","2008-09-02","NJA 2002 s. 94","T 4956-99","2002-02-19"
"T 1280-06","2008-09-02","NJA 2001 s. 627","B 3016-00","2001-10-18"
"T 1280-06","2008-09-02","NJA 2004 s. 682","T 1588-01","2004-12-01"
"T 1280-06","2008-09-02","NJA 2002 s. 322","T 1277-99","2002-06-07"
"T 1280-06","2008-09-02","NJA 1990 s. 401","B 156-89","1990-07-03"
"T 129-05","2005-12-20","NJA 2000 s. 355","B 29-99","2000-07-07"
"T 129-05","2005-12-20","NJA 2000 s. 355","B 29-99","2000-07-07"
"T 136-02","2003-11-06","NJA 1999 s. 632","T 107-96","1999-10-18"
"T 136-02","2003-11-06","NJA 1993 s. 41","T 309-91","1993-02-24"
"T 136-02","2003-11-06","NJA 1993 s. 41","B 2251-92","1993-02-24"
"T 136-02","2003-11-06","NJA 1993 s. 41","T 309-91","1993-02-24"
"T 136-02","2003-11-06","NJA 1993 s. 41","B 2251-92","1993-02-24"
"T 136-02","2003-11-06","NJA 1993 s. 41","T 309-91","1993-02-24"
"T 136-02","2003-11-06","NJA 1993 s. 41","B 2251-92","1993-02-24"
"T 1388-02","2004-05-11","NJA 1995 s. 41","T 970-93","1995-02-10"
"T 14182-02","2007-11-22","NJA 2005 s. 462","T 72-04","2005-06-09"
"T 14182-02","2007-11-22","NJA 1993 s. 13","T 279-90","1993-02-08"
"T 14182-02","2007-11-22","NJA 2005 s. 462","T 72-04","2005-06-09"
"T 14182-02","2007-11-22","NJA 2003 s. 285","T 989-02","2003-06-19"
"T 14182-02","2007-11-22","NJA 1994 s. 654","T 5276-93","1994-11-21"
"T 14182-02","2007-11-22","NJA 2002 s. 88","T 1482-01","2002-02-15"
"T 14182-02","2007-11-22","NJA 2003 s. 285","T 989-02","2003-06-19"
"T 14182-02","2007-11-22","NJA 1994 s. 654","T 5276-93","1994-11-21"
"T 1421-07","2009-04-09","NJA 2004 s. 149","T 218-02","2004-04-02"
"T 1421-07","2009-04-09","NJA 1995 s. 164","T 2078-94","1995-03-28"
"T 1421-07","2009-04-09","NJA 1994 s. 74","T 1138-92","1994-02-23"
"T 1421-07","2009-04-09","NJA 1994 s. 74","T 1138-92","1994-02-23"
"T 1421-07","2009-04-09","NJA 2004 s. 149","T 218-02","2004-04-02"
"T 1421-07","2009-04-09","NJA 1994 s. 74","T 1138-92","1994-02-23"
"T 1421-07","2009-04-09","NJA 1995 s. 164","T 2078-94","1995-03-28"
"T 1421-07","2009-04-09","NJA 2004 s. 149","T 218-02","2004-04-02"
"T 1421-07","2009-04-09","NJA 1995 s. 164","T 2078-94","1995-03-28"
"T 1447-02","2006-02-21","NJA 1993 s. 429","T 2539-91","1993-09-07"
"T 1462-06","2008-02-26","NJA 2007 s. 909","T 128-06","2007-11-30"
"T 1518-02","2003-01-09","NJA 1999 s. 632","T 107-96","1999-10-18"
"T 1518-02","2003-01-09","NJA 1993 s. 41","T 309-91","1993-02-24"
"T 1518-02","2003-01-09","NJA 1993 s. 41","B 2251-92","1993-02-24"
"T 1588-01","2004-12-01","NJA 2002 s. 322","T 1277-99","2002-06-07"
"T 1588-01","2004-12-01","NJA 2002 s. 322","T 1277-99","2002-06-07"
"T 1588-01","2004-12-01","NJA 2002 s. 322","T 1277-99","2002-06-07"
"T 177-05","2009-09-30","NJA 2009 s. 291","T 443-08","2009-05-27"
"T 177-05","2009-09-30","NJA 2005 s. 142","T 4233-01","2005-03-18"
"T 181-00","2001-11-06","NJA 1997 s. 44","T 1778-92","1997-02-12"
"T 2017-06","2008-03-28","NJA 1985 s. 352","T 183-84","1985-04-12"
"T 2017-06","2008-03-28","NJA 1985 s. 352","T 183-84","1985-04-12"
"T 2038-07","2008-12-30","NJA 2004 s. 279","T 1356-02","2004-05-25"
"T 2038-07","2008-12-30","NJA 2004 s. 279","T 1356-02","2004-05-25"
"T 2038-07","2008-12-30","NJA 2004 s. 279","T 1356-02","2004-05-25"
"T 2038-07","2008-12-30","NJA 2004 s. 279","T 1356-02","2004-05-25"
"T 2038-07","2008-12-30","NJA 2004 s. 279","T 1356-02","2004-05-25"
"T 21062-01","2005-12-28","NJA 2002 s. 398","T 21061-01","2002-09-10"
"T 2166-02","2004-04-27","NJA 1995 s. 41","T 970-93","1995-02-10"
"T 2166-02","2004-04-27","NJA 1990 s. 361","B 745-89","1990-06-27"
"T 2166-02","2004-04-27","NJA 1995 s. 41","T 970-93","1995-02-10"
"T 2166-02","2004-04-27","NJA 1990 s. 361","B 745-89","1990-06-27"
"T 2166-02","2004-04-27","NJA 1990 s. 361","B 745-89","1990-06-27"
"T 218-02","2004-04-02","NJA 2002 s. 178","T 828-01","2002-04-11"
"T 218-02","2004-04-02","NJA 1995 s. 256","T 403-94","1995-04-20"
"T 218-02","2004-04-02","NJA 2002 s. 178","T 828-01","2002-04-11"
"T 218-02","2004-04-02","NJA 1996 s. 712","T 142-96","1996-11-26"
"T 218-02","2004-04-02","NJA 1995 s. 256","T 403-94","1995-04-20"
"T 2224-07","2008-10-01","NJA 2006 s. 170","T 2100-05","2006-03-28"
"T 2224-07","2008-10-01","NJA 2007 s. 540","T 4961-05","2007-07-06"
"T 2224-07","2008-10-01","NJA 2006 s. 170","T 2100-05","2006-03-28"
"T 2224-07","2008-10-01","NJA 2007 s. 540","T 4961-05","2007-07-06"
"T 2224-07","2008-10-01","NJA 2006 s. 170","T 2100-05","2006-03-28"
"T 2246-05","2007-11-28","NJA 2005 s. 462","T 72-04","2005-06-09"
"T 2246-05","2007-11-28","NJA 2005 s. 462","T 72-04","2005-06-09"
"T 2281-07","2007-04-17","NJA 2006 s. 26","T 308-05","2006-02-08"
"T 2281-07","2007-04-17","NJA 2000 s. 345","T 5367-99","2000-06-28"
"T 2281-07","2007-04-17","NJA 1999 s. 451","T 5206-98","1999-06-17"
"T 2303-05","2006-05-19","NJA 2006 s. 188","B 4411-03","2006-04-06"
"T 2362-01","2005-04-01","NJA 2001 s. 177","T 5001-98","2001-03-27"
"T 2375-05","2009-10-29","NJA 1997 s. 307","T 3238-94","1997-05-21"
"T 2375-05","2009-10-29","NJA 1997 s. 307","T 3238-94","1997-05-21"
"T 2403-06","2007-12-04","NJA 2006 s. 638","T 3004-04","2006-12-11"
"T 2565-02","2004-06-15","NJA 2002 s. 142","T 2877-00","2002-03-20"
"T 2565-02","2004-06-15","NJA 1981 s. 693","T 78-79","1981-06-10"
"T 2565-02","2004-06-15","NJA 1981 s. 693","T 78-79","1981-06-10"
"T 2565-02","2004-06-15","NJA 2002 s. 142","T 2877-00","2002-03-20"
"T 2629-01","2002-10-31","NJA 1992 s. 66","T 320-89","1992-02-19"
"T 2639-07","2009-06-11","NJA 1993 s. 222","T 175-92","1993-05-26"
"T 2639-07","2009-06-11","NJA 1993 s. 222","T 175-92","1993-05-26"
"T 2684-07","2008-07-18","NJA 1981 s. 693","T 78-79","1981-06-10"
"T 2684-07","2008-07-18","NJA 2002 s. 142","T 2877-00","2002-03-20"
"T 2684-07","2008-07-18","NJA 2002 s. 3","T 2667-00","2002-01-02"
"T 2684-07","2008-07-18","NJA 1986 s. 513","T 427-84","1986-09-25"
"T 2684-07","2008-07-18","NJA 2002 s. 142","T 2877-00","2002-03-20"
"T 2684-07","2008-07-18","NJA 1981 s. 693","T 78-79","1981-06-10"
"T 2684-07","2008-07-18","NJA 2004 s. 397","T 2565-02","2004-06-15"
"T 2684-07","2008-07-18","NJA 2002 s. 142","T 2877-00","2002-03-20"
"T 2684-07","2008-07-18","NJA 2002 s. 142","T 2877-00","2002-03-20"
"T 2684-07","2008-07-18","NJA 1981 s. 693","T 78-79","1981-06-10"
"T 2684-07","2008-07-18","NJA 2002 s. 142","T 2877-00","2002-03-20"
"T 2684-07","2008-07-18","NJA 2004 s. 397","T 2565-02","2004-06-15"
"T 2684-07","2008-07-18","NJA 2004 s. 397","T 2565-02","2004-06-15"
"T 2684-07","2008-07-18","NJA 2002 s. 142","T 2877-00","2002-03-20"
"T 2684-07","2008-07-18","NJA 2004 s. 397","T 2565-02","2004-06-15"
"T 2684-07","2008-07-18","NJA 2002 s. 142","T 2877-00","2002-03-20"
"T 2787-07","2009-05-05","NJA 1993 s. 484","T 262-90","1993-09-27"
"T 285-02","2003-05-28","NJA 1996 s. 724","T 3525-94","1996-11-29"
"T 2877-00","2002-03-20","NJA 1981 s. 693","T 78-79","1981-06-10"
"T 2932-05","2007-02-20","NJA 1981 s. 894","T 86-79","1981-09-28"
"T 2932-05","2007-02-20","NJA 1981 s. 894","T 86-79","1981-09-28"
"T 2932-05","2007-02-20","NJA 1996 s. 584","T 1552-94","1996-10-18"
"T 308-05","2006-02-08","NJA 2000 s. 345","T 5367-99","2000-06-28"
"T 3084-05","2007-02-09","NJA 1992 s. 728","T 251-89","1992-11-16"
"T 3084-05","2007-02-09","NJA 1990 s. 24","T 178-89","1990-02-13"
"T 33101-00","2001-04-06","NJA 1996 s. 370","B 276-95","1996-06-13"
"T 3379-06","2008-05-20","NJA 2003 s. 207","T 285-02","2003-05-28"
"T 339-02","2004-01-02","NJA 1997 s. 250","T 4121-94","1997-05-07"
"T 339-02","2004-01-02","NJA 1997 s. 250","T 4121-94","1997-05-07"
"T 3771-06","2010-01-14","NJA 2001 s. 210","T 33101-00","2001-04-06"
"T 3771-06","2010-01-14","NJA 1996 s. 370","B 276-95","1996-06-13"
"T 3771-06","2010-01-14","NJA 2001 s. 210","T 33101-00","2001-04-06"
"T 3771-06","2010-01-14","NJA 2001 s. 210","T 33101-00","2001-04-06"
"T 3771-06","2010-01-14","NJA 1996 s. 370","B 276-95","1996-06-13"
"T 3771-06","2010-01-14","NJA 2001 s. 210","T 33101-00","2001-04-06"
"T 3771-06","2010-01-14","NJA 2001 s. 210","T 33101-00","2001-04-06"
"T 3771-06","2010-01-14","NJA 1996 s. 370","B 276-95","1996-06-13"
"T 3771-06","2010-01-14","NJA 2001 s. 210","T 33101-00","2001-04-06"
"T 3771-06","2010-01-14","NJA 1996 s. 370","B 276-95","1996-06-13"
"T 394-07","2008-05-06","NJA 1995 s. 577","T 4346-94","1995-10-26"
"T 399-07","2008-12-29","NJA 1999 s. 812","T 2047-97","1999-12-30"
"T 399-07","2008-12-29","NJA 1997 s. 115","T 295-93","1997-03-06"
"T 399-07","2008-12-29","NJA 1999 s. 812","T 2047-97","1999-12-30"
"T 399-07","2008-12-29","NJA 1997 s. 115","T 295-93","1997-03-06"
"T 399-07","2008-12-29","NJA 1997 s. 115","T 295-93","1997-03-06"
"T 4000-02","2005-05-03","NJA 2005 s. 324","T 742-03","2005-05-03"
"T 4018-01","2004-06-24","NJA 2001 s. 750","T 4254-00","2001-11-20"
"T 4018-01","2004-06-24","NJA 2001 s. 255","T 155-99","2001-04-19"
"T 4164-05","2007-12-04","NJA 2006 s. 738","B 5150-04","2006-12-29"
"T 4164-05","2007-12-04","NJA 2004 s. 26","T 453-03","2004-02-04"
"T 4164-05","2007-12-04","NJA 2000 s. 521","T 2546-99","2000-10-17"
"T 4164-05","2007-12-04","NJA 2006 s. 738","B 5150-04","2006-12-29"
"T 4164-05","2007-12-04","NJA 2004 s. 26","T 453-03","2004-02-04"
"T 4164-05","2007-12-04","NJA 2000 s. 521","T 2546-99","2000-10-17"
"T 4164-05","2007-12-04","NJA 2006 s. 738","B 5150-04","2006-12-29"
"T 4164-05","2007-12-04","NJA 2004 s. 26","T 453-03","2004-02-04"
"T 4164-05","2007-12-04","NJA 2006 s. 738","B 5150-04","2006-12-29"
"T 4164-05","2007-12-04","NJA 2006 s. 738","B 5150-04","2006-12-29"
"T 4164-05","2007-12-04","NJA 2000 s. 521","T 2546-99","2000-10-17"
"T 4171-05","2007-07-02","NJA 1993 s. 13","T 279-90","1993-02-08"
"T 4171-05","2007-07-02","NJA 1993 s. 13","T 279-90","1993-02-08"
"T 4233-01","2005-03-18","NJA 1994 s. 359","T 280-92","1994-05-16"
"T 4233-01","2005-03-18","NJA 1985 s. 352","T 183-84","1985-04-12"
"T 4233-01","2005-03-18","NJA 1994 s. 359","T 280-92","1994-05-16"
"T 4233-01","2005-03-18","NJA 1994 s. 177","T 193-90","1994-03-30"
"T 4233-01","2005-03-18","NJA 1994 s. 359","T 280-92","1994-05-16"
"T 4254-00","2001-11-20","NJA 2000 s. 48","T 1493-98","2000-01-21"
"B 1727-17","2017-11-17","NJA 2016 s. 453","B 6315-15","2016-06-09"
"B 1727-17","2017-11-17","NJA 2004 s. 164","B 388-03","2004-04-02"
"B 1727-17","2017-11-17","NJA 1996 s. 307","B 5150-95","1996-05-09"
"B 1727-17","2017-11-17","NJA 1996 s. 577","B 3203-96","1996-10-17"
"B 2613-11","2011-10-21","NJA 2009 s. 485","B 5060-08","2009-07-09"
"B 2613-11","2011-10-21","NJA 2009 s. 485","B 4144-08","2009-07-09"
"B 2613-11","2011-10-21","NJA 2009 s. 485","B 3676-08","2009-07-09"
"B 2613-11","2011-10-21","NJA 2008 s. 359","B 1735-07","2008-03-20"
"B 2613-11","2011-10-21","NJA 2003 s. 339","B 2399-03","2003-09-05"
"T 176-12","2014-11-28","NJA 2013 s. 271","T 2394-11","2013-04-17"
"T 176-12","2014-11-28","NJA 2009 s. 16","T 4133-06","2009-02-03"
"T 176-12","2014-11-28","NJA 2005 s. 142","T 4233-01","2005-03-18"
"T 176-12","2014-11-28","NJA 2007 s. 879","T 5180-04","2007-11-27"
"T 176-12","2014-11-28","NJA 2010 s. 629","T 4728-08","2010-12-27"
"T 176-12","2014-11-28","NJA 2001 s. 711","T 181-00","2001-11-06"
"T 176-12","2014-11-28","NJA 2009 s. 16","T 4133-06","2009-02-03"
"T 176-12","2014-11-28","NJA 2000 s. 48","T 1493-98","2000-01-21"
"T 176-12","2014-11-28","NJA 1996 s. 400","T 1034-94","1996-06-24"
"T 25-16","2019-07-11","NJA 2017 s. 601","T 1050-16","2017-07-05"
"T 25-16","2019-07-11","NJA 2009 s. 355","T 2639-07","2009-06-11"
"T 5180-11","2013-10-18","NJA 2011 s. 411","T 1295-09","2011-06-22"
"T 5180-11","2013-10-18","NJA 1994 s. 654","T 5276-93","1994-11-21"
"T 5180-11","2013-10-18","NJA 2010 s. 27","T 133-08","2010-02-02"
"T 5180-11","2013-10-18","NJA 2011 s. 411","T 1295-09","2011-06-22"
"T 5180-11","2013-10-18","NJA 2010 s. 577","T 5072-06","2010-11-25"
"T 5180-11","2013-10-18","NJA 2010 s. 363","T 333-09","2010-06-16"
"T 5180-11","2013-10-18","NJA 2007 s. 862","T 14182-02","2007-11-22"
"T 5180-11","2013-10-18","NJA 2003 s. 285","T 989-02","2003-06-19"
"T 5180-11","2013-10-18","NJA 2002 s. 88","T 1482-01","2002-02-15"
"T 5180-11","2013-10-18","NJA 1994 s. 654","T 5276-93","1994-11-21"
"T 5180-11","2013-10-18","NJA 1994 s. 654","T 5276-93","1994-11-21"
"B 1500-01","2001-06-19","NJA 2001 s. 172","B 1806-00","2001-03-21"
"B 3998-05","2006-03-07","NJA 2003 s. 313","B 965-03","2003-07-10"
"B 3998-05","2006-03-07","NJA 2001 s. 742","T 875-00","2001-11-16"
"T 1657-06","2008-06-11","NJA 1995 s. 367","T 4387-93","1995-06-15"
"T 1657-06","2008-06-11","NJA 1995 s. 367","T 2636-94","1995-06-15"
"T 1657-06","2008-06-11","NJA 1996 s. 52","T 2390-94","1996-02-12"
"T 2639-07","2009-06-11","NJA 1993 s. 222","T 175-92","1993-05-26"
"T 4439-00","2002-10-23","NJA 1995 s. 688","T 3912-93","1995-12-08"
"T 4474-07","2009-02-19","NJA 1975 s. 577","T 487-13","2014-04-23"
"T 4474-07","2009-02-19","NJA 2006 s. 367","T 1559-04","2006-06-08"
"T 4474-07","2009-02-19","NJA 1975 s. 577","T 487-13","2014-04-23"
"T 4474-07","2009-02-19","NJA 2006 s. 367","T 1559-04","2006-06-08"
"T 4474-07","2009-02-19","NJA 1975 s. 577","T 487-13","2014-04-23"
"T 4509-02","2004-05-25","NJA 2004 s. 167","T 269-01","2004-04-06"
"T 4641-07","2009-05-15","NJA 1986 s. 758","T 318-84","1986-12-11"
"T 4641-07","2009-05-15","NJA 1986 s. 758","T 318-84","1986-12-11"
"T 4641-07","2009-05-15","NJA 1986 s. 758","T 318-84","1986-12-11"
"T 4641-07","2009-05-15","NJA 1986 s. 758","T 318-84","1986-12-11"
"T 4641-07","2009-05-15","NJA 1986 s. 758","T 318-84","1986-12-11"
"T 4641-07","2009-05-15","NJA 1986 s. 758","T 318-84","1986-12-11"
"T 4675-01","2004-12-29","NJA 2004 s. 213","T 2166-02","2004-04-27"
"T 4750-07","2009-04-16","NJA 1995 s. 367","T 4387-93","1995-06-15"
"T 4750-07","2009-04-16","NJA 1995 s. 367","T 2636-94","1995-06-15"
"T 4750-07","2009-04-16","NJA 1994 s. 506","T 3023-93","1994-09-01"
"T 4750-07","2009-04-16","NJA 1995 s. 367","T 4387-93","1995-06-15"
"T 4750-07","2009-04-16","NJA 1995 s. 367","T 2636-94","1995-06-15"
"T 4750-07","2009-04-16","NJA 1994 s. 506","T 3023-93","1994-09-01"
"T 4825-07","2009-03-09","NJA 2001 s. 695","T 1866-00","2001-11-01"
"T 4825-07","2009-03-09","NJA 2001 s. 695","T 4958-98","2001-11-01"
"T 4825-07","2009-03-09","NJA 2001 s. 93","T 4814-99","2001-03-01"
"T 4825-07","2009-03-09","NJA 2001 s. 93","T 4743-99","2001-03-01"
"T 4825-07","2009-03-09","NJA 2000 s. 285","T 3840-98","2000-06-15"
"T 4825-07","2009-03-09","NJA 1997 s. 97","T 2880-95","1997-03-04"
"T 4825-07","2009-03-09","NJA 2001 s. 695","T 1866-00","2001-11-01"
"T 4825-07","2009-03-09","NJA 2001 s. 695","T 4958-98","2001-11-01"
"T 4825-07","2009-03-09","NJA 2001 s. 93","T 4814-99","2001-03-01"
"T 4825-07","2009-03-09","NJA 2001 s. 93","T 4743-99","2001-03-01"
"T 4825-07","2009-03-09","NJA 2000 s. 285","T 3840-98","2000-06-15"
"T 4825-07","2009-03-09","NJA 1997 s. 97","T 2880-95","1997-03-04"
"T 4961-05","2007-07-06","NJA 2005 s. 919","T 3637-04","2005-12-27"
"T 4961-05","2007-07-06","NJA 2003 s. 508","T 136-02","2003-11-06"
"T 4961-05","2007-07-06","NJA 1993 s. 138","T 940-93","1993-04-07"
"T 4990-07","2010-07-08","NJA 2002 s. 75","T 30672-98","2002-02-14"
"T 4990-07","2010-07-08","NJA 1996 s. 732","T 814-94","1996-12-10"
"T 4990-07","2010-07-08","NJA 1996 s. 732","T 814-94","1996-12-10"
"T 4998-06","2008-11-20","NJA 2007 s. 431","T 1216-04","2007-06-08"
"T 5072-06","2010-11-25","NJA 2007 s. 862","T 14182-02","2007-11-22"
"T 5072-06","2010-11-25","NJA 2007 s. 862","T 14182-02","2007-11-22"
"T 5072-06","2010-11-25","NJA 2010 s. 363","T 333-09","2010-06-16"
"T 672-06","2007-09-21","NJA 2005 s. 462","T 72-04","2005-06-09"
"T 672-06","2007-09-21","NJA 2005 s. 462","T 72-04","2005-06-09"
"T 672-06","2007-09-21","NJA 2003 s. 414","B 2100-02","2003-10-14"
"T 672-06","2007-09-21","NJA 2005 s. 462","T 72-04","2005-06-09"
"T 672-06","2007-09-21","NJA 2005 s. 462","T 72-04","2005-06-09"
"T 672-06","2007-09-21","NJA 2005 s. 462","T 72-04","2005-06-09"
"T 672-06","2007-09-21","NJA 2007 s. 540","T 4961-05","2007-07-06"
"T 672-06","2007-09-21","NJA 1993 s. 138","T 940-93","1993-04-07"
"T 672-06","2007-09-21","NJA 2003 s. 414","B 2100-02","2003-10-14"
"T 672-06","2007-09-21","NJA 2005 s. 462","T 72-04","2005-06-09"
"T 672-06","2007-09-21","NJA 2005 s. 462","T 72-04","2005-06-09"
"T 875-00","2001-11-16","NJA 1986 s. 319","B 1112-84","1986-06-04"
"T 875-00","2001-11-16","NJA 1986 s. 319","B 1112-84","1986-06-04"
"T 875-00","2001-11-16","NJA 1986 s. 319","B 1112-84","1986-06-04"
"T 923-02","2005-11-03","NJA 2003 s. 414","B 2100-02","2003-10-14"
"T 923-02","2005-11-03","NJA 2005 s. 462","T 72-04","2005-06-09"
"T 923-02","2005-11-03","NJA 2003 s. 414","B 2100-02","2003-10-14"
"T 923-02","2005-11-03","NJA 2005 s. 462","T 72-04","2005-06-09"
"T 930-06","2008-01-04","NJA 2006 s. 638","T 3004-04","2006-12-11"
"T 989-02","2003-06-19","NJA 1994 s. 654","T 5276-93","1994-11-21"
"T 989-02","2003-06-19","NJA 1994 s. 654","T 5276-93","1994-11-21"
"B 1154-95","1997-05-23","NJA 1992 s. 590","B 903-92","1992-10-07"
"B 1234-97","1998-06-17","NJA 1990 s. 319","B 451-89","1990-06-07"
"B 1259-92","1993-03-04","NJA 1992 s. 446","B 1673-92","1992-07-02"
"B 129-90","1990-03-20","NJA 1989 s. 870","B 798-89","1989-11-28"
"B 1469-95","1995-06-26","NJA 1990 s. 354","B 904-89","1990-06-26"
"B 1788-92","1992-12-22","NJA 1992 s. 310","B 2465-91","1992-06-02"
"B 179-90","1990-06-21","NJA 1990 s. 210","B 717-89","1990-04-11"
"B 2160-95","1996-04-01","NJA 1990 s. 542","B 1020-89","1990-09-18"
"B 2538-95","1995-07-31","NJA 1995 s. 119","B 69-95","1995-03-10"
"B 2538-95","1995-07-31","NJA 1994 s. 614","B 3187-94","1994-10-31"
"B 2538-95","1995-07-31","NJA 1995 s. 119","B 69-95","1995-03-10"
"B 2555-96","1996-08-21","NJA 1993 s. 616","B 3864-93","1993-11-24"
"B 2634-95","1995-11-10","NJA 1995 s. 333","B 1306-95","1995-05-26"
"B 273-97","1997-10-09","NJA 1992 s. 470","B 1092-92","1992-07-10"
"B 273-97","1997-10-09","NJA 1992 s. 470","B 1092-92","1992-07-10"
"B 273-97","1997-10-09","NJA 1992 s. 190","B 237-92","1992-03-26"
"B 2810-95","1995-12-01","NJA 1995 s. 226","B 721-95","1995-04-07"
"B 3064-92","1992-11-26","NJA 1990 s. 354","B 904-89","1990-06-26"
"B 316-92","1995-04-19","NJA 1993 s. 753","B 802-91","1993-12-21"
"B 316-92","1995-04-19","NJA 1992 s. 213","T 143-90","1992-04-10"
"B 316-92","1995-04-19","NJA 1993 s. 753","B 802-91","1993-12-21"
"B 3345-96","1996-10-02","NJA 1993 s. 456","B 2860-93","1993-09-15"
"B 3345-96","1996-10-02","NJA 1990 s. 622","B 773-90","1990-10-26"
"B 3345-96","1996-10-02","NJA 1990 s. 578","B 744-90","1990-10-05"
"B 3345-96","1996-10-02","NJA 1989 s. 870","B 798-89","1989-11-28"
"B 3352-95","1996-10-21","NJA 1995 s. 333","B 1306-95","1995-05-26"
"B 3352-95","1996-10-21","NJA 1995 s. 333","B 1306-95","1995-05-26"
"B 3352-95","1996-10-21","NJA 1995 s. 333","B 1306-95","1995-05-26"
"B 3478-95","1995-08-30","NJA 1994 s. 310","B 1407-94","1994-05-05"
"B 3478-95","1995-08-30","NJA 1994 s. 310","B 1407-94","1994-05-05"
"B 3599-96","1996-12-27","NJA 1996 s. 307","B 5150-95","1996-05-09"
"B 3599-96","1996-12-27","NJA 1996 s. 307","B 5150-95","1996-05-09"
"B 3604-97","1997-12-29","NJA 1997 s. 329","B 1154-95","1997-05-23"
"B 3604-97","1997-12-29","NJA 1989 s. 847","B 480-89","1989-12-27"
"B 3604-97","1997-12-29","NJA 1989 s. 847","B 346-89","1989-12-27"
"B 4733-97","1998-02-27","NJA 1997 s. 315","T 2815-95","1997-05-21"
"B 4903-95","1996-03-18","NJA 1992 s. 446","B 1673-92","1992-07-02"
"B 4922-95","1996-06-27","NJA 1992 s. 585","B 747-92","1992-10-07"
"B 5150-95","1996-05-09","NJA 1994 s. 304","B 450-94","1994-05-31"
"B 5150-95","1996-05-09","NJA 1994 s. 304","B 450-94","1994-05-31"
"B 5364-96","1997-03-25","NJA 1996 s. 307","B 5150-95","1996-05-09"
"B 5364-96","1997-03-25","NJA 1996 s. 307","B 5150-95","1996-05-09"
"B 5364-96","1997-03-25","NJA 1994 s. 304","B 450-94","1994-05-31"
"B 5491-96","1997-10-27","NJA 1996 s. 687","T 2742-94","1996-11-18"
"B 5491-96","1997-10-27","NJA 1992 s. 446","B 1673-92","1992-07-02"
"B 5491-96","1997-10-27","NJA 1994 s. 637","B 3252-93","1994-11-16"
"B 5491-96","1997-10-27","NJA 1996 s. 687","T 2742-94","1996-11-18"
"B 5491-96","1997-10-27","NJA 1992 s. 446","B 1673-92","1992-07-02"
"B 5491-96","1997-10-27","NJA 1994 s. 637","B 3252-93","1994-11-16"
"B 5491-96","1997-10-27","NJA 1997 s. 315","T 2815-95","1997-05-21"
"B 5690-95","1996-12-12","NJA 1994 s. 468","B 4980-93","1994-07-06"
"B 5690-95","1996-12-12","NJA 1990 s. 521","B 1071-89","1990-09-12"
"B 5745-96","1997-03-04","NJA 2017 s. 316","B 4648-16","2017-04-13"
"B 5776-96","1997-03-21","NJA 1996 s. 365","B 1366-96","1996-06-12"
"B 69-95","1995-03-10","NJA 1994 s. 614","B 3187-94","1994-10-31"
"B 744-90","1990-10-05","NJA 1989 s. 870","B 798-89","1989-11-28"
"B 744-90","1990-10-05","NJA 1989 s. 870","B 798-89","1989-11-28"
"B 773-90","1990-10-26","NJA 1990 s. 578","B 744-90","1990-10-05"
"B 773-90","1990-10-26","NJA 1989 s. 870","B 798-89","1989-11-28"
"B 990-97","1997-06-11","NJA 1996 s. 806","B 3599-96","1996-12-27"
"B 990-97","1997-06-11","NJA 1992 s. 555","B 19-91","1992-09-28"
"B 990-97","1997-06-11","NJA 1992 s. 555","B 19-91","1992-09-28"
"T 1064-92","1994-06-16","NJA 1986 s. 470","T 523-84","1986-09-12"
"T 1064-92","1994-06-16","NJA 1986 s. 470","T 523-84","1986-09-12"
"T 1064-92","1994-06-16","NJA 1986 s. 470","T 523-84","1986-09-12"
"T 1064-92","1994-06-16","NJA 1986 s. 470","T 523-84","1986-09-12"
"T 1064-92","1994-06-16","NJA 1986 s. 470","T 523-84","1986-09-12"
"T 1064-92","1994-06-16","NJA 1986 s. 470","T 523-84","1986-09-12"
"T 1064-92","1994-06-16","NJA 1986 s. 470","T 523-84","1986-09-12"
"T 107-96","1999-10-18","NJA 1993 s. 41","T 309-91","1993-02-24"
"T 107-96","1999-10-18","NJA 1993 s. 41","B 2251-92","1993-02-24"
"T 107-96","1999-10-18","NJA 1993 s. 41","T 309-91","1993-02-24"
"T 107-96","1999-10-18","NJA 1993 s. 41","B 2251-92","1993-02-24"
"T 107-96","1999-10-18","NJA 1996 s. 509","B 3345-96","1996-10-02"
"T 107-96","1999-10-18","NJA 1996 s. 509","B 3345-96","1996-10-02"
"T 1247-97","1999-04-07","NJA 1993 s. 764","T 274-91","1993-12-28"
"T 1383-92","1992-11-25","NJA 1989 s. 335","T 11-89","1989-06-19"
"T 142-95","1997-05-16","NJA 1986 s. 670","T 517-84","1986-12-04"
"T 142-95","1997-05-16","NJA 1986 s. 670","T 478-84","1986-12-04"
"T 1701-96","1997-11-14","NJA 1997 s. 315","T 2815-95","1997-05-21"
"T 179-90","1992-08-12","NJA 1992 s. 243","T 234-90","1992-04-14"
"T 1824-92","1992-11-25","NJA 1986 s. 193","T 126-84","1986-04-03"
"T 1824-92","1992-11-25","NJA 1986 s. 193","T 126-84","1986-04-03"
"T 1841-97","1999-06-03","NJA 1997 s. 572","T 3839-94","1997-09-04"
"T 1841-97","1999-06-03","NJA 1997 s. 315","T 2815-95","1997-05-21"
"T 1841-97","1999-06-03","NJA 1997 s. 572","T 3839-94","1997-09-04"
"T 1841-97","1999-06-03","NJA 1997 s. 315","T 2815-95","1997-05-21"
"T 193-91","1994-03-16","NJA 1992 s. 66","T 320-89","1992-02-19"
"T 193-91","1994-03-16","NJA 1992 s. 66","T 320-89","1992-02-19"
"T 196-91","1992-11-16","NJA 1992 s. 213","T 143-90","1992-04-10"
"T 2-95","1997-06-24","NJA 1995 s. 742","T 2023-94","1995-12-28"
"T 2-95","1997-06-24","NJA 1995 s. 742","T 2023-94","1995-12-28"
"T 2047-97","1999-12-30","NJA 1985 s. 836","T 153-84","1985-12-04"
"T 2080-95","1997-01-16","NJA 1996 s. 410","T 5788-94","1996-06-24"
"T 2080-95","1997-01-16","NJA 1989 s. 614","T 109-89","1989-10-27"
"T 227-97","1999-05-20","NJA 1990 s. 705","T 191-89","1990-12-03"
"T 230-92","1993-12-06","NJA 1981 s. 640","T 252-79","1981-05-26"
"T 230-92","1993-12-06","NJA 1981 s. 640","T 252-79","1981-05-26"
"T 230-92","1993-12-06","NJA 1981 s. 640","T 252-79","1981-05-26"
"T 239-95","1998-12-22","NJA 1994 s. 381","T 2454-92","1994-06-13"
"T 239-95","1998-12-22","NJA 1994 s. 381","T 2454-92","1994-06-13"
"T 2630-96","1999-06-17","NJA 1992 s. 541","T 221-90","1992-04-15"
"T 2630-96","1999-06-17","NJA 1997 s. 315","T 2815-95","1997-05-21"
"T 2630-96","1999-06-17","NJA 1992 s. 541","T 221-90","1992-04-15"
"T 2630-96","1999-06-17","NJA 1998 s. 86","B 4733-97","1998-02-27"
"T 2630-96","1999-06-17","NJA 1997 s. 315","T 2815-95","1997-05-21"
"T 2630-96","1999-06-17","NJA 1997 s. 723","B 5491-96","1997-10-27"
"T 2630-96","1999-06-17","NJA 1997 s. 315","T 2815-95","1997-05-21"
"T 2637-96","1997-06-25","NJA 1993 s. 764","T 274-91","1993-12-28"
"T 2637-96","1997-06-25","NJA 1993 s. 764","T 274-91","1993-12-28"
"T 264-91","1992-12-21","NJA 1985 s. 561","T 10-84","1985-09-04"
"T 2687-97","1999-07-08","NJA 1995 s. 648","T 2771-94","1995-11-29"
"T 2687-97","1999-07-08","NJA 1995 s. 648","T 2771-94","1995-11-29"
"T 270-91","1995-10-27","NJA 1994 s. 204","T 244-91","1994-04-07"
"T 270-91","1995-10-27","NJA 1994 s. 204","T 244-91","1994-04-07"
"T 2711-95","1997-02-18","NJA 1994 s. 532","T 162-92","1994-10-04"
"T 279-90","1993-02-08","NJA 1989 s. 614","T 109-89","1989-10-27"
"T 285-97","1997-10-16","NJA 1997 s. 468","T 2637-96","1997-06-25"
"T 313-97","1998-04-23","NJA 1997 s. 250","T 4121-94","1997-05-07"
"T 3249-96","1997-07-08","NJA 1997 s. 250","T 4121-94","1997-05-07"
"T 3277-97","1999-02-19","NJA 1992 s. 16","T 207-91","1992-01-08"
"T 3277-97","1999-02-19","NJA 1992 s. 16","T 207-91","1992-01-08"
"T 3467-96","1999-03-30","NJA 1996 s. 652","T 228-95","1996-11-11"
"T 367-90","1993-05-11","NJA 1993 s. 13","T 279-90","1993-02-08"
"T 3792-96","2001-06-26","NJA 1995 s. 688","T 3912-93","1995-12-08"
"T 4119-96","1998-10-20","NJA 1994 s. 130","T 193-91","1994-03-16"
"T 4119-96","1998-10-20","NJA 1992 s. 66","T 320-89","1992-02-19"
"T 412-97","2000-12-21","NJA 1981 s. 562","T 133-79","1981-04-23"
"T 4397-92","1995-05-05","NJA 1993 s. 41","T 309-91","1993-02-24"
"T 4397-92","1995-05-05","NJA 1993 s. 41","B 2251-92","1993-02-24"
"T 46-90","1990-11-29","NJA 1990 s. 205","T 172-89","1990-04-06"
"T 46-90","1990-11-29","NJA 1985 s. 768","T 395-84","1985-12-09"
"T 4634-95","1996-06-13","NJA 1993 s. 41","T 309-91","1993-02-24"
"T 4634-95","1996-06-13","NJA 1993 s. 41","B 2251-92","1993-02-24"
"T 4634-95","1996-06-13","NJA 1993 s. 41","T 309-91","1993-02-24"
"T 4634-95","1996-06-13","NJA 1993 s. 41","B 2251-92","1993-02-24"
"T 4634-95","1996-06-13","NJA 1993 s. 41","T 309-91","1993-02-24"
"T 4634-95","1996-06-13","NJA 1993 s. 41","B 2251-92","1993-02-24"
"T 4634-95","1996-06-13","NJA 1993 s. 41","T 309-91","1993-02-24"
"T 4634-95","1996-06-13","NJA 1993 s. 41","B 2251-92","1993-02-24"
"T 4687-95","1998-12-08","NJA 1981 s. 534","T 209-79","1981-04-15"
"T 47-97","2000-02-16","NJA 1986 s. 136","T 143-84","1986-03-25"
"T 4701-97","1999-06-14","NJA 1997 s. 524","T 1281-93","1997-08-20"
"T 4701-97","1999-06-14","NJA 1996 s. 19","T 288-95","1996-02-05"
"T 4710-95","1997-03-12","NJA 1981 s. 894","T 86-79","1981-09-28"
"T 4710-95","1997-03-12","NJA 1996 s. 584","T 1552-94","1996-10-18"
"T 4710-95","1997-03-12","NJA 1981 s. 894","T 86-79","1981-09-28"
"T 4929-95","1998-07-07","NJA 1997 s. 674","T 2985-93","1997-10-15"
"T 4929-95","1998-07-07","NJA 1997 s. 674","T 2985-93","1997-10-15"
"T 5013-95","1998-11-24","NJA 1990 s. 687","T 300-89","1990-11-29"
"T 5013-95","1998-11-24","NJA 1998 s. 293","T 3688-94","1998-05-20"
"T 5013-95","1998-11-24","NJA 1990 s. 687","T 300-89","1990-11-29"
"T 5013-95","1998-11-24","NJA 1998 s. 293","T 3688-94","1998-05-20"
"T 5013-96","1997-07-10","NJA 1996 s. 687","T 2742-94","1996-11-18"
"T 5013-96","1997-07-10","NJA 1992 s. 446","B 1673-92","1992-07-02"
"T 5013-96","1997-07-10","NJA 1993 s. 68","B 1259-92","1993-03-04"
"T 5013-96","1997-07-10","NJA 1992 s. 446","B 1673-92","1992-07-02"
"T 5043-97","1999-10-06","NJA 1993 s. 13","T 279-90","1993-02-08"
"T 5072-96","2000-07-12","NJA 1998 s. 293","T 3688-94","1998-05-20"
"T 5125-96","1999-09-17","NJA 1994 s. 177","T 193-90","1994-03-30"
"T 5125-96","1999-09-17","NJA 1994 s. 177","T 193-90","1994-03-30"
"T 5125-96","1999-09-17","NJA 1994 s. 177","T 193-90","1994-03-30"
"T 5125-96","1999-09-17","NJA 1994 s. 177","T 193-90","1994-03-30"
"T 5125-96","1999-09-17","NJA 1994 s. 177","T 193-90","1994-03-30"
"T 5393-96","1998-06-10","NJA 1993 s. 594","T 605-93","1993-11-16"
"T 540-95","1996-05-06","NJA 1981 s. 534","T 209-79","1981-04-15"
"T 5786-96","1999-12-30","NJA 1994 s. 177","T 193-90","1994-03-30"
"T 5786-96","1999-12-30","NJA 1994 s. 506","T 3023-93","1994-09-01"
"T 5786-96","1999-12-30","NJA 1985 s. 836","T 153-84","1985-12-04"
"T 5786-96","1999-12-30","NJA 1994 s. 177","T 193-90","1994-03-30"
"T 5786-96","1999-12-30","NJA 1994 s. 506","T 3023-93","1994-09-01"
"T 5786-96","1999-12-30","NJA 1995 s. 25","T 1782-93","1995-02-03"
"T 611-92","1992-12-07","NJA 1990 s. 591","T 59-89","1990-10-09"
"T 625-92","1993-06-11","NJA 1986 s. 702","T 4998-06","2008-11-20"
"T 625-92","1993-06-11","NJA 1986 s. 702","T 4998-06","2008-11-20"
"T 625-92","1993-06-11","NJA 1986 s. 702","T 4998-06","2008-11-20"
"T 79-91","1992-02-17","NJA 1989 s. 335","T 11-89","1989-06-19"
"B 1150-83","1985-05-29","NJA 1984 s. 889","B 183-84","1984-12-07"
"B 136-85","1986-05-06","NJA 1984 s. 751","B 851-84","1984-11-05"
"B 204-85","1985-09-16","NJA 1984 s. 740","B 23-84","1984-11-02"
"B 289-88","1989-02-10","NJA 1985 s. 851","B 1040-84","1985-12-19"
"B 289-88","1989-02-10","NJA 1985 s. 475","B 923-84","1985-06-26"
"B 308-85","1986-09-24","NJA 1985 s. 851","B 1040-84","1985-12-19"
"B 308-85","1986-09-24","NJA 1985 s. 475","B 923-84","1985-06-26"
"B 345-81","1981-10-28","NJA 1981 s. 346","B 524-79","1981-02-25"
"B 447-85","1986-12-01","NJA 1984 s. 889","B 183-84","1984-12-07"
"B 866-86","1987-09-10","NJA 1985 s. 477","B 580-84","1985-06-27"
"B 866-86","1987-09-10","NJA 1985 s. 477","B 580-84","1985-06-27"
"T 137-82","1983-09-23","NJA 1981 s. 323","T 371-79","1981-02-19"
"T 180-86","1987-05-25","NJA 1985 s. 3","T 2-84","1985-01-03"
"T 190-82","1983-07-21","NJA 1981 s. 693","T 78-79","1981-06-10"
"T 204-81","1982-10-07","NJA 1981 s. 693","T 78-79","1981-06-10"
"T 204-81","1982-10-07","NJA 1981 s. 693","T 78-79","1981-06-10"
"T 204-81","1982-10-07","NJA 1981 s. 693","T 78-79","1981-06-10"
"T 204-81","1982-10-07","NJA 1981 s. 693","T 78-79","1981-06-10"
"T 204-81","1982-10-07","NJA 1981 s. 693","T 78-79","1981-06-10"
"T 204-81","1982-10-07","NJA 1981 s. 693","T 78-79","1981-06-10"
"T 204-81","1982-10-07","NJA 1981 s. 693","T 78-79","1981-06-10"
"T 204-81","1982-10-07","NJA 1981 s. 693","T 78-79","1981-06-10"
"T 204-81","1982-10-07","NJA 1981 s. 693","T 78-79","1981-06-10"
"T 204-81","1982-10-07","NJA 1981 s. 693","T 78-79","1981-06-10"
"T 204-81","1982-10-07","NJA 1981 s. 693","T 78-79","1981-06-10"
"T 204-81","1982-10-07","NJA 1981 s. 693","T 78-79","1981-06-10"
"T 204-81","1982-10-07","NJA 1981 s. 693","T 78-79","1981-06-10"
"T 204-81","1982-10-07","NJA 1981 s. 693","T 78-79","1981-06-10"
"T 204-81","1982-10-07","NJA 1981 s. 693","T 78-79","1981-06-10"
"T 312-81","1983-11-24","NJA 1982 s. 390","T 348-79","1982-07-13"
"T 312-81","1983-11-24","NJA 1982 s. 390","T 348-79","1982-07-13"
"T 312-81","1983-11-24","NJA 1982 s. 390","T 348-79","1982-07-13"
"T 344-88","1989-11-17","NJA 1986 s. 44","T 67-84","1986-01-30"
"T 344-88","1989-11-17","NJA 1986 s. 44","T 67-84","1986-01-30"
"T 344-88","1989-11-17","NJA 1986 s. 44","T 67-84","1986-01-30"
"T 344-88","1989-11-17","NJA 1986 s. 44","T 67-84","1986-01-30"
"T 344-88","1989-11-17","NJA 1986 s. 44","T 67-84","1986-01-30"
"T 356-87","1989-03-21","NJA 1985 s. 871","T 226-84","1985-12-20"
"T 356-87","1989-03-21","NJA 1985 s. 871","T 226-84","1985-12-20"
"T 356-87","1989-03-21","NJA 1985 s. 871","T 226-84","1985-12-20"
"T 407-85","1986-12-09","NJA 1986 s. 44","T 67-84","1986-01-30"
"T 407-85","1986-12-09","NJA 1986 s. 44","T 67-84","1986-01-30"
"T 436-82","1984-11-19","NJA 1981 s. 693","T 78-79","1981-06-10"
"T 526-88","1990-04-18","NJA 1985 s. 768","T 395-84","1985-12-09"
"T 526-88","1990-04-18","NJA 1985 s. 768","T 395-84","1985-12-09"
"T 560-83","1985-06-11","NJA 1981 s. 683","T 368-79","1981-06-04"
"T 614-86","1988-06-30","NJA 1985 s. 352","T 183-84","1985-04-12"
"T 614-86","1988-06-30","NJA 1985 s. 352","T 183-84","1985-04-12"
"T 67-87","1989-05-31","NJA 1982 s. 691","T 121-79","1982-11-02"
"T 67-87","1989-05-31","NJA 1982 s. 691","T 121-79","1982-11-02"
"B 1109-19","2020-03-26","NJA 2017 s. 1053","T 36-17","2017-12-21"
"B 1109-19","2020-03-26","NJA 2017 s. 1053","T 36-17","2017-12-21"
"B 1109-19","2020-03-26","NJA 2018 s. 1010","B 1751-18","2018-12-14"
"B 1109-19","2020-03-26","NJA 2018 s. 1010","B 1751-18","2018-12-14"
"B 1109-19","2020-03-26","NJA 2019 s. 305","B 3289-18","2019-04-18"
"B 1109-19","2020-03-26","NJA 2019 s. 600","T 620-19","2019-07-03"
"B 1109-19","2020-03-26","NJA 1990 s. 361","B 745-89","1990-06-27"
"B 1109-19","2020-03-26","NJA 2019 s. 305","B 3289-18","2019-04-18"
"B 136-20","2020-04-09","NJA 2015 s. 222","B 360-14","2015-04-10"
"B 136-20","2020-04-09","NJA 2012 s. 211","T 3470-10","2012-04-11"
"B 136-20","2020-04-09","NJA 2015 s. 222","B 360-14","2015-04-10"
"B 2413-18","2019-09-12","NJA 2016 s. 763","B 379-16","2016-07-14"
"B 2413-18","2019-09-12","NJA 2004 s. 176","B 4189-03","2004-04-06"
"B 2413-18","2019-09-12","NJA 2019 s. 668","B 1200-19","2019-07-11"
"B 2413-18","2019-09-12","NJA 2016 s. 763","B 379-16","2016-07-14"
"B 2413-18","2019-09-12","NJA 2004 s. 176","B 4189-03","2004-04-06"
"B 2413-18","2019-09-12","NJA 2019 s. 668","B 1200-19","2019-07-11"
"B 2413-18","2019-09-12","NJA 2016 s. 763","B 379-16","2016-07-14"
"B 2413-18","2019-09-12","NJA 1993 s. 157","B 761-92","1993-04-08"
"B 2413-18","2019-09-12","NJA 2016 s. 763","B 379-16","2016-07-14"
"B 2413-18","2019-09-12","NJA 2009 s. 149","B 4275-08","2009-04-08"
"B 2413-18","2019-09-12","NJA 2004 s. 702","B 3454-04","2004-12-02"
"B 2413-18","2019-09-12","NJA 2004 s. 479","B 1126-04","2004-07-02"
"B 2413-18","2019-09-12","NJA 2016 s. 763","B 379-16","2016-07-14"
"B 2413-18","2019-09-12","NJA 2004 s. 176","B 4189-03","2004-04-06"
"B 2413-18","2019-09-12","NJA 2019 s. 668","B 1200-19","2019-07-11"
"B 2413-18","2019-09-12","NJA 2016 s. 763","B 379-16","2016-07-14"
"B 2413-18","2019-09-12","NJA 2004 s. 176","B 4189-03","2004-04-06"
"B 2413-18","2019-09-12","NJA 2016 s. 763","B 379-16","2016-07-14"
"B 2413-18","2019-09-12","NJA 2016 s. 763","B 379-16","2016-07-14"
"B 2413-18","2019-09-12","NJA 2016 s. 763","B 379-16","2016-07-14"
"B 2413-18","2019-09-12","NJA 2016 s. 763","B 379-16","2016-07-14"
"B 2413-18","2019-09-12","NJA 2004 s. 176","B 4189-03","2004-04-06"
"B 2413-18","2019-09-12","NJA 2004 s. 176","B 4189-03","2004-04-06"
"B 2413-18","2019-09-12","NJA 2016 s. 702","B 1326-15","2016-07-07"
"B 2413-18","2019-09-12","NJA 1993 s. 157","B 761-92","1993-04-08"
"B 2570-19","2020-03-13","NJA 2015 s. 386","B 1000-14","2015-06-12"
"B 2570-19","2020-03-13","NJA 2013 s. 1227","B 272-13","2013-12-27"
"B 2570-19","2020-03-13","NJA 2003 s. 144","B 1038-03","2003-05-02"
"B 2570-19","2020-03-13","NJA 2004 s. 97","B 2182-03","2004-02-27"
"B 2570-19","2020-03-13","NJA 2014 s. 559","B 5484-13","2014-07-04"
"B 2570-19","2020-03-13","NJA 2013 s. 1227","B 272-13","2013-12-27"
"B 2570-19","2020-03-13","NJA 2014 s. 990","B 1041-14","2014-12-23"
"B 2570-19","2020-03-13","NJA 2015 s. 386","B 1000-14","2015-06-12"
"B 2570-19","2020-03-13","NJA 2000 s. 17","B 2973-99","2000-01-05"
"B 2570-19","2020-03-13","NJA 2000 s. 17","B 2286-99","2000-01-05"
"B 2570-19","2020-03-13","NJA 2000 s. 17","B 1330-99","2000-01-05"
"B 2570-19","2020-03-13","NJA 1999 s. 269","B 5297-98","1999-05-18"
"B 2570-19","2020-03-13","NJA 2014 s. 559","B 5484-13","2014-07-04"
"B 3928-19","2020-03-12","NJA 2014 s. 658","B 1296-14","2014-09-26"
"B 3928-19","2020-03-12","NJA 2014 s. 658","B 1296-14","2014-09-26"
"B 4685-19","2020-03-05","NJA 2012 s. 45","B 4234-11","2012-03-07"
"B 4685-19","2020-03-05","NJA 2004 s. 702","B 3454-04","2004-12-02"
"B 4685-19","2020-03-05","NJA 2012 s. 45","B 4234-11","2012-03-07"
"B 5301-18","2020-03-17","NJA 2008 s. 705","B 1866-07","2008-06-11"
"B 5301-18","2020-03-17","NJA 2008 s. 705","B 1866-07","2008-06-11"
"B 5301-18","2020-03-17","NJA 1993 s. 539","B 2833-91","1993-10-20"
"B 5301-18","2020-03-17","NJA 2008 s. 705","B 1866-07","2008-06-11"
"B 5301-18","2020-03-17","NJA 2008 s. 705","B 1866-07","2008-06-11"
"B 5301-18","2020-03-17","NJA 1993 s. 539","B 2833-91","1993-10-20"
"B 5301-18","2020-03-17","NJA 2008 s. 705","B 1866-07","2008-06-11"
"B 5438-19","2020-03-17","NJA 1999 s. 702","B 2245-99","1999-11-12"
"B 5524-18","2019-12-27","NJA 1989 s. 564","B 320-89","1989-10-18"
"B 5524-18","2019-12-27","NJA 2013 s. 922","B 2089-12","2013-11-01"
"B 5524-18","2019-12-27","NJA 2016 s. 859","B 3667-15","2016-11-01"
"B 5524-18","2019-12-27","NJA 1994 s. 153","B 5053-93","1994-03-25"
"B 5524-18","2019-12-27","NJA 1990 s. 578","B 744-90","1990-10-05"
"B 5524-18","2019-12-27","NJA 2015 s. 1024","B 3277-15","2015-12-21"
"B 5524-18","2019-12-27","NJA 2013 s. 922","B 2089-12","2013-11-01"
"B 5524-18","2019-12-27","NJA 2017 s. 45","B 5248-15","2017-02-08"
"B 5524-18","2019-12-27","NJA 2012 s. 650","B 5908-10","2012-10-31"
"B 5524-18","2019-12-27","NJA 2008 s. 359","B 1735-07","2008-03-20"
"B 5524-18","2019-12-27","NJA 2000 s. 314","B 3231-99","2000-06-22"
"B 5524-18","2019-12-27","NJA 2012 s. 650","B 5908-10","2012-10-31"
"B 5524-18","2019-12-27","NJA 2008 s. 653","B 301-08","2008-06-03"
"B 5534-18","2019-10-11","NJA 2019 s. 238","B 4878-18","2019-03-22"
"B 5534-18","2019-10-11","NJA 2018 s. 378","B 3924-17","2018-06-11"
"B 5534-18","2019-10-11","NJA 2008 s. 359","B 1735-07","2008-03-20"
"B 5534-18","2019-10-11","NJA 2018 s. 767","B 2678-18","2018-10-10"
"B 5534-18","2019-10-11","NJA 2017 s. 1129","B 1776-17","2017-12-22"
"B 5534-18","2019-10-11","NJA 2017 s. 531","B 256-17","2017-06-21"
"B 5534-18","2019-10-11","NJA 2018 s. 1010","B 1751-18","2018-12-14"
"B 5534-18","2019-10-11","NJA 2018 s. 767","B 2678-18","2018-10-10"
"B 5534-18","2019-10-11","NJA 2018 s. 634","B 4680-17","2018-07-13"
"B 5534-18","2019-10-11","NJA 2018 s. 574","B 4885-17","2018-07-05"
"B 5534-18","2019-10-11","NJA 2017 s. 966","B 147-17","2017-11-29"
"B 5534-18","2019-10-11","NJA 2018 s. 378","B 3924-17","2018-06-11"
"B 5534-18","2019-10-11","NJA 2007 s. 973","B 4554-06","2007-12-10"
"B 5534-18","2019-10-11","NJA 2006 s. 524","B 391-06","2006-09-13"
"B 5534-18","2019-10-11","NJA 2007 s. 973","B 4554-06","2007-12-10"
"B 5534-18","2019-10-11","NJA 2017 s. 966","B 147-17","2017-11-29"
"B 5534-18","2019-10-11","NJA 2017 s. 966","B 147-17","2017-11-29"
"B 5534-18","2019-10-11","NJA 2007 s. 973","B 4554-06","2007-12-10"
"B 5534-18","2019-10-11","NJA 2011 s. 89","B 53-11","2011-04-19"
"B 5534-18","2019-10-11","NJA 2019 s. 492","B 6195-18","2019-06-11"
"B 5534-18","2019-10-11","NJA 2018 s. 634","B 4680-17","2018-07-13"
"B 5534-18","2019-10-11","NJA 2018 s. 1010","B 1751-18","2018-12-14"
"B 5898-18","2019-12-27","NJA 2011 s. 725","B 750-11","2011-11-02"
"B 5898-18","2019-12-27","NJA 2015 s. 45","B 1471-13","2015-03-04"
"B 5898-18","2019-12-27","NJA 2016 s. 680","B 5819-14","2016-06-30"
"B 5898-18","2019-12-27","NJA 2012 s. 764","B 2535-11","2012-11-22"
"B 5898-18","2019-12-27","NJA 1994 s. 480","B 1156-92","1994-07-12"
"B 5898-18","2019-12-27","NJA 1994 s. 480","B 2048-15","2016-03-29"
"B 6140-18","2019-12-10","NJA 2009 s. 586","B 5097-08","2009-09-30"
"B 6140-18","2019-12-10","NJA 2003 s. 495","B 3546-03","2003-11-03"
"B 6140-18","2019-12-10","NJA 1994 s. 699","B 1414-94","1994-12-09"
"B 6140-18","2019-12-10","NJA 1990 s. 743","B 384-90","1990-12-06"
"B 6140-18","2019-12-10","NJA 1994 s. 699","B 1414-94","1994-12-09"
"B 6140-18","2019-12-10","NJA 1990 s. 743","B 384-90","1990-12-06"
"B 6140-18","2019-12-10","NJA 2009 s. 586","B 5097-08","2009-09-30"
"B 6140-18","2019-12-10","NJA 2009 s. 586","B 5097-08","2009-09-30"
"B 6140-18","2019-12-10","NJA 1994 s. 699","B 1414-94","1994-12-09"
"B 6140-18","2019-12-10","NJA 2009 s. 586","B 5097-08","2009-09-30"
"B 6140-18","2019-12-10","NJA 2003 s. 495","B 3546-03","2003-11-03"
"B 6140-18","2019-12-10","NJA 1990 s. 743","B 384-90","1990-12-06"
"B 6140-18","2019-12-10","NJA 2009 s. 586","B 5097-08","2009-09-30"
"B 6140-18","2019-12-10","NJA 2003 s. 495","B 3546-03","2003-11-03"
"B 6140-18","2019-12-10","NJA 1994 s. 699","B 1414-94","1994-12-09"
"B 6140-18","2019-12-10","NJA 1990 s. 743","B 384-90","1990-12-06"
"B 6140-18","2019-12-10","NJA 1994 s. 699","B 1414-94","1994-12-09"
"B 6140-18","2019-12-10","NJA 1990 s. 743","B 384-90","1990-12-06"
"B 6140-18","2019-12-10","NJA 2009 s. 586","B 5097-08","2009-09-30"
"T 1274-19","2019-12-03","NJA 1997 s. 813","T 1327-95","1997-12-10"
"T 1274-19","2019-12-03","NJA 2012 s. 441","T 5537-10","2012-06-20"
"T 1274-19","2019-12-03","NJA 2009 s. 291","T 443-08","2009-05-27"
"T 1274-19","2019-12-03","NJA 2004 s. 3","T 339-02","2004-01-02"
"T 1305-19","2020-04-17","NJA 1992 s. 728","T 251-89","1992-11-16"
"T 1305-19","2020-04-17","NJA 2016 s. 689","T 1834-15","2016-07-05"
"T 2841-18","2019-11-07","NJA 2018 s. 414","T 12-17","2018-06-13"
"T 2841-18","2019-11-07","NJA 1994 s. 598","T 239-94","1994-10-26"
"T 2841-18","2019-11-07","NJA 1995 s. 693","T 90-93","1995-12-12"
"T 2841-18","2019-11-07","NJA 2018 s. 414","T 12-17","2018-06-13"
"T 2841-18","2019-11-07","NJA 1994 s. 598","T 239-94","1994-10-26"
"T 2841-18","2019-11-07","NJA 2018 s. 414","T 12-17","2018-06-13"
"T 2841-18","2019-11-07","NJA 2018 s. 414","T 12-17","2018-06-13"
"T 2841-18","2019-11-07","NJA 1994 s. 598","T 239-94","1994-10-26"
"T 2841-18","2019-11-07","NJA 2013 s. 842","T 5180-11","2013-10-18"
"T 2841-18","2019-11-07","NJA 2013 s. 842","T 5180-11","2013-10-18"
"T 2841-18","2019-11-07","NJA 2018 s. 414","T 12-17","2018-06-13"
"T 2841-18","2019-11-07","NJA 2018 s. 414","T 12-17","2018-06-13"
"T 2841-18","2019-11-07","NJA 2013 s. 842","T 5180-11","2013-10-18"
"T 2841-18","2019-11-07","NJA 1994 s. 654","T 5276-93","1994-11-21"
"T 2841-18","2019-11-07","NJA 2018 s. 414","T 12-17","2018-06-13"
"T 293-19","2019-12-13","NJA 1975 s. 577","T 487-13","2014-04-23"
"T 293-19","2019-12-13","NJA 1975 s. 577","T 487-13","2014-04-23"
"T 2973-18","2019-10-14","NJA 2018 s. 913","T 1144-18","2018-11-23"
"T 2977-18","2019-12-18","NJA 2014 s. 272","T 3420-12","2014-04-17"
"T 2977-18","2019-12-18","NJA 1996 s. 224","T 1752-94","1996-03-29"
"T 2977-18","2019-12-18","NJA 1996 s. 224","T 1752-94","1996-03-29"
"T 2996-18","2019-12-23","NJA 2017 s. 642","T 3590-16","2017-07-11"
"T 3191-18","2019-11-06","NJA 2003 s. 384","T 184-03","2003-10-03"
"T 3191-18","2019-11-06","NJA 2014 s. 760","T 176-12","2014-11-28"
"T 3191-18","2019-11-06","NJA 2003 s. 384","T 184-03","2003-10-03"
"T 3191-18","2019-11-06","NJA 2003 s. 384","T 184-03","2003-10-03"
"T 3808-19","2019-12-30","NJA 2006 s. 738","B 5150-04","2006-12-29"
"T 3808-19","2019-12-30","NJA 2004 s. 26","T 453-03","2004-02-04"
"T 3808-19","2019-12-30","NJA 2012 s. 358","T 1440-11","2012-06-08"
"T 3808-19","2019-12-30","NJA 1997 s. 315","T 2815-95","1997-05-21"
"T 3808-19","2019-12-30","NJA 2006 s. 738","B 5150-04","2006-12-29"
"T 3808-19","2019-12-30","NJA 2017 s. 938","T 44351-16","2017-11-24"
"T 3808-19","2019-12-30","NJA 2017 s. 938","T 44351-16","2017-11-24"
"T 3808-19","2019-12-30","NJA 2017 s. 938","T 44351-16","2017-11-24"
"T 3808-19","2019-12-30","NJA 2017 s. 938","T 44351-16","2017-11-24"
"T 3808-19","2019-12-30","NJA 2019 s. 668","B 1200-19","2019-07-11"
"T 4144-19","2020-03-18","NJA 2019 s. 279","B 5533-18","2019-04-10"
"T 481-19","2020-01-29","NJA 2015 s. 1040","T 9162-13","2015-12-22"
"T 481-19","2020-01-29","NJA 2012 s. 725","T 1144-11","2012-11-12"
"T 481-19","2020-01-29","NJA 2014 s. 760","T 176-12","2014-11-28"
"T 481-19","2020-01-29","NJA 2015 s. 346","T 5452-13","2015-06-09"
"T 481-19","2020-01-29","NJA 2015 s. 141","B 4653-14","2015-03-25"
"T 481-19","2020-01-29","NJA 1990 s. 93","T 17-89","1990-03-09"
"T 481-19","2020-01-29","NJA 2019 s. 136","T 1600-18","2019-03-15"
"T 481-19","2020-01-29","NJA 2019 s. 136","T 1600-18","2019-03-15"
"T 5736-18","2019-11-01","NJA 2013 s. 524","T 1030-12","2013-06-13"
"T 5736-18","2019-11-01","NJA 1996 s. 724","T 3525-94","1996-11-29"
"T 5736-18","2019-11-01","NJA 2005 s. 205","T 2362-01","2005-04-01"
"T 5736-18","2019-11-01","NJA 2017 s. 1105","T 435-17","2017-12-22"
"T 5736-18","2019-11-01","NJA 2009 s. 244","T 4641-07","2009-05-15"
"T 5736-18","2019-11-01","NJA 2013 s. 524","T 1030-12","2013-06-13"
"T 5736-18","2019-11-01","NJA 2019 s. 347","B 5057-18","2019-04-29"
"T 5736-18","2019-11-01","NJA 1996 s. 724","T 3525-94","1996-11-29"
"T 5778-18","2019-10-29","NJA 2016 s. 237","T 3573-14","2016-04-05"
"T 5778-18","2019-10-29","NJA 2016 s. 237","T 3573-14","2016-04-05"
"T 5778-18","2019-10-29","NJA 2016 s. 346","T 6237-14","2016-05-11"
"T 5803-18","2019-09-05","NJA 2017 s. 261","T 6030-15","2017-04-11"
"T 5803-18","2019-09-05","NJA 2017 s. 9","T 230-15","2017-02-07"
"T 5803-18","2019-09-05","NJA 2016 s. 1011","T 3445-15","2016-11-22"
"T 5803-18","2019-09-05","NJA 2006 s. 367","T 1559-04","2006-06-08"
"T 5803-18","2019-09-05","NJA 2017 s. 261","T 6030-15","2017-04-11"
"T 5803-18","2019-09-05","NJA 2017 s. 261","T 6030-15","2017-04-11"
"T 5803-18","2019-09-05","NJA 2017 s. 261","T 6030-15","2017-04-11"
"T 5803-18","2019-09-05","NJA 2017 s. 261","T 6030-15","2017-04-11"
"T 5803-18","2019-09-05","NJA 2017 s. 261","T 6030-15","2017-04-11"
"T 5803-18","2019-09-05","NJA 2017 s. 261","T 6030-15","2017-04-11"
"T 5803-18","2019-09-05","NJA 2006 s. 367","T 1559-04","2006-06-08"
"T 6146-18","2020-04-09","NJA 2012 s. 328","B 1803-10","2012-05-14"
"T 6146-18","2020-04-09","NJA 2012 s. 328","B 1803-10","2012-05-14"
"T 853-18","2020-01-23","NJA 2011 s. 109","T 4028-07","2011-04-27"
"T 853-18","2020-01-23","NJA 2011 s. 109","T 4028-07","2011-04-27"
"T 853-18","2020-01-23","NJA 2011 s. 109","T 4028-07","2011-04-27"
"T 853-18","2020-01-23","NJA 2011 s. 109","T 4028-07","2011-04-27"
"T 909-19","2020-03-05","NJA 2004 s. 279","T 1356-02","2004-05-25"
"T 909-19","2020-03-05","NJA 2004 s. 279","T 1356-02","2004-05-25"
"B 1371-20","2020-09-23","NJA 2012 s. 1038","B 1982-11","2012-12-21"
"B 1371-20","2020-09-23","NJA 2017 s. 814","B 3492-17","2017-11-09"
"B 1371-20","2020-09-23","NJA 2015 s. 769","B 410-15","2015-11-11"
"B 1371-20","2020-09-23","NJA 2019 s. 553","B 549-19","2019-06-19"
"B 1371-20","2020-09-23","NJA 2019 s. 238","B 4878-18","2019-03-22"
"B 1371-20","2020-09-23","NJA 2018 s. 378","B 3924-17","2018-06-11"
"B 1371-20","2020-09-23","NJA 1995 s. 405","B 1469-95","1995-06-26"
"B 1371-20","2020-09-23","NJA 2015 s. 702","B 4003-14","2015-11-04"
"B 1371-20","2020-09-23","NJA 2015 s. 702","B 4003-14","2015-11-04"
"B 1371-20","2020-09-23","NJA 2011 s. 627","B 2973-11","2011-10-18"
"B 1371-20","2020-09-23","NJA 2016 s. 3","B 4653-15","2016-02-03"
"B 1371-20","2020-09-23","NJA 2013 s. 376","B 5613-12","2013-05-28"
"B 1462-19","2020-10-20","NJA 1990 s. 526","B 712-90","1990-09-12"
"B 1462-19","2020-10-20","NJA 1994 s. 65","B 2288-93","1994-02-21"
"B 1487-20","2021-04-01","NJA 2010 s. 374","B 4411-09","2010-06-18"
"B 1487-20","2021-04-01","NJA 2017 s. 1070","B 2787-16","2017-12-22"
"B 1487-20","2021-04-01","NJA 2016 s. 202","B 5373-15","2016-03-31"
"B 1487-20","2021-04-01","NJA 2017 s. 1070","B 2787-16","2017-12-22"
"B 1997-20","2021-06-03","NJA 2018 s. 1103","B 1858-18","2018-12-21"
"B 1997-20","2021-06-03","NJA 2015 s. 578","T 3935-14","2015-07-09"
"B 1997-20","2021-06-03","NJA 2018 s. 1103","B 1858-18","2018-12-21"
"B 2173-19","2020-10-06","NJA 2013 s. 502","B 4946-12","2013-06-11"
"B 2173-19","2020-10-06","NJA 2005 s. 856","B 397-04","2005-12-05"
"B 2173-19","2020-10-06","NJA 2013 s. 502","B 4946-12","2013-06-11"
"B 2179-20","2021-03-04","NJA 2003 s. 414","B 2100-02","2003-10-14"
"B 2179-20","2021-03-04","NJA 2005 s. 385","B 2673-04","2005-05-27"
"B 2498-19","2020-11-26","NJA 2012 s. 521","B 2470-10","2012-07-12"
"B 2671-20","2020-10-21","NJA 2017 s. 1129","B 1776-17","2017-12-22"
"B 2671-20","2020-10-21","NJA 2017 s. 531","B 256-17","2017-06-21"
"B 27-21","2021-11-10","NJA 2018 s. 574","B 4885-17","2018-07-05"
"B 27-21","2021-11-10","NJA 2018 s. 574","B 4885-17","2018-07-05"
"B 27-21","2021-11-10","NJA 2015 s. 1129","B 2266-15","2015-12-30"
"B 27-21","2021-11-10","NJA 1992 s. 320","B 1510-92","1992-06-02"
"B 27-21","2021-11-10","NJA 1992 s. 320","B 1510-92","1992-06-02"
"B 27-21","2021-11-10","NJA 2015 s. 1129","B 2266-15","2015-12-30"
"B 27-21","2021-11-10","NJA 1992 s. 320","B 1510-92","1992-06-02"
"B 27-21","2021-11-10","NJA 1997 s. 842","B 221-97","1997-12-22"
"B 2855-20","2021-03-02","NJA 2018 s. 378","B 3924-17","2018-06-11"
"B 2855-20","2021-03-02","NJA 2017 s. 1129","B 1776-17","2017-12-22"
"B 2855-20","2021-03-02","NJA 2016 s. 95","B 2268-15","2016-03-11"
"B 2855-20","2021-03-02","NJA 2018 s. 378","B 3924-17","2018-06-11"
"B 2855-20","2021-03-02","NJA 2005 s. 33","B 4466-02","2005-02-09"
"B 2855-20","2021-03-02","NJA 2016 s. 95","B 2268-15","2016-03-11"
"B 2855-20","2021-03-02","NJA 2018 s. 378","B 3924-17","2018-06-11"
"B 2855-20","2021-03-02","NJA 2017 s. 1129","B 1776-17","2017-12-22"
"B 2862-20","2021-07-02","NJA 2003 s. 313","B 965-03","2003-07-10"
"B 2862-20","2021-07-02","NJA 2015 s. 1024","B 3277-15","2015-12-21"
"B 2862-20","2021-07-02","NJA 2003 s. 313","B 965-03","2003-07-10"
"B 3054-19","2020-07-10","NJA 1997 s. 121","T 933-93","1997-03-06"
"B 3596-18","2020-06-10","NJA 2012 s. 247","B 3775-10","2012-04-20"
"B 3596-18","2020-06-10","NJA 1993 s. 687","B 2154-92","1993-12-02"
"B 3596-18","2020-06-10","NJA 2015 s. 811","B 3645-14","2015-11-19"
"B 3596-18","2020-06-10","NJA 1993 s. 687","B 2154-92","1993-12-02"
"B 3596-18","2020-06-10","NJA 2005 s. 252","B 2879-03","2005-04-25"
"B 3596-18","2020-06-10","NJA 2005 s. 252","B 2879-03","2005-04-25"
"B 3596-18","2020-06-10","NJA 2012 s. 247","B 3775-10","2012-04-20"
"B 3961-19","2020-06-17","NJA 1996 s. 590","B 2677-95","1996-10-18"
"B 3961-19","2020-06-17","NJA 2013 s. 397","B 5689-12","2013-05-28"
"B 4072-21","2021-11-17","NJA 2018 s. 1103","B 1858-18","2018-12-21"
"B 4072-21","2021-11-17","NJA 2015 s. 501","B 5680-14","2015-06-12"
"B 4072-21","2021-11-17","NJA 2018 s. 1103","B 1858-18","2018-12-21"
"B 4072-21","2021-11-17","NJA 2015 s. 501","B 5680-14","2015-06-12"
"B 4072-21","2021-11-17","NJA 2018 s. 1103","B 1858-18","2018-12-21"
"B 4072-21","2021-11-17","NJA 2015 s. 501","B 5680-14","2015-06-12"
"B 4175-20","2021-04-21","NJA 2018 s. 394","B 4918-17","2018-06-12"
"B 4175-20","2021-04-21","NJA 2011 s. 638","B 2150-11","2011-10-20"
"B 4175-20","2021-04-21","NJA 2007 s. 547","B 259-07","2007-07-06"
"B 4175-20","2021-04-21","NJA 2011 s. 638","B 2150-11","2011-10-20"
"B 4175-20","2021-04-21","NJA 2003 s. 323","B 2076-03","2003-09-01"
"B 423-20","2021-03-04","NJA 2015 s. 702","B 4003-14","2015-11-04"
"B 423-20","2021-03-04","NJA 2015 s. 702","B 4003-14","2015-11-04"
"B 423-20","2021-03-04","NJA 2011 s. 89","B 53-11","2011-04-19"
"B 4294-20","2021-05-20","NJA 2016 s. 553","B 2095-15","2016-06-14"
"B 4294-20","2021-05-20","NJA 2018 s. 378","B 3924-17","2018-06-11"
"B 4564-21","2021-12-21","NJA 2008 s. 626","B 509-08","2008-05-21"
"B 4564-21","2021-12-21","NJA 1984 s. 751","B 851-84","1984-11-05"
"B 4564-21","2021-12-21","NJA 2017 s. 1129","B 1776-17","2017-12-22"
"B 4564-21","2021-12-21","NJA 1984 s. 751","B 851-84","1984-11-05"
"B 4564-21","2021-12-21","NJA 2019 s. 553","B 549-19","2019-06-19"
"B 4564-21","2021-12-21","NJA 2017 s. 1129","B 1776-17","2017-12-22"
"B 4564-21","2021-12-21","NJA 2016 s. 95","B 2268-15","2016-03-11"
"B 4914-20","2021-02-26","NJA 2016 s. 3","B 4653-15","2016-02-03"
"B 4914-20","2021-02-26","NJA 2018 s. 378","B 3924-17","2018-06-11"
"B 4914-20","2021-02-26","NJA 2013 s. 376","B 5613-12","2013-05-28"
"B 4914-20","2021-02-26","NJA 2018 s. 975","B 2228-18","2018-12-11"
"B 4914-20","2021-02-26","NJA 2016 s. 809","B 6278-15","2016-10-10"
"B 4914-20","2021-02-26","NJA 2016 s. 3","B 4653-15","2016-02-03"
"B 4914-20","2021-02-26","NJA 2013 s. 376","B 5613-12","2013-05-28"
"B 5175-19","2020-12-03","NJA 1992 s. 126","B 412-91","1992-02-12"
"B 5175-19","2020-12-03","NJA 1993 s. 277","B 1705-93","1993-06-15"
"B 5175-19","2020-12-03","NJA 1994 s. 637","B 3252-93","1994-11-16"
"B 5175-19","2020-12-03","NJA 1992 s. 594","B 1671-92","1992-10-16"
"B 5175-19","2020-12-03","NJA 1994 s. 637","B 3252-93","1994-11-16"
"B 5175-19","2020-12-03","NJA 1999 s. 702","B 2245-99","1999-11-12"
"B 5175-19","2020-12-03","NJA 2007 s. 805","B 2673-06","2007-11-07"
"B 5175-19","2020-12-03","NJA 2007 s. 805","B 2115-06","2007-11-07"
"B 5306-19","2020-07-02","NJA 2012 s. 79","B 5008-11","2012-03-14"
"B 5306-19","2020-07-02","NJA 2011 s. 89","B 53-11","2011-04-19"
"B 5575-20","2021-03-19","NJA 2012 s. 79","B 5008-11","2012-03-14"
"B 5575-20","2021-03-19","NJA 2012 s. 79","B 5008-11","2012-03-14"
"B 5575-20","2021-03-19","NJA 2014 s. 559","B 5484-13","2014-07-04"
"B 5575-20","2021-03-19","NJA 2017 s. 138","B 6067-15","2017-02-24"
"B 5595-19","2021-05-05","NJA 2014 s. 559","B 5484-13","2014-07-04"
"B 5938-20","2021-06-21","NJA 2014 s. 559","B 5484-13","2014-07-04"
"B 5938-20","2021-06-21","NJA 2015 s. 45","B 1471-13","2015-03-04"
"B 5948-17","2019-11-13","NJA 2014 s. 559","B 5484-13","2014-07-04"
"B 5948-17","2019-11-13","NJA 2015 s. 405","B 5390-13","2015-06-16"
"B 5948-17","2019-11-13","NJA 2013 s. 7","B 380-11","2013-01-22"
"B 5948-17","2019-11-13","NJA 2003 s. 486","B 2740-03","2003-10-29"
"B 5960-20","2021-09-10","NJA 2015 s. 1024","B 3277-15","2015-12-21"
"B 5960-20","2021-09-10","NJA 2016 s. 553","B 2095-15","2016-06-14"
"B 5960-20","2021-09-10","NJA 2008 s. 359","B 1735-07","2008-03-20"
"B 5960-20","2021-09-10","NJA 2010 s. 485","B 2377-09","2010-10-19"
"B 5987-19","2020-12-21","NJA 2005 s. 805","B 1050-05","2005-11-29"
"B 5987-19","2020-12-21","NJA 1996 s. 577","B 3203-96","1996-10-17"
"B 5987-19","2020-12-21","NJA 2006 s. 467","B 119-06","2006-07-06"
"B 5987-19","2020-12-21","NJA 1999 s. 702","B 2245-99","1999-11-12"
"B 5987-19","2020-12-21","NJA 1999 s. 702","B 2245-99","1999-11-12"
"B 5987-19","2020-12-21","NJA 2006 s. 467","B 119-06","2006-07-06"
"B 5987-19","2020-12-21","NJA 2006 s. 467","B 119-06","2006-07-06"
"B 5987-19","2020-12-21","NJA 2005 s. 805","B 1050-05","2005-11-29"
"B 5987-19","2020-12-21","NJA 1996 s. 577","B 3203-96","1996-10-17"
"B 6037-19","2020-06-17","NJA 2015 s. 501","B 5680-14","2015-06-12"
"B 6037-19","2020-06-17","NJA 2018 s. 1103","B 1858-18","2018-12-21"
"B 6037-19","2020-06-17","NJA 2019 s. 305","B 3289-18","2019-04-18"
"B 6037-19","2020-06-17","NJA 2017 s. 491","B 1727-16","2017-06-14"
"B 6037-19","2020-06-17","NJA 2016 s. 129","B 5692-14","2016-03-15"
"B 6041-16","2017-11-08","NJA 2009 s. 424","B 3672-07","2009-06-15"
"B 6041-16","2017-11-08","NJA 2009 s. 424","B 3672-07","2009-06-15"
"B 6041-16","2017-11-08","NJA 2009 s. 424","B 3672-07","2009-06-15"
"B 6041-16","2017-11-08","NJA 2017 s. 531","B 256-17","2017-06-21"
"B 6041-16","2017-11-08","NJA 2016 s. 95","B 2268-15","2016-03-11"
"B 6041-16","2017-11-08","NJA 2009 s. 424","B 3672-07","2009-06-15"
"B 6041-16","2017-11-08","NJA 2017 s. 531","B 256-17","2017-06-21"
"B 6041-16","2017-11-08","NJA 2016 s. 95","B 2268-15","2016-03-11"
"B 6041-16","2017-11-08","NJA 2009 s. 424","B 3672-07","2009-06-15"
"B 6041-16","2017-11-08","NJA 2009 s. 424","B 3672-07","2009-06-15"
"B 6041-20","2021-06-01","NJA 2005 s. 712","B 3193-05","2005-11-02"
"B 6041-20","2021-06-01","NJA 2016 s. 809","B 6278-15","2016-10-10"
"B 6041-20","2021-06-01","NJA 2013 s. 376","B 5613-12","2013-05-28"
"B 6041-20","2021-06-01","NJA 2013 s. 376","B 5613-12","2013-05-28"
"B 6041-20","2021-06-01","NJA 2016 s. 809","B 6278-15","2016-10-10"
"B 6092-20","2021-11-11","NJA 2002 s. 653","B 1907-02","2002-12-18"
"B 6092-20","2021-11-11","NJA 2002 s. 653","B 1907-02","2002-12-18"
"B 6101-19","2021-03-31","NJA 1999 s. 275","B 4575-98","1999-05-19"
"B 6101-19","2021-03-31","NJA 2005 s. 805","B 1050-05","2005-11-29"
"B 6137-20","2021-12-01","NJA 2009 s. 836","B 3549-09","2009-12-11"
"B 6137-20","2021-12-01","NJA 2009 s. 836","B 3549-09","2009-12-11"
"B 6137-20","2021-12-01","NJA 2009 s. 836","B 3549-09","2009-12-11"
"B 6137-20","2021-12-01","NJA 2009 s. 836","B 3549-09","2009-12-11"
"B 6137-20","2021-12-01","NJA 2009 s. 836","B 3549-09","2009-12-11"
"B 6137-20","2021-12-01","NJA 2009 s. 836","B 3549-09","2009-12-11"
"B 6137-20","2021-12-01","NJA 2009 s. 836","B 3549-09","2009-12-11"
"B 6197-20","2021-12-01","NJA 2009 s. 836","B 3549-09","2009-12-11"
"B 6197-20","2021-12-01","NJA 2009 s. 836","B 3549-09","2009-12-11"
"B 6197-20","2021-12-01","NJA 2009 s. 836","B 3549-09","2009-12-11"
"B 6197-20","2021-12-01","NJA 2009 s. 836","B 3549-09","2009-12-11"
"B 6197-20","2021-12-01","NJA 2009 s. 836","B 3549-09","2009-12-11"
"B 6197-20","2021-12-01","NJA 2009 s. 836","B 3549-09","2009-12-11"
"B 6197-20","2021-12-01","NJA 2009 s. 836","B 3549-09","2009-12-11"
"B 6249-20","2021-06-30","NJA 2018 s. 677","B 573-18","2018-09-19"
"B 6249-20","2021-06-30","NJA 2009 s. 599","B 2074-09","2009-10-21"
"B 6249-20","2021-06-30","NJA 2018 s. 150","B 4531-17","2018-03-20"
"B 6249-20","2021-06-30","NJA 2015 s. 769","B 410-15","2015-11-11"
"B 6337-19","2020-06-12","NJA 2001 s. 627","B 3016-00","2001-10-18"
"B 6641-20","2021-10-08","NJA 2009 s. 559","B 3439-07","2009-09-29"
"B 6641-20","2021-10-08","NJA 2014 s. 559","B 5484-13","2014-07-04"
"B 6641-20","2021-10-08","NJA 2009 s. 559","B 3439-07","2009-09-29"
"B 6641-20","2021-10-08","NJA 2009 s. 559","B 3439-07","2009-09-29"
"B 6641-20","2021-10-08","NJA 2017 s. 446","B 3878-15","2017-06-12"
"B 6641-20","2021-10-08","NJA 2017 s. 446","B 3878-15","2017-06-12"
"B 6641-20","2021-10-08","NJA 2009 s. 559","B 3439-07","2009-09-29"
"B 6641-20","2021-10-08","NJA 2014 s. 559","B 5484-13","2014-07-04"
"B 6705-20","2021-12-30","NJA 2006 s. 228","B 2328-05","2006-04-19"
"B 6852-20","2021-07-14","NJA 2013 s. 376","B 5613-12","2013-05-28"
"B 6852-20","2021-07-14","NJA 1994 s. 310","B 1407-94","1994-05-05"
"B 6852-20","2021-07-14","NJA 2015 s. 702","B 4003-14","2015-11-04"
"B 6852-20","2021-07-14","NJA 2016 s. 809","B 6278-15","2016-10-10"
"B 6852-20","2021-07-14","NJA 2013 s. 376","B 5613-12","2013-05-28"
"B 6852-20","2021-07-14","NJA 2013 s. 376","B 5613-12","2013-05-28"
"B 958-20","2020-07-08","NJA 2018 s. 767","B 2678-18","2018-10-10"
"B 958-20","2020-07-08","NJA 2018 s. 634","B 4680-17","2018-07-13"
"B 978-20","2021-02-22","NJA 2017 s. 415","B 4368-16","2017-05-19"
"B 978-20","2021-02-22","NJA 2017 s. 415","B 4368-16","2017-05-19"
"B 978-20","2021-02-22","NJA 2017 s. 415","B 4368-16","2017-05-19"
"T 1268-20","2021-03-18","NJA 2015 s. 346","T 5452-13","2015-06-09"
"T 1268-20","2021-03-18","NJA 2001 s. 255","T 155-99","2001-04-19"
"T 1291-21","2021-10-08","NJA 2006 s. 181","T 3692-04","2006-04-05"
"T 1291-21","2021-10-08","NJA 2006 s. 181","T 3692-04","2006-04-05"
"T 1291-21","2021-10-08","NJA 2006 s. 181","T 3692-04","2006-04-05"
"T 1291-21","2021-10-08","NJA 2006 s. 181","T 3692-04","2006-04-05"
"T 1291-21","2021-10-08","NJA 2017 s. 1208","T 3000-17","2017-12-29"
"T 1291-21","2021-10-08","NJA 2006 s. 181","T 3692-04","2006-04-05"
"T 1291-21","2021-10-08","NJA 1997 s. 315","T 2815-95","1997-05-21"
"T 1291-21","2021-10-08","NJA 1997 s. 315","T 2815-95","1997-05-21"
"T 1291-21","2021-10-08","NJA 1997 s. 572","T 3839-94","1997-09-04"
"T 1291-21","2021-10-08","NJA 1997 s. 315","T 2815-95","1997-05-21"
"T 1291-21","2021-10-08","NJA 2017 s. 938","T 44351-16","2017-11-24"
"T 1291-21","2021-10-08","NJA 1997 s. 315","T 2815-95","1997-05-21"
"T 1413-19","2020-07-09","NJA 2017 s. 113","T 3034-15","2017-02-24"
"T 1781-19","2020-10-23","NJA 2013 s. 909","T 1637-12","2013-10-31"
"T 1781-19","2020-10-23","NJA 2013 s. 51","T 3508-11","2013-02-15"
"T 1781-19","2020-10-23","NJA 2013 s. 909","T 1637-12","2013-10-31"
"T 1781-19","2020-10-23","NJA 2007 s. 663","T 166-06","2007-10-09"
"T 1848-20","2021-02-26","NJA 2005 s. 237","B 4456-04","2005-04-21"
"T 1848-20","2021-02-26","NJA 2006 s. 181","T 3692-04","2006-04-05"
"T 1848-20","2021-02-26","NJA 1999 s. 632","T 107-96","1999-10-18"
"T 1848-20","2021-02-26","NJA 2005 s. 237","B 4456-04","2005-04-21"
"T 1848-20","2021-02-26","NJA 2006 s. 181","T 3692-04","2006-04-05"
"T 1848-20","2021-02-26","NJA 2005 s. 237","B 4456-04","2005-04-21"
"T 1848-20","2021-02-26","NJA 2000 s. 521","T 2546-99","2000-10-17"
"T 1858-21","2021-12-28","NJA 2015 s. 899","T 3269-13","2015-12-17"
"T 1858-21","2021-12-28","NJA 2015 s. 323","T 2762-14","2015-06-08"
"T 1858-21","2021-12-28","NJA 2015 s. 899","T 3269-13","2015-12-17"
"T 2517-21","2021-12-23","NJA 2018 s. 743","B 2646-18","2018-09-28"
"T 2517-21","2021-12-23","NJA 2018 s. 833","T 2286-18","2018-11-22"
"T 264-12","2013-06-05","NJA 2003 s. 58","T 1621-01","2003-02-10"
"T 264-12","2013-06-05","NJA 1997 s. 825","T 1212-95","1997-12-19"
"T 2829-19","2020-12-10","NJA 2019 s. 445","T 4179-18","2019-06-04"
"T 2829-19","2020-12-10","NJA 2011 s. 576","T 1212-10","2011-09-21"
"T 2829-19","2020-12-10","NJA 2016 s. 237","T 3573-14","2016-04-05"
"T 2829-19","2020-12-10","NJA 2016 s. 945","T 960-15","2016-11-03"
"T 2829-19","2020-12-10","NJA 2011 s. 576","T 1212-10","2011-09-21"
"T 2829-19","2020-12-10","NJA 2017 s. 261","T 6030-15","2017-04-11"
"T 2829-19","2020-12-10","NJA 2019 s. 445","T 4179-18","2019-06-04"
"T 2838-20","2021-05-27","NJA 2018 s. 266","T 2196-17","2018-04-17"
"T 2948-19","2020-10-27","NJA 2015 s. 741","T 980-14","2015-11-06"
"T 2948-19","2020-10-27","NJA 2007 s. 709","T 2062-06","2007-10-23"
"T 3132-20","2020-12-29","NJA 1993 s. 41","T 309-91","1993-02-24"
"T 3132-20","2020-12-29","NJA 1993 s. 41","B 2251-92","1993-02-24"
"T 3132-20","2020-12-29","NJA 2007 s. 953","T 4164-05","2007-12-04"
"T 3132-20","2020-12-29","NJA 2006 s. 738","B 5150-04","2006-12-29"
"T 3132-20","2020-12-29","NJA 2011 s. 638","B 2150-11","2011-10-20"
"T 3132-20","2020-12-29","NJA 2004 s. 26","T 453-03","2004-02-04"
"T 3132-20","2020-12-29","NJA 2000 s. 521","T 2546-99","2000-10-17"
"T 3132-20","2020-12-29","NJA 1993 s. 41","T 309-91","1993-02-24"
"T 3132-20","2020-12-29","NJA 1993 s. 41","B 2251-92","1993-02-24"
"T 3132-20","2020-12-29","NJA 1999 s. 632","T 107-96","1999-10-18"
"T 3132-20","2020-12-29","NJA 1993 s. 41","T 309-91","1993-02-24"
"T 3132-20","2020-12-29","NJA 1993 s. 41","B 2251-92","1993-02-24"
"T 3132-20","2020-12-29","NJA 2017 s. 1208","T 3000-17","2017-12-29"
"T 3132-20","2020-12-29","NJA 2011 s. 638","B 2150-11","2011-10-20"
"T 3132-20","2020-12-29","NJA 2007 s. 953","T 4164-05","2007-12-04"
"T 3132-20","2020-12-29","NJA 2006 s. 738","B 5150-04","2006-12-29"
"T 3132-20","2020-12-29","NJA 2017 s. 1208","T 3000-17","2017-12-29"
"T 3332-20","2021-06-16","NJA 2016 s. 107","T 3313-14","2016-03-14"
"T 3332-20","2021-06-16","NJA 2016 s. 107","T 3313-14","2016-03-14"
"T 3332-20","2021-06-16","NJA 1992 s. 66","T 320-89","1992-02-19"
"T 3332-20","2021-06-16","NJA 2016 s. 107","T 3313-14","2016-03-14"
"T 3372-20","2021-06-21","NJA 2013 s. 145","T 2847-11","2013-03-27"
"T 3372-20","2021-06-21","NJA 1997 s. 684","T 285-97","1997-10-16"
"T 3372-20","2021-06-21","NJA 2001 s. 368","T 2848-99","2001-06-06"
"T 3372-20","2021-06-21","NJA 1997 s. 468","T 2637-96","1997-06-25"
"T 3372-20","2021-06-21","NJA 2013 s. 145","T 2847-11","2013-03-27"
"T 3372-20","2021-06-21","NJA 2001 s. 368","T 2848-99","2001-06-06"
"T 3372-20","2021-06-21","NJA 1997 s. 468","T 2637-96","1997-06-25"
"T 3372-20","2021-06-21","NJA 1994 s. 162","T 1893-91","1994-03-28"
"T 3372-20","2021-06-21","NJA 2013 s. 145","T 2847-11","2013-03-27"
"T 3372-20","2021-06-21","NJA 1981 s. 683","T 368-79","1981-06-04"
"T 3372-20","2021-06-21","NJA 2001 s. 368","T 2848-99","2001-06-06"
"T 3372-20","2021-06-21","NJA 1997 s. 468","T 2637-96","1997-06-25"
"T 3781-20","2021-10-08","NJA 2014 s. 545","T 4170-12","2014-07-07"
"T 396-19","2020-06-16","NJA 2009 s. 291","T 443-08","2009-05-27"
"T 396-19","2020-06-16","NJA 2018 s. 602","T 4448-17","2018-07-12"
"T 396-19","2020-06-16","NJA 2009 s. 291","T 443-08","2009-05-27"
"T 3982-20","2021-12-02","NJA 1990 s. 93","T 17-89","1990-03-09"
"T 3982-20","2021-12-02","NJA 2017 s. 642","T 3590-16","2017-07-11"
"T 3982-20","2021-12-02","NJA 1990 s. 93","T 17-89","1990-03-09"
"T 3982-20","2021-12-02","NJA 1986 s. 470","T 523-84","1986-09-12"
"T 3982-20","2021-12-02","NJA 1986 s. 470","T 523-84","1986-09-12"
"T 3982-20","2021-12-02","NJA 1990 s. 93","T 17-89","1990-03-09"
"T 3982-20","2021-12-02","NJA 1994 s. 449","T 1064-92","1994-06-16"
"T 3982-20","2021-12-02","NJA 1986 s. 470","T 523-84","1986-09-12"
"T 4012-20","2021-07-20","NJA 2015 s. 1040","T 9162-13","2015-12-22"
"T 4012-20","2021-07-20","NJA 2018 s. 301","T 3671-17","2018-05-04"
"T 4012-20","2021-07-20","NJA 2015 s. 1040","T 9162-13","2015-12-22"
"T 4012-20","2021-07-20","NJA 2014 s. 960","T 511-13","2014-12-23"
"T 4012-20","2021-07-20","NJA 2018 s. 301","T 3671-17","2018-05-04"
"T 4012-20","2021-07-20","NJA 2014 s. 960","T 511-13","2014-12-23"
"T 4012-20","2021-07-20","NJA 2014 s. 760","T 176-12","2014-11-28"
"T 4012-20","2021-07-20","NJA 2014 s. 760","T 176-12","2014-11-28"
"T 4071-20","2021-07-30","NJA 2001 s. 750","T 4254-00","2001-11-20"
"T 4071-20","2021-07-30","NJA 2015 s. 741","T 980-14","2015-11-06"
"T 4071-20","2021-07-30","NJA 2015 s. 741","T 980-14","2015-11-06"
"T 4071-20","2021-07-30","NJA 2001 s. 750","T 4254-00","2001-11-20"
"T 4071-20","2021-07-30","NJA 2015 s. 741","T 980-14","2015-11-06"
"T 4071-20","2021-07-30","NJA 2015 s. 741","T 980-14","2015-11-06"
"T 4071-20","2021-07-30","NJA 2001 s. 3","T 370-99","2001-01-02"
"T 4071-20","2021-07-30","NJA 2015 s. 741","T 980-14","2015-11-06"
"T 4071-20","2021-07-30","NJA 2015 s. 741","T 980-14","2015-11-06"
"T 4071-20","2021-07-30","NJA 2014 s. 960","T 511-13","2014-12-23"
"T 4071-20","2021-07-30","NJA 2001 s. 3","T 370-99","2001-01-02"
"T 4171-20","2021-07-16","NJA 1998 s. 534","T 1872-97","1998-10-09"
"T 4171-20","2021-07-16","NJA 1998 s. 534","T 1872-97","1998-10-09"
"T 4238-19","2020-07-03","NJA 2016 s. 596","T 2194-15","2016-06-16"
"T 4238-19","2020-07-03","NJA 2016 s. 596","T 2194-15","2016-06-16"
"T 4238-19","2020-07-03","NJA 2016 s. 596","T 2194-15","2016-06-16"
"T 4238-19","2020-07-03","NJA 2016 s. 596","T 2194-15","2016-06-16"
"T 4238-19","2020-07-03","NJA 2009 s. 776","B 1354-07","2009-11-19"
"T 4412-19","2020-03-18","NJA 2015 s. 899","T 3269-13","2015-12-17"
"T 4412-19","2020-03-18","NJA 1998 s. 838","B 4367-97","1998-12-21"
"T 4412-19","2020-03-18","NJA 1998 s. 838","B 4367-97","1998-12-21"
"T 4457-20","2021-12-03","NJA 1996 s. 652","T 228-95","1996-11-11"
"T 4494-20","2021-07-15","NJA 2014 s. 960","T 511-13","2014-12-23"
"T 4494-20","2021-07-15","NJA 2015 s. 741","T 980-14","2015-11-06"
"T 4558-21","2021-12-10","NJA 2017 s. 938","T 44351-16","2017-11-24"
"T 4558-21","2021-12-10","NJA 2011 s. 3","T 1872-09","2011-01-03"
"T 4558-21","2021-12-10","NJA 2017 s. 938","T 44351-16","2017-11-24"
"T 4558-21","2021-12-10","NJA 2017 s. 938","T 44351-16","2017-11-24"
"T 4558-21","2021-12-10","NJA 2011 s. 3","T 1872-09","2011-01-03"
"T 5018-20","2021-03-31","NJA 2016 s. 107","T 3313-14","2016-03-14"
"T 5018-20","2021-03-31","NJA 1998 s. 462","T 2785-97","1998-07-03"
"T 5018-20","2021-03-31","NJA 1986 s. 366","T 351-84","1986-07-01"
"T 5018-20","2021-03-31","NJA 2016 s. 3","B 4653-15","2016-02-03"
"T 5613-20","2021-12-01","NJA 2018 s. 171","T 1566-17","2018-03-23"
"T 5613-20","2021-12-01","NJA 2017 s. 1195","T 1451-17","2017-12-29"
"T 5613-20","2021-12-01","NJA 2002 s. 630","T 4406-01","2002-12-16"
"T 5613-20","2021-12-01","NJA 2017 s. 203","T 4191-15","2017-03-30"
"T 5613-20","2021-12-01","NJA 2005 s. 142","T 4233-01","2005-03-18"
"T 5613-20","2021-12-01","NJA 2012 s. 1095","T 3679-11","2012-12-21"
"T 5613-20","2021-12-01","NJA 1989 s. 614","T 109-89","1989-10-27"
"T 5613-20","2021-12-01","NJA 2017 s. 203","T 4191-15","2017-03-30"
"T 5830-19","2020-12-15","NJA 2012 s. 125","T 2052-10","2012-03-26"
"T 5830-19","2020-12-15","NJA 2012 s. 125","T 2052-10","2012-03-26"
"T 5830-19","2020-12-15","NJA 2014 s. 114","T 2247-12","2014-03-07"
"T 5830-19","2020-12-15","NJA 2018 s. 103","T 2480-17","2018-03-05"
"T 5830-19","2020-12-15","NJA 2014 s. 114","T 2247-12","2014-03-07"
"T 6128-20","2021-11-30","NJA 1985 s. 563","T 334-84","1985-09-03"
"T 6128-20","2021-11-30","NJA 2011 s. 916","T 1408-09","2011-12-29"
"T 6323-19","2020-12-22","NJA 2004 s. 3","T 339-02","2004-01-02"
"T 6323-19","2020-12-22","NJA 1997 s. 250","T 4121-94","1997-05-07"
"T 637-20","2021-04-08","NJA 2014 s. 35","T 2889-12","2014-02-13"
"T 640-19","2021-11-24","NJA 2013 s. 795","T 854-12","2013-09-19"
"T 640-19","2021-11-24","NJA 2018 s. 753","T 1523-17","2018-10-08"
"T 640-19","2021-11-24","NJA 2013 s. 795","T 854-12","2013-09-19"
"T 6460-19","2020-12-29","NJA 2018 s. 753","T 1523-17","2018-10-08"
"T 6460-19","2020-12-29","NJA 2008 s. 55","T 4786-05","2008-01-18"
"T 6460-19","2020-12-29","NJA 2016 s. 868","T 260-15","2016-11-03"
"T 6460-19","2020-12-29","NJA 2018 s. 753","T 1523-17","2018-10-08"
"T 863-21","2021-12-15","NJA 2013 s. 145","T 2847-11","2013-03-27"
"T 863-21","2021-12-15","NJA 2013 s. 145","T 2847-11","2013-03-27"
"T 863-21","2021-12-15","NJA 1981 s. 683","T 368-79","1981-06-04"
"T 863-21","2021-12-15","NJA 2013 s. 145","T 2847-11","2013-03-27"
"T 930-21","2021-12-09","NJA 2014 s. 684","T 1310-12","2014-10-10"
"T 930-21","2021-12-09","NJA 2014 s. 684","T 1310-12","2014-10-10"
"T 930-21","2021-12-09","NJA 2014 s. 684","T 1310-12","2014-10-10"
"T 930-21","2021-12-09","NJA 2014 s. 684","T 1310-12","2014-10-10"
"T 930-21","2021-12-09","NJA 2013 s. 659","T 162-11","2013-06-26"
"T 930-21","2021-12-09","NJA 2014 s. 684","T 1310-12","2014-10-10"
"T 930-21","2021-12-09","NJA 2013 s. 659","T 162-11","2013-06-26"
"T 930-21","2021-12-09","NJA 2017 s. 1105","T 435-17","2017-12-22"
"T 930-21","2021-12-09","NJA 2017 s. 1105","T 435-17","2017-12-22"
"T 930-21","2021-12-09","NJA 2017 s. 1105","T 435-17","2017-12-22"
"B 1770-21","2022-02-15","NJA 1997 s. 507","B 1047-96","1997-07-09"
"B 1770-21","2022-02-15","NJA 2014 s. 559","B 5484-13","2014-07-04"
"B 1770-21","2022-02-15","NJA 2014 s. 559","B 5484-13","2014-07-04"
"B 1770-21","2022-02-15","NJA 2016 s. 39","B 5336-14","2016-02-24"
"B 1886-21","2022-04-12","NJA 2019 s. 668","B 1200-19","2019-07-11"
"B 1886-21","2022-04-12","NJA 2005 s. 732","B 1598-04","2005-11-11"
"B 1886-21","2022-04-12","NJA 2019 s. 668","B 1200-19","2019-07-11"
"B 1886-21","2022-04-12","NJA 2016 s. 763","B 379-16","2016-07-14"
"B 1886-21","2022-04-12","NJA 2005 s. 732","B 1598-04","2005-11-11"
"B 1886-21","2022-04-12","NJA 2004 s. 176","B 4189-03","2004-04-06"
"B 1886-21","2022-04-12","NJA 2019 s. 668","B 1200-19","2019-07-11"
"B 1886-21","2022-04-12","NJA 2016 s. 763","B 379-16","2016-07-14"
"B 1886-21","2022-04-12","NJA 2017 s. 690","B 1981-16","2017-10-04"
"B 1886-21","2022-04-12","NJA 2003 s. 550","B 1815-03","2003-11-24"
"B 2765-21","2022-04-13","NJA 2016 s. 702","B 1326-15","2016-07-07"
"B 2765-21","2022-04-13","NJA 2016 s. 702","B 1326-15","2016-07-07"
"B 531-21","2022-02-17","NJA 2018 s. 1010","B 1751-18","2018-12-14"
"B 531-21","2022-02-17","NJA 2018 s. 634","B 4680-17","2018-07-13"
"B 531-21","2022-02-17","NJA 2018 s. 634","B 4680-17","2018-07-13"
"B 531-21","2022-02-17","NJA 2018 s. 378","B 3924-17","2018-06-11"
"B 531-21","2022-02-17","NJA 2018 s. 634","B 4680-17","2018-07-13"
"B 531-21","2022-02-17","NJA 2019 s. 305","B 3289-18","2019-04-18"
"B 531-21","2022-02-17","NJA 2018 s. 1010","B 1751-18","2018-12-14"
"B 531-21","2022-02-17","NJA 2018 s. 378","B 3924-17","2018-06-11"
"B 531-21","2022-02-17","NJA 2007 s. 973","B 4554-06","2007-12-10"
"B 531-21","2022-02-17","NJA 2006 s. 524","B 391-06","2006-09-13"
"B 6401-21","2022-03-01","NJA 2019 s. 492","B 6195-18","2019-06-11"
"B 7481-21","2022-04-21","NJA 2018 s. 562","B 3552-17","2018-07-02"
"B 7481-21","2022-04-21","NJA 2017 s. 515","B 1519-16","2017-06-15"
"B 7481-21","2022-04-21","NJA 2018 s. 562","B 3552-17","2018-07-02"
"B 7481-21","2022-04-21","NJA 2017 s. 515","B 1519-16","2017-06-15"
"B 7481-21","2022-04-21","NJA 2017 s. 515","B 1519-16","2017-06-15"
"B 7481-21","2022-04-21","NJA 2018 s. 562","B 3552-17","2018-07-02"
"B 7481-21","2022-04-21","NJA 2017 s. 515","B 1519-16","2017-06-15"
"B 7481-21","2022-04-21","NJA 2017 s. 515","B 1519-16","2017-06-15"
"T 1032-21","2022-03-03","NJA 2016 s. 1035","T 4073-15","2016-12-14"
"T 1032-21","2022-03-03","NJA 2016 s. 1035","T 4073-15","2016-12-14"
"T 1032-21","2022-03-03","NJA 2016 s. 1035","T 4073-15","2016-12-14"
"T 1032-21","2022-03-03","NJA 2016 s. 1035","T 4073-15","2016-12-14"
"T 3193-21","2022-04-26","NJA 2007 s. 663","T 166-06","2007-10-09"
"T 3193-21","2022-04-26","NJA 2001 s. 368","T 2848-99","2001-06-06"
"T 3193-21","2022-04-26","NJA 1997 s. 684","T 285-97","1997-10-16"
"T 3193-21","2022-04-26","NJA 1997 s. 468","T 2637-96","1997-06-25"
"T 3193-21","2022-04-26","NJA 2007 s. 663","T 166-06","2007-10-09"
"T 3193-21","2022-04-26","NJA 2007 s. 663","T 166-06","2007-10-09"
"T 3193-21","2022-04-26","NJA 2007 s. 663","T 166-06","2007-10-09"
"T 3193-21","2022-04-26","NJA 2001 s. 368","T 2848-99","2001-06-06"
"T 3193-21","2022-04-26","NJA 1997 s. 684","T 285-97","1997-10-16"
"T 3193-21","2022-04-26","NJA 1997 s. 468","T 2637-96","1997-06-25"
"T 3193-21","2022-04-26","NJA 2007 s. 663","T 166-06","2007-10-09"
"T 3193-21","2022-04-26","NJA 2007 s. 663","T 166-06","2007-10-09"
"T 3531-21","2022-03-16","NJA 2019 s. 445","T 4179-18","2019-06-04"
"T 3531-21","2022-03-16","NJA 2019 s. 445","T 4179-18","2019-06-04"
"T 3531-21","2022-03-16","NJA 2016 s. 303","T 5829-14","2016-04-26"
"T 390-21","2022-03-15","NJA 2008 s. 429","T 2240-07","2008-04-10"
"T 390-21","2022-03-15","NJA 2008 s. 429","T 2240-07","2008-04-10"
"T 390-21","2022-03-15","NJA 2015 s. 899","T 3269-13","2015-12-17"
"T 390-21","2022-03-15","NJA 2008 s. 990","T 390-08","2008-10-29"
"T 390-21","2022-03-15","NJA 2008 s. 429","T 2240-07","2008-04-10"
"T 459-21","2022-03-10","NJA 2015 s. 186","T 2895-13","2015-04-01"
"T 459-21","2022-03-10","NJA 1992 s. 829","T 264-91","1992-12-21"
"T 459-21","2022-03-10","NJA 2008 s. 85","T 3305-05","2008-02-05"
"T 459-21","2022-03-10","NJA 2008 s. 85","T 3305-05","2008-02-05"
"T 459-21","2022-03-10","NJA 1981 s. 675","T 120-79","1981-05-25"
"T 459-21","2022-03-10","NJA 2008 s. 85","T 3305-05","2008-02-05"
"T 459-21","2022-03-10","NJA 2015 s. 186","T 2895-13","2015-04-01"
"T 459-21","2022-03-10","NJA 1992 s. 829","T 264-91","1992-12-21"
"T 459-21","2022-03-10","NJA 1981 s. 675","T 120-79","1981-05-25"
"T 459-21","2022-03-10","NJA 2008 s. 85","T 3305-05","2008-02-05"
"T 5450-21","2022-01-31","NJA 2017 s. 938","T 44351-16","2017-11-24"
"T 5450-21","2022-01-31","NJA 2015 s. 86","T 5670-13","2015-03-01"
"T 5450-21","2022-01-31","NJA 2003 s. 508","T 136-02","2003-11-06"
"T 5450-21","2022-01-31","NJA 2017 s. 938","T 44351-16","2017-11-24"
"T 6974-20","2022-04-13","NJA 1998 s. 534","T 1872-97","1998-10-09"
"T 6974-20","2022-04-13","NJA 1998 s. 534","T 1872-97","1998-10-09"
"T 885-21","2022-03-02","NJA 2007 s. 86","T 2932-05","2007-02-20"
"B 1099-21","2022-05-31","NJA 2014 s. 245","B 4080-13","2014-04-07"
"B 1099-21","2022-05-31","NJA 2016 s. 553","B 2095-15","2016-06-14"
"B 1099-21","2022-05-31","NJA 2016 s. 553","B 2095-15","2016-06-14"
"B 4249-21","2022-06-23","NJA 1999 s. 647","B 2061-99","1999-10-22"
"B 4249-21","2022-06-23","NJA 2018 s. 378","B 3924-17","2018-06-11"
"B 4249-21","2022-06-23","NJA 2004 s. 618","B 1412-04","2004-10-29"
"B 4249-21","2022-06-23","NJA 1999 s. 647","B 2061-99","1999-10-22"
"B 4788-15","2016-11-17","NJA 2015 s. 885","B 2225-14","2015-12-10"
"B 4788-15","2016-11-17","NJA 2015 s. 885","B 2225-14","2015-12-10"
"B 4788-15","2016-11-17","NJA 2015 s. 885","B 2225-14","2015-12-10"
"B 4788-15","2016-11-17","NJA 2015 s. 885","B 2225-14","2015-12-10"
"B 4788-15","2016-11-17","NJA 2015 s. 885","B 2225-14","2015-12-10"
"B 4788-15","2016-11-17","NJA 2015 s. 885","B 2225-14","2015-12-10"
"B 4788-15","2016-11-17","NJA 2015 s. 885","B 2225-14","2015-12-10"
"B 4788-15","2016-11-17","NJA 2014 s. 139","B 1395-12","2014-03-28"
"T 1467-11","2012-12-20","NJA 2000 s. 652","B 5030-99","2000-12-08"
"T 1467-11","2012-12-20","NJA 1995 s. 112","T 1144-92","1995-03-08"
"T 1467-11","2012-12-20","NJA 2007 s. 862","T 14182-02","2007-11-22"
"T 2270-21","2022-05-12","NJA 1998 s. 426","T 3072-95","1998-06-17"
"T 3131-21","2022-05-11","NJA 2017 s. 113","T 3034-15","2017-02-24"
"T 3131-21","2022-05-11","NJA 2017 s. 113","T 3034-15","2017-02-24"
"T 3131-21","2022-05-11","NJA 2017 s. 113","T 3034-15","2017-02-24"
"T 3131-21","2022-05-11","NJA 1992 s. 502","T 179-90","1992-08-12"
"T 3131-21","2022-05-11","NJA 1992 s. 243","T 234-90","1992-04-14"
"T 3379-21","2022-06-14","NJA 2016 s. 563","T 2934-15","2016-06-14"
"T 4395-21","2022-05-05","NJA 2014 s. 465","T 2031-13","2014-06-17"
"T 4705-21","2022-06-30","NJA 1990 s. 808","T 103-90","1990-12-27"
"T 4705-21","2022-06-30","NJA 2018 s. 793","T 5031-17","2018-10-11"
"T 723-21","2022-05-03","NJA 2014 s. 877","T 2133-14","2014-12-11"
"T 723-21","2022-05-03","NJA 1996 s. 400","T 1034-94","1996-06-24"
"T 723-21","2022-05-03","NJA 2005 s. 142","T 4233-01","2005-03-18"
"T 723-21","2022-05-03","NJA 2008 s. 392","T 2017-06","2008-03-28"
"T 723-21","2022-05-03","NJA 2014 s. 877","T 2133-14","2014-12-11"
"T 723-21","2022-05-03","NJA 2007 s. 599","T 127-05","2007-09-20"
"T 7416-21","2022-06-30","NJA 1998 s. 293","T 3688-94","1998-05-20"
"T 7416-21","2022-06-30","NJA 1998 s. 293","T 3688-94","1998-05-20"
"T 7416-21","2022-06-30","NJA 1998 s. 293","T 3688-94","1998-05-20"
"B 1675-22","2022-10-14","NJA 2018 s. 1103","B 1858-18","2018-12-21"
"B 3089-22","2022-07-13","NJA 2017 s. 794","B 3130-17","2017-11-07"
"B 6358-21","2022-07-14","NJA 2000 s. 661","B 4836-98","2000-12-14"
"B 6358-21","2022-07-14","NJA 1997 s. 359","B 5882-94","1997-06-05"
"B 7106-21","2022-09-09","NJA 1996 s. 195","B 210-96","1996-03-19"
"B 7106-21","2022-09-09","NJA 1996 s. 195","B 210-96","1996-03-19"
"B 7806-21","2022-07-15","NJA 2017 s. 531","B 256-17","2017-06-21"
"B 7806-21","2022-07-15","NJA 1996 s. 27","B 4224-95","1996-02-09"
"B 7806-21","2022-07-15","NJA 2007 s. 929","B 961-07","2007-11-30"
"T 3762-21","2022-10-07","NJA 2015 s. 86","T 5670-13","2015-03-01"
"T 3762-21","2022-10-07","NJA 2003 s. 567","B 1658-03","2003-12-05"
"T 3762-21","2022-10-07","NJA 2017 s. 938","T 44351-16","2017-11-24"
"T 3762-21","2022-10-07","NJA 2018 s. 1083","T 2043-18","2018-12-20"
"B 2008-91","1991-12-19","NJA 1986 s. 319","B 1112-84","1986-06-04"
"B 2008-91","1991-12-19","NJA 1990 s. 186","T 192-89","1990-04-04"
"B 277-91","1991-07-12","NJA 1990 s. 521","B 1071-89","1990-09-12"
"B 402-22","2022-11-30","NJA 2011 s. 725","B 750-11","2011-11-02"
"B 402-22","2022-11-30","NJA 2019 s. 668","B 1200-19","2019-07-11"
"B 402-22","2022-11-30","NJA 2015 s. 948","B 2351-15","2015-12-17"
"B 402-22","2022-11-30","NJA 2006 s. 79","B 4914-05","2006-03-07"
"B 402-22","2022-11-30","NJA 2006 s. 79","B 3998-05","2006-03-07"
"B 4080-22","2022-12-13","NJA 2005 s. 33","B 4466-02","2005-02-09"
"B 419-22","2022-12-16","NJA 2018 s. 844","B 4597-17","2018-10-30"
"B 4296-22","2022-12-27","NJA 1999 s. 561","B 2920-99","1999-09-13"
"B 4296-22","2022-12-27","NJA 2005 s. 690","B 2159-05","2005-10-20"
"B 4296-22","2022-12-27","NJA 2009 s. 121","B 3843-08","2009-03-25"
"B 4296-22","2022-12-27","NJA 2007 s. 636","B 2693-07","2007-10-04"
"B 4923-22","2022-12-29","NJA 2014 s. 808","B 1945-14","2014-12-03"
"B 4923-22","2022-12-29","NJA 2014 s. 808","B 1945-14","2014-12-03"
"B 4923-22","2022-12-29","NJA 2014 s. 808","B 1945-14","2014-12-03"
"B 4923-22","2022-12-29","NJA 1992 s. 594","B 1671-92","1992-10-16"
"B 4923-22","2022-12-29","NJA 1987 s. 336","T 536-84","1987-05-21"
"B 4923-22","2022-12-29","NJA 2003 s. 567","B 1658-03","2003-12-05"
"B 4923-22","2022-12-29","NJA 1994 s. 637","B 3252-93","1994-11-16"
"B 5097-22","2022-12-28","NJA 2009 s. 599","B 2074-09","2009-10-21"
"B 5232-22","2022-12-22","NJA 1994 s. 518","B 3496-93","1994-09-19"
"B 5404-22","2022-12-27","NJA 2019 s. 684","B 1064-19","2019-07-12"
"B 5404-22","2022-12-27","NJA 2012 s. 191","B 1102-11","2012-04-10"
"B 5404-22","2022-12-27","NJA 1995 s. 232","B 72-95","1995-04-10"
"B 5404-22","2022-12-27","NJA 2003 s. 67","B 781-02","2003-02-14"
"B 5404-22","2022-12-27","NJA 2019 s. 684","B 1064-19","2019-07-12"
"B 5404-22","2022-12-27","NJA 2003 s. 67","B 781-02","2003-02-14"
"B 563-90","1991-05-08","NJA 1990 s. 401","B 156-89","1990-07-03"
"B 563-90","1991-05-08","NJA 1990 s. 401","B 156-89","1990-07-03"
"B 876-90","1991-06-11","NJA 1990 s. 772","B 595-90","1990-12-18"
"B 887-90","1991-10-11","NJA 1990 s. 521","B 1071-89","1990-09-12"
"T 1569-19","2022-12-14","NJA 2015 s. 438","T 5767-13","2015-06-17"
"T 1569-19","2022-12-14","NJA 2015 s. 438","T 5767-13","2015-06-17"
"T 1569-19","2022-12-14","NJA 2015 s. 438","T 5767-13","2015-06-17"
"T 2076-21","2022-12-02","NJA 1997 s. 674","T 2985-93","1997-10-15"
"T 2076-21","2022-12-02","NJA 1997 s. 674","T 2985-93","1997-10-15"
"T 335-90","1991-09-20","NJA 1986 s. 358","T 581-84","1986-06-30"
"T 335-90","1991-09-20","NJA 1986 s. 3","T 129-84","1986-01-08"
"T 335-90","1991-09-20","NJA 1986 s. 3","T 129-84","1986-01-08"
"T 427-90","1991-12-20","NJA 1987 s. 240","T 313-84","1987-04-28"
"T 427-90","1991-12-20","NJA 1987 s. 240","T 313-84","1987-04-28"
"T 6586-21","2022-12-16","NJA 1995 s. 577","T 4346-94","1995-10-26"
"T 7208-21","2022-11-24","NJA 2007 s. 579","T 3099-06","2007-09-12"
"T 7236-21","2022-12-28","NJA 2003 s. 540","T 402-02","2003-11-24"
"B 1727-17","2017-11-17","HD:s dom den 14 juni 2017 mål B 1727-16",NA,NA
"B 1384-17","2018-02-28","NJA 2014 s. 854",NA,NA
"B 1415-18","2019-02-19","NJA 1980 s. 337",NA,NA
"B 1415-18","2019-02-19","NJA 1980 s. 337",NA,NA
"B 1415-18","2019-02-19","NJA 2017 s. 677",NA,NA
"B 1415-18","2019-02-19","NJA 1980 s. 337",NA,NA
"B 1415-18","2019-02-19","NJA 2005 s. 291",NA,NA
"B 1415-18","2019-02-19","NJA 1980 s. 337",NA,NA
"B 1415-18","2019-02-19","NJA 1979 s. 478",NA,NA
"B 1415-18","2019-02-19","NJA 2005 s. 291",NA,NA
"T 796-18","2019-04-30","NJA 1965 s. 384",NA,NA
"T 796-18","2019-04-30","HD:s dom i mål T 5437-17",NA,NA
"T 796-18","2019-04-30","HD:s dom mål T 5437-17",NA,NA
"T 796-18","2019-04-30","NJA 2018 s. 291",NA,NA
"T 5437-17","2019-03-20","NJA 2018 s. 291",NA,NA
"T 5437-17","2019-03-20","NJA 2003 s. 379",NA,NA
"T 5437-17","2019-03-20","NJA 2007 s. 475",NA,NA
"T 5437-17","2019-03-20","NJA 2010 s. 734",NA,NA
"T 5437-17","2019-03-20","NJA 2012 s. 183",NA,NA
"T 5437-17","2019-03-20","NJA 2017 s. 226",NA,NA
"B 1540-18","2019-01-21","NJA 1985 s. 813","T 93-85","1985-12-17"
"B 1622-18","2019-05-14","NJA 1976 s. 458",NA,NA
"B 1751-18","2018-12-14","HD:s dom den 13 juli 2018 i mål B 4680-17",NA,NA
"B 1751-18","2018-12-14","HD:s dom den 10 oktober 2018 i mål B 2678-18",NA,NA
"B 1751-18","2018-12-14","HD:s dom den 5 juli 2018 i mål B 4885-17",NA,NA
"B 1751-18","2018-12-14","HD:s dom den 13 juli 2018 i mål B 4680-17",NA,NA
"B 1825-17","2018-06-25","NJA 1962 s. 56",NA,NA
"B 1825-17","2018-06-25","NJA 1960 s. 442",NA,NA
"B 1825-17","2018-06-25","NJA 1962 s. 56",NA,NA
"B 184-19","2019-04-25","NJA 2014 s. 482",NA,NA
"B 184-19","2019-04-25","NJA 2010 s. 274",NA,NA
"B 2027-17","2018-04-05","NJA 1986 s. 607","B 195-86","1986-11-18"
"B 2027-17","2018-04-05","HD B 6041-16",NA,NA
"B 2441-17","2018-06-07","NJA 1987 s. 490","B 118-85","1987-07-02"
"B 2441-17","2018-06-07","NJA 1987 s. 490","B 118-85","1987-07-02"
"B 256-17","2017-06-21","NJA 1980 s. 191",NA,NA
"B 256-17","2017-06-21","NJA 1991 s. 332","B 358-91","1991-05-31"
"B 256-17","2017-06-21","NJA 1980 s. 191",NA,NA
"B 2678-18","2018-10-10","NJA 1981 s. 335","B 1067-80","1981-02-25"
"B 2678-18","2018-10-10","NJA 1981 s. 335","B 1067-80","1981-02-25"
"B 2678-18","2018-10-10","NJA 1972 s. 323",NA,NA
"B 2678-18","2018-10-10","NJA 2017 s. 806",NA,NA
"B 279-17","2017-11-24","NJA 1997 s. 822",NA,NA
"B 3289-18","2019-04-18","NJA 1937 s. 185",NA,NA
"B 3289-18","2019-04-18","HD B 1751-18",NA,NA
"B 3289-18","2019-04-18","HD B 5253-17",NA,NA
"B 3289-18","2019-04-18","HD mål B 5389-17",NA,NA
"B 3289-18","2019-04-18","HD mål B 5389-17",NA,NA
"B 3289-18","2019-04-18","HD mål B 5389-17",NA,NA
"B 381-19","2019-06-03","NJA 2011 s. 254",NA,NA
"B 381-19","2019-06-03","NJA 2001 s. 687",NA,NA
"B 381-19","2019-06-03","NJA 2013 s. 931",NA,NA
"B 381-19","2019-06-03","NJA 2013 s. 75",NA,NA
"B 381-19","2019-06-03","NJA 2011 s. 254",NA,NA
"B 4531-17","2018-03-20","HD:s dom den 9 november 2017 i mål B 3492-17",NA,NA
"B 4531-17","2018-03-20","HD:s dom den 9 november 2017 i mål B 3492-17",NA,NA
"B 4680-17","2018-07-13","HD:s dom mål nr B 3924-17",NA,NA
"B 4680-17","2018-07-13","NJA 1988 s. 248","B 524-87","1988-05-11"
"B 4680-17","2018-07-13","HD:s dom mål nr B 3924-17",NA,NA
"B 4680-17","2018-07-13","NJA 1987 s. 201","B 950-86","1987-04-10"
"B 4680-17","2018-07-13","NJA 1986 s. 105","B 569-85","1986-02-28"
"B 4680-17","2018-07-13","NJA 1987 s. 802","B 1077-85","1987-10-26"
"B 4680-17","2018-07-13","NJA 1974 s. 194",NA,NA
"B 4918-17","2018-06-12","NJA 2005 s. 407",NA,NA
"B 4918-17","2018-06-12","NJA 1981 s. 1169","B 109-81","1981-12-04"
"B 4918-17","2018-06-12","NJA 1981 s. 1169","B 109-81","1981-12-04"
"B 4918-17","2018-06-12","NJA 2005 s. 407",NA,NA
"B 5050-17","2018-12-18","NJA 1988 s. 586","B 990-87","1988-12-05"
"B 5050-17","2018-12-18","NJA 1988 s. 586","B 990-87","1988-12-05"
"B 5050-17","2018-12-18","NJA 1988 s. 586","B 990-87","1988-12-05"
"B 5057-18","2019-04-29","NJA 2017 s. 430",NA,NA
"B 5057-18","2019-04-29","NJA 1982 s. 193","B 330-81","1982-04-08"
"B 5057-18","2019-04-29","NJA 1982 s. 164","B 137-82","1982-03-25"
"B 5057-18","2019-04-29","NJA 2007 s. 430",NA,NA
"B 5057-18","2019-04-29","NJA 2019 s. 72",NA,NA
"B 5434-17","2018-12-20","NJA 2018 s. 229 I",NA,NA
"B 5434-17","2018-12-20","NJA 2017 s. 806",NA,NA
"B 5434-17","2018-12-20","NJA 2018 s. 229 I och II",NA,NA
"B 5434-17","2018-12-20","NJA 2017 s. 806",NA,NA
"B 5434-17","2018-12-20","NJA 2017 s. 806",NA,NA
"B 5434-17","2018-12-20","NJA 2017 s. 806",NA,NA
"B 5533-18","2019-04-10","NJA 2002 s. 583",NA,NA
"B 5533-18","2019-04-10","NJA 2002 s. 583",NA,NA
"B 5533-18","2019-04-10","NJA 1959 s. 495",NA,NA
"B 5533-18","2019-04-10","NJA 2002 s. 583",NA,NA
"B 5533-18","2019-04-10","NJA 2002 s. 583",NA,NA
"B 573-18","2018-09-19","HD:s dom den 11 juni 2018 i mål B 3924-17",NA,NA
"B 5931-18","2019-04-24","HD:s dom den 19 februari 2019 i mål B 1415-18",NA,NA
"B 5931-18","2019-04-24","HD:s dom den 19 februari 2019 i mål B 1415-18",NA,NA
"B 5931-18","2019-04-24","NJA 1982 s. 198","B 311-81","1982-04-08"
"B 5931-18","2019-04-24","NJA 1981 s. 1246","B 1018-80","1981-12-22"
"B 5931-18","2019-04-24","NJA 1980 s. 407",NA,NA
"B 5931-18","2019-04-24","NJA 1983 s. 131","B 98-82","1983-02-22"
"B 5931-18","2019-04-24","NJA 1981 s. 1246","B 1018-80","1981-12-22"
"B 5931-18","2019-04-24","NJA 1981 s. 426","B 719-80","1981-03-02"
"B 5931-18","2019-04-24","NJA 1980 s. 769",NA,NA
"B 5931-18","2019-04-24","NJA 1980 s. 725",NA,NA
"B 5931-18","2019-04-24","HD:s dom den 19 februari 2019 i mål B 1415-18",NA,NA
"B 6130-18","2019-06-27","NJA 2017 s. 157",NA,NA
"B 6130-18","2019-06-27","NJA 2017 s. 157",NA,NA
"B 6130-18","2019-06-27","NJA 2017 s. 157",NA,NA
"B 6130-18","2019-06-27","NJA 2017 s. 157",NA,NA
"B 6130-18","2019-06-27","NJA 2017 s. 157",NA,NA
"T 1055-18","2018-12-27","NJA 2012 s. 953","T 1467-11","2012-12-20"
"T 1144-18","2018-11-23","NJA 2004 s. 336",NA,NA
"T 1144-18","2018-11-23","NJA 2004 s. 336",NA,NA
"T 12-17","2018-06-13","NJA 1957 s. 621",NA,NA
"T 12-17","2018-06-13","NJA 1939 s. 374",NA,NA
"T 1451-17","2017-12-29","NJA 1993 s. 570",NA,NA
"T 1451-17","2017-12-29","NJA 1961 s. 26",NA,NA
"T 1523-17","2018-10-08","NJA 1996 s. 110",NA,NA
"T 1523-17","2018-10-08","NJA 2017 s. 999",NA,NA
"T 1523-17","2018-10-08","NJA 2013 s. 350","T 5746-10","2013-05-16"
"T 1523-17","2018-10-08","NJA 1996 s. 110",NA,NA
"T 1523-17","2018-10-08","NJA 2013 s. 350","T 5746-10","2013-05-16"
"T 1523-17","2018-10-08","NJA 2004 s. 106",NA,NA
"T 1523-17","2018-10-08","NJA 2004 s. 106",NA,NA
"T 1559-18","2019-03-08","NJA 1975 s. 657",NA,NA
"T 1559-18","2019-03-08","NJA 2017 s. 824",NA,NA
"T 1559-18","2019-03-08","NJA 1987 s. 692","T 573-85","1987-10-14"
"T 1559-18","2019-03-08","NJA 1987 s. 692","T 573-85","1987-10-14"
"T 1566-17","2018-03-23","NJA 1991 s. 3","T 350-89","1991-01-03"
"T 1566-17","2018-03-23","NJA 1991 s. 3","T 336-89","1991-01-03"
"T 1566-17","2018-03-23","NJA 1973 s. 315",NA,NA
"T 1566-17","2018-03-23","NJA 1965 s. 427",NA,NA
"T 1566-17","2018-03-23","NJA 1939 s. 579",NA,NA
"T 1566-17","2018-03-23","NJA 1991 s. 3","T 350-89","1991-01-03"
"T 1566-17","2018-03-23","NJA 1991 s. 3","T 336-89","1991-01-03"
"T 1566-17","2018-03-23","NJA 1991 s. 3","T 350-89","1991-01-03"
"T 1566-17","2018-03-23","NJA 1991 s. 3","T 336-89","1991-01-03"
"T 1566-17","2018-03-23","NJA 1991 s. 3","T 350-89","1991-01-03"
"T 1566-17","2018-03-23","NJA 1991 s. 3","T 336-89","1991-01-03"
"T 1566-17","2018-03-23","NJA 1991 s. 3","T 350-89","1991-01-03"
"T 1566-17","2018-03-23","NJA 1991 s. 3","T 336-89","1991-01-03"
"T 1566-17","2018-03-23","NJA 1973 s. 315",NA,NA
"T 1622-17","2017-12-28","NJA 1998 s. 23",NA,NA
"T 1622-17","2017-12-28","NJA 1992 s. 782","T 611-92","1992-12-07"
"T 1622-17","2017-12-28","NJA 1988 s. 312","T 369-85","1988-05-04"
"T 1622-17","2017-12-28","NJA 1982 s. 366",NA,NA
"T 1622-17","2017-12-28","NJA 1987 s. 407","T 280-85","1987-05-07"
"T 1622-17","2017-12-28","NJA 1996 s. 271","T 540-95","1996-05-06"
"T 1622-17","2017-12-28","NJA 1988 s. 312","T 369-85","1988-05-04"
"T 1634-18","2019-02-06","NJA 1975 s. 298",NA,NA
"T 1634-18","2019-02-06","NJA 1925 s. 184",NA,NA
"T 1634-18","2019-02-06","NJA 2017 s. 1094.NJA 2014 s. 364",NA,NA
"T 1634-18","2019-02-06","NJA 2014 s. 364",NA,NA
"T 1634-18","2019-02-06","NJA 1975 s. 298",NA,NA
"T 1634-18","2019-02-06","NJA 1992 s. 163","T 415-90","1992-03-25"
"T 1738-17","2018-09-25","HD:s dom den 27 februari 2018 i mål T 1683-17",NA,NA
"T 1857-17","2018-03-28","NJA 1962 s. 704",NA,NA
"T 1857-17","2018-03-28","NJA 1982 s. 69","T 226-77","1982-01-15"
"T 1857-17","2018-03-28","NJA 1962 s. 704",NA,NA
"T 1857-17","2018-03-28","NJA 1962 s. 704",NA,NA
"T 1857-17","2018-03-28","NJA 1982 s. 69","T 226-77","1982-01-15"
"T 1857-17","2018-03-28","NJA 1982 s. 69","T 226-77","1982-01-15"
"T 1857-17","2018-03-28","NJA 1974 s. 621",NA,NA
"T 1857-17","2018-03-28","NJA 1962 s. 704",NA,NA
"T 1857-17","2018-03-28","NJA 1962 s. 704",NA,NA
"T 1857-17","2018-03-28","NJA 1998 s. 77","T 5684-95","1998-02-25"
"T 1857-17","2018-03-28","NJA 1982 s. 69","T 226-77","1982-01-15"
"T 2043-18","2018-12-20","NJA 2018 s. 694",NA,NA
"T 2043-18","2018-12-20","NJA 1991 s. 83","B 1095-90","1991-02-15"
"T 2286-18","2018-11-22","NJA 1971 s. 269",NA,NA
"T 2286-18","2018-11-22","NJA 2000 s. 435 I och II",NA,NA
"T 2659-17","2018-03-15","NJA 2008 s. 1158",NA,NA
"T 2659-17","2018-03-15","NJA 1931 s. 208",NA,NA
"T 2659-17","2018-03-15","NJA 1943 s. 272",NA,NA
"T 2659-17","2018-03-15","NJA 1931 s. 208 I",NA,NA
"T 2659-17","2018-03-15","NJA 1943 s. 272",NA,NA
"T 2832-18","2018-07-02","NJA 2018 s. 189",NA,NA
"T 2832-18","2018-07-02","NJA 2017 s. 457",NA,NA
"T 2832-18","2018-07-02","NJA 2001 s. 282",NA,NA
"T 2832-18","2018-07-02","NJA 2005 s. 9",NA,NA
"T 2835-18","2019-03-21","NJA 1959 s. 590",NA,NA
"T 2835-18","2019-03-21","NJA 1974 s. 660",NA,NA
"T 2835-18","2019-03-21","NJA 1960 s. 221",NA,NA
"T 2835-18","2019-03-21","NJA 1959 s. 590",NA,NA
"T 2835-18","2019-03-21","NJA 1978 s. 593",NA,NA
"T 2835-18","2019-03-21","NJA 1932 s. 292",NA,NA
"T 2835-18","2019-03-21","NJA 1959 s. 590",NA,NA
"T 2835-18","2019-03-21","NJA 1974 s. 660",NA,NA
"T 2835-18","2019-03-21","NJA 1959 s. 590",NA,NA
"T 2835-18","2019-03-21","NJA 1960 s. 221",NA,NA
"T 2835-18","2019-03-21","NJA 1960 s. 221",NA,NA
"T 2835-18","2019-03-21","NJA 1932 s. 292",NA,NA
"T 2984-18","2019-06-28","NJA 1973 s. 355",NA,NA
"T 2984-18","2019-06-28","NJA 1939 A 136",NA,NA
"T 2984-18","2019-06-28","NJA 1973 s. 355",NA,NA
"T 2984-18","2019-06-28","NJA 1939 A 136",NA,NA
"T 3000-17","2017-12-29","NJA 1993 s. 41 II",NA,NA
"T 3000-17","2017-12-29","NJA 1992 s. 740","T 369-91","1992-11-25"
"T 3000-17","2017-12-29","NJA 1992 s. 740","T 369-91","1992-11-25"
"T 3000-17","2017-12-29","NJA 1991 s. 766","B 2008-91","1991-12-19"
"T 3000-17","2017-12-29","NJA 1972 s. 81",NA,NA
"T 36-17","2017-12-21","NJA 2009 s. 500",NA,NA
"T 36-17","2017-12-21","NJA 2009 s. 500",NA,NA
"T 36-17","2017-12-21","NJA 1988 s. 22",NA,NA
"T 36-17","2017-12-21","NJA 1961 s. 518",NA,NA
"T 36-17","2017-12-21","NJA 1988 s. 226","T 149-86","1988-05-04"
"T 36-17","2017-12-21","NJA 1983 s. 419","B 34-82","1983-05-26"
"T 36-17","2017-12-21","NJA 2009 s. 500",NA,NA
"T 36-17","2017-12-21","NJA 1989 s. 796","T 209-87","1989-12-18"
"T 3671-17","2018-05-04","NJA 1942 s. 684",NA,NA
"T 3671-17","2018-05-04","NJA 1940 s. 550",NA,NA
"T 3671-17","2018-05-04","NJA 1965 s. 124",NA,NA
"T 3671-17","2018-05-04","NJA 1943 s. 356",NA,NA
"T 3671-17","2018-05-04","NJA 1941 s. 560",NA,NA
"T 3876-18","2019-03-22","NJA 2011 s. 425",NA,NA
"T 3957-17","2017-06-15","NJA 1979 s. 433",NA,NA
"T 3957-17","2017-06-15","NJA 2015 s. 374",NA,NA
"T 3957-17","2017-06-15","NJA 1979 s. 433",NA,NA
"T 3957-17","2017-06-15","NJA 2015 s. 374",NA,NA
"T 3957-17","2017-06-15","NJA 2015 s. 374",NA,NA
"T 3957-17","2017-06-15","NJA 2015 s. 374",NA,NA
"T 4168-17","2018-05-29","NJA 1998 s. 356","T 5393-96","1998-06-10"
"T 4168-17","2018-05-29","NJA 1913 s. 528",NA,NA
"T 4168-17","2018-05-29","NJA 1980 s. 305",NA,NA
"T 4168-17","2018-05-29","NJA 1998 s. 356","T 5393-96","1998-06-10"
"T 4168-17","2018-05-29","NJA 1913 s. 528",NA,NA
"T 4168-17","2018-05-29","NJA 1980 s. 305",NA,NA
"T 4179-18","2019-06-04","NJA 2017 s. 3",NA,NA
"T 4179-18","2019-06-04","NJA 2015 s. 656",NA,NA
"T 4179-18","2019-06-04","NJA 1940 s. 199",NA,NA
"T 435-17","2017-12-22","NJA 1992 s. 263","T 365-90","1992-04-15"
"T 435-17","2017-12-22","NJA 1976 s. 667",NA,NA
"T 435-17","2017-12-22","NJA 1976 s. 667",NA,NA
"T 435-17","2017-12-22","NJA 2008 s. 890",NA,NA
"T 435-17","2017-12-22","NJA 1976 s. 667",NA,NA
"T 4448-17","2018-07-12","NJA 2000 s. 144",NA,NA
"T 4448-17","2018-07-12","NJA 1999 s. 237",NA,NA
"T 462-18","2018-12-18","HD:s dom den 12 juli 2018 i mål nr T 4448-17",NA,NA
"T 4684-17","2018-12-14","NJA 2013 s. 1203",NA,NA
"T 4684-17","2018-12-14","NJA 2013 s. 1203",NA,NA
"T 4684-17","2018-12-14","NJA 2013 s. 1203",NA,NA
"T 4684-17","2018-12-14","NJA 2013 s. 1203",NA,NA
"T 4684-17","2018-12-14","NJA 2013 s. 1032",NA,NA
"T 5152-17","2018-10-11","NJA 2002 s. 358",NA,NA
"T 5152-17","2018-10-11","NJA 2015 s. 1072",NA,NA
"T 5152-17","2018-10-11","NJA 1915 s. 485",NA,NA
"T 5152-17","2018-10-11","NJA 2015 s. 1072",NA,NA
"T 5152-17","2018-10-11","NJA 2015 s. 1072",NA,NA
"T 5152-17","2018-10-11","NJA 2002 s. 358",NA,NA
"T 5152-17","2018-10-11","NJA 2002 s. 358",NA,NA
"T 5152-17","2018-10-11","NJA 1926 s. 426",NA,NA
"T 5152-17","2018-10-11","NJA 1921 s. 275",NA,NA
"T 5152-17","2018-10-11","NJA 1897 s. 459",NA,NA
"T 5152-17","2018-10-11","NJA 2015 s. 1072",NA,NA
"T 5243-17","2018-07-12","NJA 1948 s. 554",NA,NA
"T 5342-18","2019-06-05","NJA 1996 s. 282","T 36-92","1996-05-07"
"T 5342-18","2019-06-05","NJA 1985 s. 117","T 411-83","1985-02-15"
"T 5342-18","2019-06-05","NJA 1985 s. 117","T 411-83","1985-02-15"
"T 5342-18","2019-06-05","NJA 1996 s. 282","T 36-92","1996-05-07"
"T 5342-18","2019-06-05","NJA 1989 s. 185",NA,NA
"T 620-19","2019-07-03","NJA 1971 s. 317",NA,NA
"B 1296-14","2014-09-26","NJA 1983 s. 709","B 404-83","1983-11-14"
"B 186-14","2015-11-20","NJA 2015 s. 155",NA,NA
"B 186-14","2015-11-20","NJA 1989 s. 165 I och II",NA,NA
"B 1945-14","2014-12-03","NJA 1966 s. 565",NA,NA
"B 1945-14","2014-12-03","NJA 1987 s. 285 II",NA,NA
"B 1945-14","2014-12-03","NJA 1987 s. 285 I",NA,NA
"B 1945-14","2014-12-03","NJA 1987 s. 285 II",NA,NA
"B 3480-14","2015-12-14","NJA 2000 s. 17 I och II",NA,NA
"B 360-14","2015-04-10","NJA 1996 s. 649",NA,NA
"B 360-14","2015-04-10","NJA 1991 s. 512 I och II",NA,NA
"B 4003-14","2015-11-04","NJA 1999 s. 781",NA,NA
"B 4003-14","2015-11-04","NJA 1980 s. 725",NA,NA
"B 4003-14","2015-11-04","NJA 1991 s. 56","B 416-90","1991-02-14"
"B 4003-14","2015-11-04","NJA 1987 s. 61",NA,NA
"B 4003-14","2015-11-04","NJA 2007 s. 557",NA,NA
"B 4653-14","2015-03-25","NJA 1953 s. 309",NA,NA
"B 4653-14","2015-03-25","NJA 1991 s. 56","B 416-90","1991-02-14"
"B 4653-14","2015-03-25","NJA 1953 s. 309",NA,NA
"B 488-14","2015-06-17","NJA 2013 s. 746",NA,NA
"B 5205-14","2016-05-30","NJA 1988 s. 715","T 329-87","1988-12-21"
"B 5205-14","2016-05-30","NJA 1988 s. 503","T 603-87","1988-10-19"
"B 5205-14","2016-05-30","NJA 1993 s. 724","T 78-92","1993-12-15"
"B 5205-14","2016-05-30","NJA 1988 s. 503 I och II",NA,NA
"B 5205-14","2016-05-30","NJA 1988 s. 503 I och II",NA,NA
"B 5205-14","2016-05-30","NJA 1993 s. 724","T 78-92","1993-12-15"
"B 5336-14","2016-02-24","NJA 1982 s. 863","B 477-81","1982-12-29"
"B 5692-14","2016-03-15","NJA 1989 s. 12","B 397-87","1989-01-11"
"B 5692-14","2016-03-15","NJA 2000 C 49",NA,NA
"B 5692-14","2016-03-15","NJA 1989 s. 12","B 397-87","1989-01-11"
"B 5692-14","2016-03-15","NJA 2000 C 49",NA,NA
"B 5692-14","2016-03-15","NJA 1978 s. 291",NA,NA
"B 5976-14","2016-06-22","NJA 2008 s. 637",NA,NA
"B 5976-14","2016-06-22","NJA 1975 s. 265",NA,NA
"B 923-14","2014-06-09","NJA 1976 s. 306",NA,NA
"B 923-14","2014-06-09","NJA 2007 s. 839",NA,NA
"T 1297-14","2016-11-11","NJA 1936 s. 672",NA,NA
"T 1297-14","2016-11-11","NJA 1977 s. 129",NA,NA
"T 1837-14","2015-12-18","NJA 2002 s. 561",NA,NA
"T 1837-14","2015-12-18","NJA 2008 s. 282",NA,NA
"T 1837-14","2015-12-18","NJA 2002 s. 561",NA,NA
"T 2133-14","2014-12-11","NJA 1947 s. 647",NA,NA
"T 2133-14","2014-12-11","NJA 1975 s. 45",NA,NA
"T 2133-14","2014-12-11","NJA 1935 s. 81",NA,NA
"T 2133-14","2014-12-11","NJA 1993 s. 188",NA,NA
"T 2133-14","2014-12-11","NJA 1982 s. 244",NA,NA
"T 2133-14","2014-12-11","NJA 1975 s. 45",NA,NA
"T 2133-14","2014-12-11","NJA 1942 s. 473",NA,NA
"T 2133-14","2014-12-11","NJA 1935 s. 81",NA,NA
"T 2133-14","2014-12-11","NJA 1947 s. 647",NA,NA
"T 2177-14","2015-12-22","NJA 2003 s. 405",NA,NA
"T 2177-14","2015-12-22","NJA 2003 s. 405",NA,NA
"T 2177-14","2015-12-22","NJA 2007 s. 168",NA,NA
"T 2177-14","2015-12-22","NJA 2009 s. 350",NA,NA
"T 2177-14","2015-12-22","NJA 2009 s. 350",NA,NA
"T 2762-14","2015-06-08","NJA 2013 s. 350","T 5746-10","2013-05-16"
"T 3313-14","2016-03-14","NJA 1998 s. 610","T 4119-96","1998-10-20"
"T 3313-14","2016-03-14","NJA 1918 s. 394",NA,NA
"T 3313-14","2016-03-14","NJA 1918 s. 394",NA,NA
"T 3313-14","2016-03-14","NJA 1918 s. 394",NA,NA
"T 3573-14","2016-04-05","NJA 1982 s. 301","T 29-81","1982-05-19"
"T 3573-14","2016-04-05","NJA 1937 s. 382",NA,NA
"T 3573-14","2016-04-05","NJA 1996 s. 598","T 5302-95","1996-10-18"
"T 3573-14","2016-04-05","NJA 1983 s. 858","T 444-82","1983-12-16"
"T 3573-14","2016-04-05","NJA 1983 s. 858","T 444-82","1983-12-16"
"T 3573-14","2016-04-05","NJA 1964 s. 239",NA,NA
"T 3573-14","2016-04-05","NJA 1955 s. 75",NA,NA
"T 3573-14","2016-04-05","NJA 1976 s. 217",NA,NA
"T 3573-14","2016-04-05","NJA 1975 s. 545",NA,NA
"T 3708-14","2015-07-07","NJA 1975 s. 288",NA,NA
"T 3708-14","2015-07-07","NJA 1975 s. 288",NA,NA
"T 3753-14","2016-03-10","NJA 1999 s. 258",NA,NA
"T 3753-14","2016-03-10","NJA 1987 s. 719",NA,NA
"T 3753-14","2016-03-10","NJA 2012 s. 183",NA,NA
"T 3753-14","2016-03-10","NJA 1990 s. 14",NA,NA
"T 3753-14","2016-03-10","NJA 1999 s. 258",NA,NA
"T 3753-14","2016-03-10","NJA 1987 s. 719",NA,NA
"T 3837-14","2016-10-04","NJA 2015 s. 1072",NA,NA
"T 3837-14","2016-10-04","NJA 1988 s. 457","T 312-86","1988-09-27"
"T 3837-14","2016-10-04","NJA 1988 s. 363","T 614-86","1988-06-30"
"T 3837-14","2016-10-04","NJA 1985 s. 352","T 269-83","1985-04-12"
"T 3837-14","2016-10-04","NJA 2015 s. 1072",NA,NA
"T 3837-14","2016-10-04","NJA 2015 s. 1072",NA,NA
"T 3932-14","2015-12-17","NJA 1989 s. 291","T 350-86","1989-06-07"
"T 3932-14","2015-12-17","NJA 1989 s. 291","T 350-86","1989-06-07"
"T 3935-14","2015-07-09","NJA 1995 s. 418",NA,NA
"T 3935-14","2015-07-09","NJA 1980 s. 311",NA,NA
"T 3935-14","2015-07-09","NJA 1995 s. 418",NA,NA
"T 3935-14","2015-07-09","NJA 1980 s. 311",NA,NA
"T 3935-14","2015-07-09","NJA 1985 s. 439",NA,NA
"T 4983-14","2015-12-03","NJA 1964 s. 152",NA,NA
"T 4983-14","2015-12-03","NJA 2007 s. 758",NA,NA
"T 4983-14","2015-12-03","NJA 1964 s. 152",NA,NA
"T 4994-14","2015-10-29","NJA 2005 N 42",NA,NA
"T 4994-14","2015-10-29","NJA 1965 s. 333",NA,NA
"T 5195-14","2016-05-25","NJA 1953 s. 561",NA,NA
"T 5231-14","2016-07-12","NJA 2003 s. 158",NA,NA
"T 5231-14","2016-07-12","NJA 2003 s. 158",NA,NA
"T 5231-14","2016-07-12","NJA 1984 s. 807","T 60-83","1984-12-05"
"T 5231-14","2016-07-12","NJA 1981 s. 1201",NA,NA
"T 5231-14","2016-07-12","NJA 1985 s. 618","T 174-83","1985-09-18"
"T 5231-14","2016-07-12","NJA 1971 s. 317",NA,NA
"T 5231-14","2016-07-12","NJA 1971 s. 317",NA,NA
"T 5231-14","2016-07-12","NJA 2003 s. 158",NA,NA
"T 5231-14","2016-07-12","NJA 1971 s. 317",NA,NA
"T 5231-14","2016-07-12","NJA 1984 s. 807","T 60-83","1984-12-05"
"T 5231-14","2016-07-12","NJA 1981 s. 1201",NA,NA
"T 5231-14","2016-07-12","NJA 2003 s. 158",NA,NA
"T 5829-14","2016-04-26","NJA 2015 s. 656",NA,NA
"T 5829-14","2016-04-26","NJA 1928 s. 70",NA,NA
"T 5829-14","2016-04-26","NJA 1917 s. 331",NA,NA
"T 5829-14","2016-04-26","NJA 1928 s. 70",NA,NA
"T 5829-14","2016-04-26","NJA 1917 s. 331",NA,NA
"T 5958-14","2016-06-10","NJA 1977 s. 756",NA,NA
"T 6069-14","2016-06-17","NJA 1963 s. 184",NA,NA
"T 6069-14","2016-06-17","NJA 1963 s. 184",NA,NA
"T 6198-14","2016-03-23","NJA 1988 s. 221","T 294-85","1988-04-29"
"T 6198-14","2016-03-23","NJA 1988 s. 221","T 294-85","1988-04-29"
"T 980-14","2015-11-06","NJA 1992 s. 493",NA,NA
"B 1013-09","2009-07-03","NJA 1991 s. 83","B 1095-90","1991-02-15"
"B 1013-09","2009-07-03","NJA 1991 s. 83","B 1095-90","1991-02-15"
"B 2074-09","2009-10-21","NJA 1991 s. 255","B 312-91","1991-05-03"
"B 2074-09","2009-10-21","NJA 1983 s. 163","B 1075-82","1983-02-25"
"B 2074-09","2009-10-21","NJA 1991 s. 255","B 312-91","1991-05-03"
"B 2074-09","2009-10-21","NJA 1983 s. 163","B 1075-82","1983-02-25"
"B 2377-09","2010-10-19","NJA 1991 s. 471","B 902-90","1991-09-04"
"B 2509-09","2010-03-31","NJA 2007 s. 557",NA,NA
"B 2509-09","2010-03-31","NJA 2004 s. 510 I och II",NA,NA
"B 2760-09","2011-04-06","NJA 1967 s. 615",NA,NA
"B 2760-09","2011-04-06","NJA 1960 s. 339",NA,NA
"B 2760-09","2011-04-06","NJA 1944 s. 256",NA,NA
"B 2883-09","2011-04-14","NJA 1936 s. 69",NA,NA
"B 2883-09","2011-04-14","NJA 1935 s. 354",NA,NA
"B 2883-09","2011-04-14","NJA 1978 s. 458",NA,NA
"B 2883-09","2011-04-14","NJA 1973 B 11",NA,NA
"B 2883-09","2011-04-14","NJA 1958 s. 39",NA,NA
"B 2883-09","2011-04-14","NJA 1947 s. 253",NA,NA
"B 2883-09","2011-04-14","NJA 1973 B 11",NA,NA
"B 2883-09","2011-04-14","NJA 1978 s. 458",NA,NA
"B 2883-09","2011-04-14","NJA 1958 s. 39",NA,NA
"B 2883-09","2011-04-14","NJA 1947 s. 253",NA,NA
"B 2883-09","2011-04-14","NJA 1936 s. 69",NA,NA
"B 2883-09","2011-04-14","NJA 1935 s. 354",NA,NA
"B 2883-09","2011-04-14","NJA 1947 s. 253",NA,NA
"B 2883-09","2011-04-14","NJA 1944 s. 307",NA,NA
"B 3549-09","2009-12-11","NJA 2008 s. 760",NA,NA
"B 3549-09","2009-12-11","NJA 1984 s. 181","B 148-83","1984-03-13"
"B 3549-09","2009-12-11","NJA 1984 s. 181","B 148-83","1984-03-13"
"B 3549-09","2009-12-11","NJA 2009 s. 72",NA,NA
"B 3549-09","2009-12-11","NJA 1983 s. 113",NA,NA
"B 4411-09","2010-06-18","NJA 1981 s. 1076","B 778-81","1981-11-20"
"B 5521-09","2010-06-11","NJA 1983 s. 786","B 509-83","1983-12-13"
"B 5521-09","2010-06-11","NJA 1983 s. 786","B 509-83","1983-12-13"
"T 1295-09","2011-06-22","NJA 2001 s. 339",NA,NA
"T 1295-09","2011-06-22","NJA 1983 s. 668",NA,NA
"T 1295-09","2011-06-22","NJA 1989 s. 378",NA,NA
"T 1295-09","2011-06-22","NJA 1981 s. 395",NA,NA
"T 1295-09","2011-06-22","NJA 2001 s. 548",NA,NA
"T 1295-09","2011-06-22","NJA 2001 s. 339",NA,NA
"T 1295-09","2011-06-22","NJA 1983 s. 688",NA,NA
"T 1295-09","2011-06-22","NJA 1981 C 51",NA,NA
"T 1295-09","2011-06-22","NJA 1956 s. 417",NA,NA
"T 1295-09","2011-06-22","NJA 2007 s. 295",NA,NA
"T 1295-09","2011-06-22","NJA 2003 s. 217",NA,NA
"T 1295-09","2011-06-22","NJA 2001 s. 339",NA,NA
"T 1295-09","2011-06-22","NJA 2003 s. 248",NA,NA
"T 1295-09","2011-06-22","NJA 2009 s. 862",NA,NA
"T 1295-09","2011-06-22","NJA 2003 s. 263",NA,NA
"T 1408-09","2011-12-29","NJA 1987 s. 22","T 390-85","1987-01-15"
"T 1408-09","2011-12-29","NJA 1987 s. 22","T 390-85","1987-01-15"
"T 156-09","2010-06-09","NJA 1981 s. 1205","T 303-80","1981-12-17"
"T 156-09","2010-06-09","NJA 1981 s. 1205","T 303-80","1981-12-17"
"T 2314-09","2010-12-28","NJA 2008 N 12",NA,NA
"T 2430-09","2009-12-17","NJA 2004 s. 743",NA,NA
"T 2430-09","2009-12-17","NJA 2004 s. 743",NA,NA
"T 2430-09","2009-12-17","NJA 2003 s. 263",NA,NA
"T 2430-09","2009-12-17","NJA 2007 s. 295",NA,NA
"T 2430-09","2009-12-17","NJA 2004 s. 743",NA,NA
"T 2618-09","2010-12-29","NJA 1935 A 405",NA,NA
"T 2618-09","2010-12-29","NJA 1935 A 405",NA,NA
"T 2618-09","2010-12-29","NJA 1954 s. 546",NA,NA
"T 2618-09","2010-12-29","NJA 1935 A 405",NA,NA
"T 3258-09","2010-11-30","NJA 1982 s. 244",NA,NA
"T 3258-09","2010-11-30","NJA 1961 s. 658",NA,NA
"T 333-09","2010-06-16","NJA 2009 N 70",NA,NA
"T 333-09","2010-06-16","NJA 2007 s. 295",NA,NA
"T 333-09","2010-06-16","NJA 2003 s. 263",NA,NA
"T 333-09","2010-06-16","NJA 1994 s. 194",NA,NA
"T 333-09","2010-06-16","NJA 2007 s. 475",NA,NA
"T 333-09","2010-06-16","NJA 2003 s. 263",NA,NA
"T 352-09","2010-11-23","NJA 1995 s. 165",NA,NA
"T 352-09","2010-11-23","NJA 1989 s. 315","B 967-87","1989-06-19"
"T 352-09","2010-11-23","NJA 1981 s. 313","T 89-80","1981-02-16"
"T 4062-09","2011-09-23","NJA 1973 s. 674",NA,NA
"T 4062-09","2011-09-23","NJA 1979 s. 401",NA,NA
"T 4062-09","2011-09-23","NJA 1978 s. 432",NA,NA
"T 4062-09","2011-09-23","NJA 1980 s. 46",NA,NA
"T 4062-09","2011-09-23","NJA 1978 s. 432",NA,NA
"T 4062-09","2011-09-23","NJA 1975 s. 603",NA,NA
"T 4953-09","2011-06-09","NJA 1993 s. 228",NA,NA
"T 5211-09","2010-12-28","NJA 2008 s. 1177",NA,NA
"T 5211-09","2010-12-28","NJA 2008 s. 1177",NA,NA
"T 5211-09","2010-12-28","NJA 2008 s. 1177",NA,NA
"T 5211-09","2010-12-28","NJA 2008 s. 1177",NA,NA
"T 5211-09","2010-12-28","NJA 1961 s. 215",NA,NA
"T 5211-09","2010-12-28","NJA 1961 s. 215",NA,NA
"T 5211-09","2010-12-28","NJA 2008 s. 1177",NA,NA
"T 5211-09","2010-12-28","NJA 2008 s. 1177",NA,NA
"T 5811-09","2010-12-22","NJA 1932 s. 292",NA,NA
"T 6005-09","2011-06-09","NJA 1988 s. 396","T 368-87","1988-06-27"
"T 6005-09","2011-06-09","NJA 1950 s. 610",NA,NA
"T 6005-09","2011-06-09","NJA 2008 s. 100",NA,NA
"T 6005-09","2011-06-09","NJA 1950 s. 610",NA,NA
"T 6005-09","2011-06-09","NJA 1988 s. 396","T 368-87","1988-06-27"
"B 1126-04","2004-07-02","NJA 1985 s. 757","B 910-85","1985-12-05"
"B 1126-04","2004-07-02","NJA 1980 s. 514",NA,NA
"B 143-04","2004-09-06","NJA 1997 C 39",NA,NA
"B 153-04","2005-05-26","NJA 1991 s. 163","B 483-89","1991-02-11"
"B 153-04","2005-05-26","NJA 1991 s. 163","B 483-89","1991-02-11"
"B 1726-04","2004-06-29","NJA 1991 s. 83","B 1095-90","1991-02-15"
"B 246-04","2004-12-16","NJA 1974 s. 675",NA,NA
"B 246-04","2004-12-16","NJA 1974 s. 535",NA,NA
"B 246-04","2004-12-16","NJA 1932 s. 682",NA,NA
"B 3454-04","2004-12-02","NJA 1989 s. 97","B 1224-88","1989-03-10"
"B 3454-04","2004-12-02","NJA 1985 s. 510","B 369-85","1985-07-08"
"B 3808-04","2005-04-27","NJA 1991 s. 778","B 2276-91","1991-12-20"
"B 3808-04","2005-04-27","NJA 1991 s. 766","B 2008-91","1991-12-19"
"B 3808-04","2005-04-27","NJA 1989 s. 102","B 1037-88","1989-03-10"
"B 3808-04","2005-04-27","NJA 1986 s. 324","B 6-86","1986-06-04"
"B 3808-04","2005-04-27","NJA 1983 s. 131","B 98-82","1983-02-22"
"B 3808-04","2005-04-27","NJA 1982 s. 198","B 311-81","1982-04-08"
"B 3808-04","2005-04-27","NJA 1981 s. 1246","B 1018-80","1981-12-22"
"B 3808-04","2005-04-27","NJA 1981 s. 825","B 586-81","1981-08-26"
"B 3808-04","2005-04-27","NJA 1981 s. 426","B 719-80","1981-03-02"
"B 3808-04","2005-04-27","NJA 1981 s. 327","B 803-80","1981-02-19"
"B 3808-04","2005-04-27","NJA 1980 s. 769",NA,NA
"B 3808-04","2005-04-27","NJA 1980 s. 725",NA,NA
"B 3808-04","2005-04-27","NJA 1980 s. 407",NA,NA
"B 3808-04","2005-04-27","NJA 1981 s. 825","B 586-81","1981-08-26"
"B 3825-04","2005-05-25","NJA 1983 s. 887","B 352-83","1983-12-21"
"B 3825-04","2005-05-25","NJA 1983 s. 754","B 813-83","1983-11-23"
"B 3825-04","2005-05-25","NJA 1983 s. 754","B 407-83","1983-11-23"
"B 3825-04","2005-05-25","NJA 1983 s. 754","B 813-83","1983-11-23"
"B 3825-04","2005-05-25","NJA 1983 s. 754","B 407-83","1983-11-23"
"B 3825-04","2005-05-25","NJA 1983 s. 887","B 352-83","1983-12-21"
"B 3825-04","2005-05-25","NJA 1983 s. 754","B 813-83","1983-11-23"
"B 3825-04","2005-05-25","NJA 1983 s. 754","B 407-83","1983-11-23"
"B 3863-04","2004-11-22","NJA 1976 s. 202",NA,NA
"B 3863-04","2004-11-22","NJA 1976 s. 202",NA,NA
"B 397-04","2005-12-05","NJA 2004 s. 840 I och II",NA,NA
"B 432-04","2004-12-21","NJA 1988 s. 495","B 25-85","1988-10-14"
"B 4379-04","2005-10-19","NJA 1965 s. 404",NA,NA
"B 4823-04","2006-07-04","NJA 1969 s. 45",NA,NA
"B 4823-04","2006-07-04","NJA 1969 s. 45 I",NA,NA
"B 4823-04","2006-07-04","NJA 1989 s. 646","T 491-88","1989-11-06"
"B 4823-04","2006-07-04","NJA 1969 s. 45",NA,NA
"B 5150-04","2006-12-29","NJA 1996 s. 377","T 4634-95","1996-06-13"
"B 5150-04","2006-12-29","NJA 1996 s. 377","T 4634-95","1996-06-13"
"T 1397-04","2006-06-30","NJA 1982 s. 900",NA,NA
"T 1397-04","2006-06-30","NJA 1978 s. 728",NA,NA
"T 1397-04","2006-06-30","NJA 1973 s. 635",NA,NA
"T 1397-04","2006-06-30","NJA 1986 s. 217",NA,NA
"T 1397-04","2006-06-30","NJA 1978 s. 728",NA,NA
"T 1397-04","2006-06-30","NJA 1982 s. 900",NA,NA
"T 1397-04","2006-06-30","NJA 1973 s. 635",NA,NA
"T 1397-04","2006-06-30","NJA 1999 s. 629",NA,NA
"T 1559-04","2006-06-08","NJA 1997 s. 854",NA,NA
"T 1839-04","2007-06-20","NJA 1975 s. 222",NA,NA
"T 2265-04","2005-11-28","NJA 1988 s. 620","T 416-86","1988-12-08"
"T 2265-04","2005-11-28","NJA 1988 s. 620","T 416-86","1988-12-08"
"T 2265-04","2005-11-28","NJA 1942 s. 696",NA,NA
"T 2265-04","2005-11-28","NJA 1991 s. 488",NA,NA
"T 2265-04","2005-11-28","NJA 1950 s. 570",NA,NA
"T 2265-04","2005-11-28","NJA 1946 s. 638",NA,NA
"T 2265-04","2005-11-28","NJA 1988 s. 620","T 416-86","1988-12-08"
"T 2265-04","2005-11-28","NJA 1988 s. 620","T 416-86","1988-12-08"
"T 2265-04","2005-11-28","NJA 1942 s. 696",NA,NA
"T 2265-04","2005-11-28","NJA 1991 s. 488",NA,NA
"T 2265-04","2005-11-28","NJA 1950 s. 570",NA,NA
"T 2265-04","2005-11-28","NJA 1946 s. 638",NA,NA
"T 2269-04","2007-02-23","NJA 1986 s. 117","B 897-85","1986-03-18"
"T 2269-04","2007-02-23","NJA 1986 s. 117","B 897-85","1986-03-18"
"T 279-04","2006-04-11","NJA 1968 s. 197",NA,NA
"T 279-04","2006-04-11","NJA 1968 s. 197",NA,NA
"T 279-04","2006-04-11","NJA 1983 s. 255","T 493-81","1983-02-22"
"T 279-04","2006-04-11","NJA 1968 s. 197",NA,NA
"T 3004-04","2006-12-11","NJA 1962 s. 276",NA,NA
"T 3004-04","2006-12-11","NJA 1999 s. 35","T 3152-97","1999-02-19"
"T 3004-04","2006-12-11","NJA 1980 s. 46",NA,NA
"T 3004-04","2006-12-11","NJA 1961 s. 658",NA,NA
"T 3004-04","2006-12-11","NJA 1977 s. 92",NA,NA
"T 3004-04","2006-12-11","NJA 1962 s. 276",NA,NA
"T 3004-04","2006-12-11","NJA 1962 s. 270",NA,NA
"T 3004-04","2006-12-11","NJA 1930 s. 131",NA,NA
"T 3004-04","2006-12-11","NJA 1939 s. 556",NA,NA
"T 3004-04","2006-12-11","NJA 1930 s. 131",NA,NA
"T 3004-04","2006-12-11","NJA 1930 s. 131",NA,NA
"T 3004-04","2006-12-11","NJA 1980 s. 46",NA,NA
"T 3637-04","2005-12-27","NJA 1992 s. 740","T 369-91","1992-11-25"
"T 3637-04","2005-12-27","NJA 1991 s. 766","B 2008-91","1991-12-19"
"T 3637-04","2005-12-27","NJA 1972 s. 81",NA,NA
"T 3637-04","2005-12-27","NJA 1992 s. 740 I",NA,NA
"T 3637-04","2005-12-27","NJA 1991 s. 766","B 2008-91","1991-12-19"
"T 3637-04","2005-12-27","NJA 1972 s. 81",NA,NA
"T 3692-04","2006-04-05","NJA 1996 s. 377","T 4634-95","1996-06-13"
"T 3692-04","2006-04-05","NJA 1971 s. 78",NA,NA
"T 3692-04","2006-04-05","NJA 1996 s. 377","T 4634-95","1996-06-13"
"T 3692-04","2006-04-05","NJA 1993 s. 41 I och II",NA,NA
"T 3692-04","2006-04-05","NJA 1993 s. 41 I och II",NA,NA
"T 3692-04","2006-04-05","NJA 1995 s. 269","T 4397-92","1995-05-05"
"T 4256-04","2006-02-01","NJA 1987 s. 22","T 390-85","1987-01-15"
"T 471-04","2004-12-27","NJA 1934 s. 190",NA,NA
"T 471-04","2004-12-27","NJA 1934 s. 190",NA,NA
"T 471-04","2004-12-27","NJA 1959 s. 181",NA,NA
"T 471-04","2004-12-27","NJA 1948 s. 173",NA,NA
"T 471-04","2004-12-27","NJA 1947 s. 126",NA,NA
"T 471-04","2004-12-27","NJA 1943 s. 188",NA,NA
"T 471-04","2004-12-27","NJA 1934 s. 190",NA,NA
"T 471-04","2004-12-27","NJA 1932 s. 457",NA,NA
"T 471-04","2004-12-27","NJA 1934 s. 190",NA,NA
"T 4739-04","2005-12-23","NJA 1975 s. 679",NA,NA
"T 4739-04","2005-12-23","NJA 1975 s. 679",NA,NA
"T 4828-04","2007-12-28","NJA 1978 s. 389",NA,NA
"T 4828-04","2007-12-28","NJA 1971 s. 129",NA,NA
"T 4828-04","2007-12-28","NJA 1978 s. 389",NA,NA
"T 4828-04","2007-12-28","NJA 1971 s. 129",NA,NA
"T 4828-04","2007-12-28","NJA 1971 s. 129",NA,NA
"T 4828-04","2007-12-28","NJA 1978 s. 389",NA,NA
"T 4828-04","2007-12-28","NJA 1971 s. 129",NA,NA
"T 4965-04","2006-02-06","NJA 1987 s. 285","T 371-85","1987-04-15"
"T 4965-04","2006-02-06","NJA 1987 s. 285","B 434-86","1987-04-15"
"T 4965-04","2006-02-06","NJA 1987 s. 285 I",NA,NA
"T 72-04","2005-06-09","NJA 2003 s. 217",NA,NA
"T 72-04","2005-06-09","NJA 2003 s. 217",NA,NA
"T 72-04","2005-06-09","NJA 2003 s. 217",NA,NA
"T 72-04","2005-06-09","NJA 1992 s. 740 I och II",NA,NA
"T 72-04","2005-06-09","NJA 1989 s. 131","B 349-88","1989-03-22"
"T 72-04","2005-06-09","NJA 1981 s. 1205","T 303-80","1981-12-17"
"T 72-04","2005-06-09","NJA 2003 s. 217",NA,NA
"T 72-04","2005-06-09","NJA 2003 s. 217",NA,NA
"B 1668-99","2000-02-08","HD B 2286-99",NA,NA
"B 1668-99","2000-02-08","HD B 1330-99",NA,NA
"B 2245-99","1999-11-12","NJA 1981 s. 513","B 594-80","1981-04-06"
"B 2245-99","1999-11-12","NJA 1989 s. 374","T 17-88","1989-06-28"
"B 2393-99","2000-03-01","NJA 2000 s. 17 I och II",NA,NA
"B 2393-99","2000-03-01","NJA 2000 s. 17 I och II",NA,NA
"B 3231-99","2000-06-22","NJA 1991 s. 444","B 573-91","1991-07-15"
"B 3231-99","2000-06-22","NJA 1991 s. 444","B 573-91","1991-07-15"
"B 3340-99","2001-09-19","NJA 1991 s. 123",NA,NA
"B 3340-99","2001-09-19","NJA 1991 s. 123",NA,NA
"B 4480-99","2001-03-28","NJA 1982 s. 836","B 1068-81","1982-12-22"
"B 4480-99","2001-03-28","NJA 1972 s. 532",NA,NA
"B 4641-99","2001-06-01","NJA 1956 s. 464",NA,NA
"B 4641-99","2001-06-01","NJA 1947 s. 8",NA,NA
"B 633-99","1999-05-19","NJA 1988 s. 586","B 990-87","1988-12-05"
"B 633-99","1999-05-19","NJA 1978 s. 67",NA,NA
"B 633-99","1999-05-19","NJA 1967 s. 384",NA,NA
"B 633-99","1999-05-19","NJA 1991 s. 692","B 628-91","1991-11-28"
"T 1126-99","2001-03-20","NJA 1992 s. 782","T 611-92","1992-12-07"
"T 12-99","2000-06-27","NJA 1989 s. 247",NA,NA
"T 1277-99","2002-06-07","NJA 1997 s. 93",NA,NA
"T 1277-99","2002-06-07","NJA 1997 s. 93",NA,NA
"T 1277-99","2002-06-07","NJA 1992 s. 299",NA,NA
"T 1277-99","2002-06-07","NJA 1992 s. 299",NA,NA
"T 1277-99","2002-06-07","NJA 1997 s. 93",NA,NA
"T 1277-99","2002-06-07","NJA 1997 s. 93",NA,NA
"T 1277-99","2002-06-07","NJA 1992 s. 299",NA,NA
"T 1277-99","2002-06-07","NJA 1992 s. 299",NA,NA
"T 1277-99","2002-06-07","NJA 1997 s. 93",NA,NA
"T 1337-99","2002-01-31","NJA 1976 s. 562",NA,NA
"T 1337-99","2002-01-31","NJA 1975 s. 385","T 6866-20","2021-09-09"
"T 1337-99","2002-01-31","NJA 1976 s. 562",NA,NA
"T 1337-99","2002-01-31","NJA 1975 s. 385","T 6866-20","2021-09-09"
"T 155-99","2001-04-19","NJA 1994 s. 566",NA,NA
"T 155-99","2001-04-19","NJA 1994 s. 566",NA,NA
"T 1573-99","2001-04-25","NJA 1991 s. 23","T 231-90","1991-01-08"
"T 1573-99","2001-04-25","NJA 1991 s. 23","T 231-90","1991-01-08"
"T 1674-99","2000-09-06","NJA 1967 s. 313",NA,NA
"T 1674-99","2000-09-06","NJA 1924 s. 186",NA,NA
"T 236-99","2001-06-28","NJA 1998 s. 438",NA,NA
"T 236-99","2001-06-28","NJA 1971 s. 216",NA,NA
"T 236-99","2001-06-28","NJA 1992 s. 782","T 611-92","1992-12-07"
"T 236-99","2001-06-28","NJA 1992 s. 782","T 611-92","1992-12-07"
"T 236-99","2001-06-28","NJA 1971 s. 216",NA,NA
"T 2546-99","2000-10-17","NJA 1980 s. 311",NA,NA
"T 2546-99","2000-10-17","NJA 1978 s. 307",NA,NA
"T 2546-99","2000-10-17","NJA 1979 s. 620",NA,NA
"T 2546-99","2000-10-17","NJA 1996 s. 377","T 4634-95","1996-06-13"
"T 2546-99","2000-10-17","NJA 1993 s. 11",NA,NA
"T 2546-99","2000-10-17","NJA 1993 s. 411",NA,NA
"T 28-99","2001-06-01","NJA 1989 s. 389","T 451-88","1989-07-03"
"T 28-99","2001-06-01","NJA 1977 s. 538",NA,NA
"T 28-99","2001-06-01","NJA 1985 s. 641","T 538-83","1985-10-01"
"T 28-99","2001-06-01","NJA 1968 s. 285",NA,NA
"T 28-99","2001-06-01","NJA 1945 s. 676",NA,NA
"T 28-99","2001-06-01","NJA 1986 s. 712","T 117-83","1986-12-12"
"T 28-99","2001-06-01","NJA 1945 s. 189",NA,NA
"T 28-99","2001-06-01","NJA 1918 s. 156",NA,NA
"T 28-99","2001-06-01","NJA 1918 s. 156",NA,NA
"T 2848-99","2001-06-06","NJA 1991 s. 720","T 487-89","1991-12-11"
"T 339-99","2001-05-09","NJA 1971 s. 122",NA,NA
"T 3514-99","2000-12-04","NJA 1973 s. 42",NA,NA
"T 3602-99","2000-11-07","NJA 1990 s. 35","T 39-88","1990-02-15"
"T 3602-99","2000-11-07","NJA 1987 s. 243","T 25-85","1987-04-28"
"T 3898-99","2000-11-01","NJA 1982 s. 336",NA,NA
"T 455-99","2001-01-29","NJA 1984 s. 207",NA,NA
"T 455-99","2001-01-29","NJA 1984 s. 207",NA,NA
"T 455-99","2001-01-29","NJA 1984 s. 207",NA,NA
"T 455-99","2001-01-29","NJA 1978 s. 125",NA,NA
"T 4956-99","2002-02-19","NJA 1982 s. 307","T 249-81","1982-06-03"
"T 5119-99","2000-12-29","NJA 1984 s. 215",NA,NA
"T 5119-99","2000-12-29","NJA 1984 s. 215",NA,NA
"T 5150-99","2001-02-22","NJA 1971 s. 126",NA,NA
"T 5150-99","2001-02-22","NJA 1971 s. 126",NA,NA
"T 5150-99","2001-02-22","NJA 1971 s. 126",NA,NA
"T 5150-99","2001-02-22","NJA 1971 s. 126",NA,NA
"T 5150-99","2001-02-22","NJA 1971 s. 126",NA,NA
"B 1225-94","1995-02-17","NJA 1984 s. 520","B 901-83","1984-07-05"
"B 1414-94","1994-12-09","NJA 1988 s. 351","B 1115-87","1988-06-28"
"B 1414-94","1994-12-09","NJA 1985 s. 384","B 1150-83","1985-05-29"
"B 1889-94","1995-03-31","NJA 1992 s. 625",NA,NA
"B 1889-94","1995-03-31","NJA 1992 s. 625",NA,NA
"B 2985-94","1996-02-22","NJA 1960 s. 442",NA,NA
"B 2985-94","1996-02-22","NJA 1960 s. 442",NA,NA
"B 3162-94","1995-04-07","NJA 1988 s. 572",NA,NA
"B 3162-94","1995-04-07","NJA 1988 s. 92","B 322-87","1988-03-03"
"B 3187-94","1994-10-31","NJA 1985 s. 757","B 910-85","1985-12-05"
"B 3846-94","1994-10-05","NJA 1991 s. 783","B 535-91","1991-12-20"
"B 3846-94","1994-10-05","NJA 1991 s. 783","B 535-91","1991-12-20"
"B 4446-94","1994-12-22","NJA 1988 s. 321","B 432-88","1988-06-02"
"B 4446-94","1994-12-22","NJA 1972 s. 323",NA,NA
"B 5548-94","1996-04-03","NJA 1981 s. 1057","B 976-80","1981-11-17"
"B 555-94","1994-09-12","NJA 1979 s. 657",NA,NA
"B 5719-94","1995-12-15","NJA 1983 s. 491","B 332-82","1983-06-21"
"B 5719-94","1995-12-15","NJA 1983 s. 491","B 332-82","1983-06-21"
"B 701-94","1995-04-07","NJA 1987 s. 426","B 211-86","1987-06-09"
"B 701-94","1995-04-07","NJA 1987 s. 426","B 211-86","1987-06-09"
"B 701-94","1995-04-07","NJA 1987 s. 426","B 211-86","1987-06-09"
"B 701-94","1995-04-07","NJA 1987 s. 426","B 211-86","1987-06-09"
"T 1453-94","1996-06-13","NJA 1916 s. 154",NA,NA
"T 1453-94","1996-06-13","NJA 1916 s. 154",NA,NA
"T 1752-94","1996-03-29","NJA 1979 s. 157",NA,NA
"T 2023-94","1995-12-28","NJA 1988 s. 620","T 416-86","1988-12-08"
"T 2023-94","1995-12-28","NJA 1951 s. 6 I och II",NA,NA
"T 2023-94","1995-12-28","NJA 1951 s. 6 I och II",NA,NA
"T 2023-94","1995-12-28","NJA 1988 s. 620","T 416-86","1988-12-08"
"T 2023-94","1995-12-28","NJA 1962 s. 461",NA,NA
"T 2023-94","1995-12-28","NJA 1995 s. 418",NA,NA
"T 2023-94","1995-12-28","NJA 1990 s. 343",NA,NA
"T 2023-94","1995-12-28","NJA 1980 s. 311",NA,NA
"T 2023-94","1995-12-28","NJA 1976 s. 618",NA,NA
"T 2023-94","1995-12-28","NJA 1966 s. 475",NA,NA
"T 2023-94","1995-12-28","NJA 1951 s. 11",NA,NA
"T 2023-94","1995-12-28","NJA 1951 s. 61",NA,NA
"T 2023-94","1995-12-28","NJA 1935 s. 357",NA,NA
"T 2023-94","1995-12-28","NJA 1951 s. 61",NA,NA
"T 2023-94","1995-12-28","NJA 1962 s. 461",NA,NA
"T 2023-94","1995-12-28","NJA 1951 s. 61",NA,NA
"T 2362-94","1996-11-05","NJA 1976 s. 103",NA,NA
"T 2362-94","1996-11-05","NJA 1968 s. 23",NA,NA
"T 2362-94","1996-11-05","NJA 1961 s. 572",NA,NA
"T 2390-94","1996-02-12","NJA 1956 s. 485",NA,NA
"T 2609-94","1995-11-30","NJA 1989 s. 519","T 93-88","1989-09-26"
"T 2636-94","1995-06-15","NJA 1994 s. 3","T 333-92","1994-01-12"
"T 2636-94","1995-06-15","NJA 1993 s. 524",NA,NA
"T 2636-94","1995-06-15","NJA 1989 s. 671","T 344-88","1989-11-17"
"T 2636-94","1995-06-15","NJA 1949 s. 164",NA,NA
"T 2636-94","1995-06-15","NJA 1994 s. 668",NA,NA
"T 2636-94","1995-06-15","NJA 1993 s. 524",NA,NA
"T 2636-94","1995-06-15","NJA 1949 s. 164",NA,NA
"T 2638-94","1995-05-16","NJA 1983 s. 628",NA,NA
"T 2881-94","1996-05-08","NJA 1957 s. 1",NA,NA
"T 2881-94","1996-05-08","NJA 1957 s. 1",NA,NA
"T 2881-94","1996-05-08","NJA 1957 s. 1",NA,NA
"T 2881-94","1996-05-08","NJA 1957 s. 1",NA,NA
"T 2881-94","1996-05-08","NJA 1957 s. 1",NA,NA
"T 3221-94","1997-04-30","NJA 1974 s. 52",NA,NA
"T 3221-94","1997-04-30","NJA 1974 s. 52",NA,NA
"T 3238-94","1997-05-21","NJA 1991 s. 177",NA,NA
"T 3238-94","1997-05-21","NJA 1978 s. 57",NA,NA
"T 3238-94","1997-05-21","NJA 1991 s. 177",NA,NA
"T 3238-94","1997-05-21","NJA 1978 s. 57",NA,NA
"T 3525-94","1996-11-29","NJA 1929 s. 514",NA,NA
"T 3525-94","1996-11-29","NJA 1994 s. 42",NA,NA
"T 3525-94","1996-11-29","NJA 1989 s. 759",NA,NA
"T 3662-94","1997-06-12","NJA 1982 s. 336",NA,NA
"T 3688-94","1998-05-20","NJA 1931 s. 604",NA,NA
"T 3688-94","1998-05-20","NJA 1906 s. 317",NA,NA
"T 3688-94","1998-05-20","NJA 1970 s. 394",NA,NA
"T 3688-94","1998-05-20","NJA 1956 s. 554",NA,NA
"T 3688-94","1998-05-20","NJA 1948 s. 513",NA,NA
"T 3688-94","1998-05-20","NJA 1977 s. 129",NA,NA
"T 3688-94","1998-05-20","NJA 1958 s. 654",NA,NA
"T 3688-94","1998-05-20","NJA 1946 s. 83",NA,NA
"T 3688-94","1998-05-20","NJA 1945 s. 290",NA,NA
"T 3688-94","1998-05-20","NJA 1931 s. 604",NA,NA
"T 3688-94","1998-05-20","NJA 1906 s. 317",NA,NA
"T 3688-94","1998-05-20","NJA 1977 s. 129",NA,NA
"T 3688-94","1998-05-20","NJA 1970 s. 394",NA,NA
"T 3688-94","1998-05-20","NJA 1958 s. 654",NA,NA
"T 3688-94","1998-05-20","NJA 1956 s. 554",NA,NA
"T 3688-94","1998-05-20","NJA 1948 s. 513",NA,NA
"T 3688-94","1998-05-20","NJA 1946 s. 83",NA,NA
"T 3688-94","1998-05-20","NJA 1945 s. 290",NA,NA
"T 4346-94","1995-10-26","NJA 1978 s. 526",NA,NA
"T 4346-94","1995-10-26","NJA 1978 s. 526",NA,NA
"T 4574-94","1997-10-30","NJA 1992 s. 303","T 59-91","1992-05-27"
"T 5788-94","1996-06-24","NJA 1974 s. 508",NA,NA
"T 5788-94","1996-06-24","NJA 1957 s. 770",NA,NA
"T 5788-94","1996-06-24","NJA 1985 s. 178","T 45-83","1985-03-18"
"T 5788-94","1996-06-24","NJA 1981 s. 269",NA,NA
"T 5788-94","1996-06-24","NJA 1985 s. 178","T 45-83","1985-03-18"
"T 5788-94","1996-06-24","NJA 1981 s. 269",NA,NA
"T 814-94","1996-12-10","NJA 1986 s. 10",NA,NA
"T 814-94","1996-12-10","NJA 1986 s. 10",NA,NA
"T 814-94","1996-12-10","NJA 1986 s. 10",NA,NA
"B 1020-89","1990-09-18","NJA 1989 s. 382",NA,NA
"B 1020-89","1990-09-18","NJA 1989 s. 461",NA,NA
"B 1020-89","1990-09-18","NJA 1984 s. 80","B 755-83","1984-02-16"
"B 1071-89","1990-09-12","NJA 1990 s. 84 I och II",NA,NA
"B 1071-89","1990-09-12","NJA 1990 s. 84 I och II",NA,NA
"B 320-89","1989-10-18","NJA 1977 s. 735",NA,NA
"B 346-89","1989-12-27","NJA 1989 s. 31","B 289-88","1989-02-10"
"B 346-89","1989-12-27","NJA 1983 s. 198","B 965-81","1983-03-03"
"B 41-89","1989-09-11","NJA 1960 s. 537",NA,NA
"B 418-89","1990-03-29","NJA 1989 s. 12","B 397-87","1989-01-11"
"B 431-89","1990-03-07","NJA 1967 s. 237",NA,NA
"B 431-89","1990-03-07","NJA 1982 s. 675","B 957-81","1982-10-26"
"B 431-89","1990-03-07","NJA 1977 s. 521",NA,NA
"B 431-89","1990-03-07","NJA 1975 s. 768",NA,NA
"B 431-89","1990-03-07","NJA 1970 B 48",NA,NA
"B 431-89","1990-03-07","NJA 1968 B 12",NA,NA
"B 431-89","1990-03-07","NJA 1982 s. 675","B 957-81","1982-10-26"
"B 431-89","1990-03-07","NJA 1977 s. 521",NA,NA
"B 431-89","1990-03-07","NJA 1975 s. 768",NA,NA
"B 431-89","1990-03-07","NJA 1975 s. 438",NA,NA
"B 431-89","1990-03-07","NJA 1974 B 45",NA,NA
"B 431-89","1990-03-07","NJA 1972 B 8",NA,NA
"B 431-89","1990-03-07","NJA 1970 B 53",NA,NA
"B 431-89","1990-03-07","NJA 1970 B 48",NA,NA
"B 431-89","1990-03-07","NJA 1969 B 16",NA,NA
"B 431-89","1990-03-07","NJA 1968 B 12",NA,NA
"B 431-89","1990-03-07","NJA 1967 B 16",NA,NA
"B 431-89","1990-03-07","NJA 1967 s. 237",NA,NA
"B 699-89","1990-12-20","NJA 1987 s. 676","B 788-86","1987-10-06"
"B 699-89","1990-12-20","NJA 1987 s. 676","B 788-86","1987-10-06"
"B 717-89","1990-04-11","NJA 1982 s. 164","B 137-82","1982-03-25"
"B 717-89","1990-04-11","NJA 1980 s. 725",NA,NA
"B 717-89","1990-04-11","NJA 1971 s. 442",NA,NA
"B 717-89","1990-04-11","NJA 1970 s. 58",NA,NA
"B 717-89","1990-04-11","NJA 1969 s. 425",NA,NA
"B 717-89","1990-04-11","NJA 1928 B 170",NA,NA
"B 798-89","1989-11-28","NJA 1988 s. 55","B 979-87","1988-02-15"
"B 798-89","1989-11-28","NJA 1985 s. 452","B 354-85","1985-06-10"
"B 798-89","1989-11-28","NJA 1983 s. 500","B 283-83","1983-06-23"
"B 798-89","1989-11-28","NJA 1979 s. 139",NA,NA
"T 17-89","1990-03-09","NJA 1984 s. 501","T 256-82","1984-07-05"
"T 17-89","1990-03-09","NJA 1984 s. 501","T 225-83","1984-07-05"
"T 171-89","1989-12-15","NJA 1982 s. 312","T 22-81","1982-06-07"
"T 171-89","1989-12-15","NJA 1975 s. 708",NA,NA
"T 171-89","1989-12-15","NJA 1973 s. 170",NA,NA
"T 171-89","1989-12-15","NJA 1967 s. 321",NA,NA
"T 172-89","1990-04-06","NJA 1983 s. 194","T 218-82","1983-03-02"
"T 192-89","1990-04-04","NJA 1982 s. 793","T 162-81","1982-12-07"
"T 192-89","1990-04-04","NJA 1979 s. 129",NA,NA
"T 192-89","1990-04-04","NJA 1972 s. 81",NA,NA
"T 192-89","1990-04-04","NJA 1969 s. 469",NA,NA
"T 300-89","1990-11-29","NJA 1970 s. 394",NA,NA
"T 300-89","1990-11-29","NJA 1977 s. 129",NA,NA
"T 300-89","1990-11-29","NJA 1958 s. 654",NA,NA
"T 300-89","1990-11-29","NJA 1945 s. 290",NA,NA
"T 300-89","1990-11-29","NJA 1931 s. 604",NA,NA
"T 300-89","1990-11-29","NJA 1906 s. 317",NA,NA
"T 300-89","1990-11-29","NJA 1970 s. 394",NA,NA
"T 300-89","1990-11-29","NJA 1977 s. 129",NA,NA
"T 300-89","1990-11-29","NJA 1946 s. 83",NA,NA
"T 300-89","1990-11-29","NJA 1945 s. 290",NA,NA
"T 300-89","1990-11-29","NJA 1931 s. 604",NA,NA
"T 300-89","1990-11-29","NJA 1906 s. 317",NA,NA
"T 31-89","1990-02-28","NJA 1955 s. 39",NA,NA
"T 31-89","1990-02-28","NJA 1987 s. 692","T 573-85","1987-10-14"
"T 320-89","1992-02-19","NJA 1990 s 18",NA,NA
"T 320-89","1992-02-19","NJA 1987 s 726",NA,NA
"T 320-89","1992-02-19","NJA 1984 s 673",NA,NA
"T 320-89","1992-02-19","NJA 1977 s. 509",NA,NA
"T 330-89","1990-07-11","NJA 1989 s. 74","T 390-87","1989-03-01"
"T 380-89","1990-12-05","NJA 1988 s. 343","T 511-86","1988-06-20"
"T 380-89","1990-12-05","NJA 1986 s. 272","T 57-83","1986-06-04"
"T 380-89","1990-12-05","NJA 1988 s. 343","T 511-86","1988-06-20"
"T 380-89","1990-12-05","NJA 1986 s. 272","T 57-83","1986-06-04"
"T 453-89","1992-12-22","NJA 1992 s. 303","T 59-91","1992-05-27"
"T 453-89","1992-12-22","NJA 1992 s. 303","T 59-91","1992-05-27"
"T 59-89","1990-10-09","NJA 1985 s. 717","T 18-83","1985-11-26"
"T 76-89","1992-06-05","NJA 1934 s. 190",NA,NA
"T 80-89","1990-07-13","NJA 1975 s. 536",NA,NA
"B 1040-84","1985-12-19","NJA 1984 s. 641","B 836-83","1984-09-11"
"B 1040-84","1985-12-19","NJA 1984 s. 641","B 713-83","1984-09-11"
"B 1040-84","1985-12-19","NJA 1983 s. 897","B 348-83","1983-12-28"
"B 1040-84","1985-12-19","NJA 1983 s. 897","B 140-83","1983-12-28"
"B 1078-84","1985-09-04","NJA 1977 s. 614",NA,NA
"B 123-84","1984-11-22","NJA 1960 s. 4",NA,NA
"B 123-84","1984-11-22","NJA 1956 s. 333",NA,NA
"B 123-84","1984-11-22","NJA 1951 s. 125",NA,NA
"B 123-84","1984-11-22","NJA 1931 s. 117",NA,NA
"B 123-84","1984-11-22","NJA 1950 s. 31",NA,NA
"B 123-84","1984-11-22","NJA 1951 s. 828",NA,NA
"B 123-84","1984-11-22","NJA 1950 s. 446",NA,NA
"B 123-84","1984-11-22","NJA 1926 s. 494",NA,NA
"B 133-84","1985-08-28","NJA 1977 s. 225",NA,NA
"B 143-79","1981-02-09","NJA 1963 s. 652",NA,NA
"B 183-84","1984-12-07","NJA 1980 s. 224",NA,NA
"B 234-79","1981-11-06","NJA 1969 s. 326",NA,NA
"B 269-84","1984-12-27","NJA 1984 s. 452","B 117-83","1984-06-14"
"B 269-84","1984-12-27","NJA 1984 s. 452","B 117-83","1984-06-14"
"B 448-84","1985-12-13","NJA 1984 s. 564","B 1118-83","1984-07-13"
"B 623-84","1984-12-27","NJA 1983 s. 425","B 205-83","1983-06-01"
"B 623-84","1984-12-27","NJA 1983 s. 425","B 205-83","1983-06-01"
"B 655-79","1981-04-01","NJA 1945 s. 77",NA,NA
"B 851-84","1984-11-05","NJA 1982 s. 719","B 875-81","1982-11-25"
"B 923-84","1985-06-26","NJA 1984 s. 745","B 648-83","1984-10-31"
"B 923-84","1985-06-26","NJA 1983 s. 897","B 348-83","1983-12-28"
"B 923-84","1985-06-26","NJA 1983 s. 897","B 140-83","1983-12-28"
"T 129-84","1986-01-08","NJA 1984 s. 501 I och II",NA,NA
"T 143-84","1986-03-25","NJA 1979 s. 451",NA,NA
"T 206-79","1981-03-11","NJA 1976 s. 217",NA,NA
"T 206-79","1981-03-11","NJA 1975 s. 545",NA,NA
"T 226-84","1985-12-20","NJA 1985 s. 274","T 336-83","1985-04-03"
"T 226-84","1985-12-20","NJA 1978 s. 307",NA,NA
"T 226-84","1985-12-20","NJA 1985 s. 274","T 336-83","1985-04-03"
"T 226-84","1985-12-20","NJA 1984 s. 3","T 261-82","1984-01-10"
"T 226-84","1985-12-20","NJA 1980 s. 555",NA,NA
"T 226-84","1985-12-20","NJA 1978 s. 307",NA,NA
"T 226-84","1985-12-20","NJA 1983 s. 865","T 206-82","1983-12-20"
"T 226-84","1985-12-20","NJA 1983 s. 858","T 444-82","1983-12-16"
"T 226-84","1985-12-20","NJA 1980 s. 624",NA,NA
"T 226-84","1985-12-20","NJA 1978 s. 301",NA,NA
"T 230-79","1982-11-10","NJA 1949 s. 693",NA,NA
"T 230-79","1982-11-10","NJA 1936 s. 106",NA,NA
"T 242-84","1985-05-07","NJA 1984 s. 207",NA,NA
"T 242-84","1985-05-07","NJA 1984 s. 207",NA,NA
"T 273-84","1985-09-09","NJA 1981 s. 704",NA,NA
"T 285-79","1981-12-15","NJA 1968 s. 145",NA,NA
"T 285-79","1981-12-15","NJA 1968 s. 145",NA,NA
"T 307-84","1986-04-08","NJA 1935 s. 199",NA,NA
"T 334-84","1985-09-03","NJA 1973 s. 717",NA,NA
"T 334-84","1985-09-03","NJA 1973 s. 717",NA,NA
"T 348-79","1982-07-13","NJA 1976 s. 24",NA,NA
"T 348-79","1982-07-13","NJA 1966 s. 355",NA,NA
"T 348-79","1982-07-13","NJA 1976 s. 24",NA,NA
"T 348-79","1982-07-13","NJA 1976 s. 24",NA,NA
"T 348-79","1982-07-13","NJA 1966 s. 355",NA,NA
"T 348-79","1982-07-13","NJA 1981 s. 1205","T 303-80","1981-12-17"
"T 371-79","1981-02-19","NJA 1958 s. 177",NA,NA
"T 395-84","1985-12-09","NJA 1983 s. 194","T 218-82","1983-03-02"
"T 395-84","1985-12-09","NJA 1982 s. 133","T 269-81","1982-03-24"
"T 395-84","1985-12-09","NJA 1983 s. 194","T 218-82","1983-03-02"
"T 455-84","1986-11-11","NJA 1985 s. 717","T 18-83","1985-11-26"
"T 455-84","1986-11-11","NJA 1975 s. 280",NA,NA
"T 514-84","1985-06-20","NJA 1985 s. 223",NA,NA
"T 536-84","1987-05-21","NJA 1927 s. 499",NA,NA
"T 581-84","1986-06-30","NJA 1984 s. 501","T 256-82","1984-07-05"
"T 581-84","1986-06-30","NJA 1984 s. 501","T 225-83","1984-07-05"
"T 83-79","1981-05-19","NJA 1974 s. 406",NA,NA
"B 1174-13","2013-12-11","NJA 1974 s. 11",NA,NA
"B 1174-13","2013-12-11","NJA 1974 s. 11",NA,NA
"B 1174-13","2013-12-11","NJA 1970 s. 367",NA,NA
"B 1174-13","2013-12-11","NJA 1987 s. 61",NA,NA
"B 2708-13","2016-12-21","NJA 2006 s. 293 II",NA,NA
"B 2708-13","2016-12-21","NJA 2006 s. 293 II",NA,NA
"B 2708-13","2016-12-21","NJA 2006 s. 293 II",NA,NA
"B 2708-13","2016-12-21","NJA 2016 s. 169",NA,NA
"B 2708-13","2016-12-21","HD B 5819-14",NA,NA
"B 2708-13","2016-12-21","NJA 2006 s. 293 I och II",NA,NA
"B 2708-13","2016-12-21","NJA 2016 s. 169",NA,NA
"B 2710-13","2013-10-09","NJA 1956 s. 212",NA,NA
"B 4080-13","2014-04-07","NJA 1983 s. 425","B 205-83","1983-06-01"
"B 5191-13","2014-04-25","NJA 2013 s. 746",NA,NA
"B 5390-13","2015-06-16","NJA 2014 s. 664",NA,NA
"B 5390-13","2015-06-16","NJA 2014 s. 664",NA,NA
"B 5390-13","2015-06-16","NJA 2014 s. 664",NA,NA
"B 5484-13","2014-07-04","NJA 1991 s. 444","B 573-91","1991-07-15"
"B 6341-13","2015-06-18","NJA 1993 s. 188",NA,NA
"B 6341-13","2015-06-18","NJA 1993 s. 188",NA,NA
"T 1039-13","2014-05-15","NJA 2008 N 37",NA,NA
"T 113-13","2014-03-28","NJA 1976 s. 289",NA,NA
"T 113-13","2014-03-28","NJA 1989 C 156",NA,NA
"T 113-13","2014-03-28","NJA 1976 s. 289",NA,NA
"T 113-13","2014-03-28","NJA 1990 s. 617",NA,NA
"T 113-13","2014-03-28","NJA 1973 s. 412",NA,NA
"T 113-13","2014-03-28","NJA 1976 s. 504",NA,NA
"T 113-13","2014-03-28","NJA 1964 s. 41",NA,NA
"T 113-13","2014-03-28","NJA 1987 s. 450",NA,NA
"T 113-13","2014-03-28","NJA 1976 s. 504",NA,NA
"T 113-13","2014-03-28","NJA 1976 s. 289",NA,NA
"T 1691-13","2015-04-17","NJA 1991 s. 481","T 335-90","1991-09-20"
"T 1691-13","2015-04-17","NJA 1991 s. 481","T 335-90","1991-09-20"
"T 2021-13","2014-12-30","NJA 1988 s. 457","T 312-86","1988-09-27"
"T 2021-13","2014-12-30","NJA 1985 s. 352","T 269-83","1985-04-12"
"T 2021-13","2014-12-30","NJA 2002 s. 351",NA,NA
"T 3269-13","2015-12-17","NJA 2007 s. 747",NA,NA
"T 3269-13","2015-12-17","NJA 1993 s. 188",NA,NA
"T 3269-13","2015-12-17","NJA 1987 s. 692","T 573-85","1987-10-14"
"T 3269-13","2015-12-17","NJA 2007 s. 747",NA,NA
"T 3269-13","2015-12-17","NJA 2007 s. 747",NA,NA
"T 3269-13","2015-12-17","NJA 2007 s. 747",NA,NA
"T 3354-13","2014-12-23","NJA 1927 s. 573",NA,NA
"T 3354-13","2014-12-23","NJA 1914 s. 318",NA,NA
"T 347-13","2013-09-19","NJA 1996 s. 343",NA,NA
"T 347-13","2013-09-19","NJA 1998 s. 278","T 3585-97","1998-05-14"
"T 3592-13","2014-06-26","NJA 2014 s. 499 I",NA,NA
"T 3592-13","2014-06-26","NJA 2014 s. 499 I",NA,NA
"T 3592-13","2014-06-26","NJA 2014 s. 499 II",NA,NA
"T 3743-13","2014-12-29","NJA 1981 s. 988",NA,NA
"T 3743-13","2014-12-29","NJA 1980 s. 630",NA,NA
"T 3743-13","2014-12-29","NJA 1979 s. 481",NA,NA
"T 3743-13","2014-12-29","NJA 1981 s. 988",NA,NA
"T 3743-13","2014-12-29","NJA 1980 s. 630",NA,NA
"T 3743-13","2014-12-29","NJA 1979 s. 481",NA,NA
"T 3806-13","2014-07-11","NJA 2012 s. 452",NA,NA
"T 3933-13","2014-12-05","NJA 1999 s. 777",NA,NA
"T 3933-13","2014-12-05","NJA 1999 s. 777",NA,NA
"T 3933-13","2014-12-05","NJA 1978 s. 347",NA,NA
"T 3933-13","2014-12-05","NJA 2007 s. 9",NA,NA
"T 487-13","2014-04-23","NJA 1987 s. 40","T 562-85","1987-02-04"
"T 4924-13","2015-03-18","NJA 1985 s. 893","B 696-83","1985-12-23"
"T 5452-13","2015-06-09","NJA 1985 s. 466",NA,NA
"T 5452-13","2015-06-09","NJA 1989 s. 519","T 93-88","1989-09-26"
"T 5452-13","2015-06-09","NJA 1985 s. 466",NA,NA
"T 5554-13","2014-06-12","NJA 1976 s. 599",NA,NA
"T 5554-13","2014-06-12","NJA 1983 s. 148","T 367-81","1983-02-22"
"T 5554-13","2014-06-12","NJA 1980 s. 56",NA,NA
"T 5554-13","2014-06-12","NJA 1996 s. 46",NA,NA
"T 5554-13","2014-06-12","NJA 1976 s. 599",NA,NA
"T 5554-13","2014-06-12","NJA 1976 s. 599",NA,NA
"T 5554-13","2014-06-12","NJA 1981 s. 1263","T 59-81","1981-12-30"
"T 5767-13","2015-06-17","NJA 2013 s. 1017",NA,NA
"T 602-13","2014-04-17","NJA 1993 s. 666","T 637-92","1993-11-10"
"T 602-13","2014-04-17","NJA 1993 s. 666","T 637-92","1993-11-10"
"T 6412-13","2015-12-17","NJA 1997 s. 347","T 474-96","1997-05-29"
"T 6412-13","2015-12-17","NJA 1981 s. 259","T 287-78","1981-01-13"
"T 6412-13","2015-12-17","NJA 2010 s. 58",NA,NA
"T 6412-13","2015-12-17","NJA 1981 s. 780",NA,NA
"T 6412-13","2015-12-17","NJA 1927 s. 549",NA,NA
"T 6412-13","2015-12-17","NJA 1997 s. 347","T 474-96","1997-05-29"
"T 6412-13","2015-12-17","NJA 1939 s. 645",NA,NA
"T 6412-13","2015-12-17","NJA 1975 s. 748",NA,NA
"T 6412-13","2015-12-17","NJA 1975 s. 748",NA,NA
"T 6412-13","2015-12-17","NJA 1975 s. 748",NA,NA
"T 6412-13","2015-12-17","NJA 1941 s. 495",NA,NA
"T 6412-13","2015-12-17","NJA 2010 s. 58",NA,NA
"T 9162-13","2015-12-22","NJA 1949 s. 645",NA,NA
"T 9162-13","2015-12-22","NJA 1966 s. 97",NA,NA
"T 9162-13","2015-12-22","NJA 1985 s. 397 I",NA,NA
"T 9162-13","2015-12-22","NJA 2008 s. 733",NA,NA
"T 9162-13","2015-12-22","NJA 1966 s. 97",NA,NA
"T 9162-13","2015-12-22","NJA 1949 s. 645",NA,NA
"B 104-08","2008-09-30","NJA 1976 s. 689",NA,NA
"B 104-08","2008-09-30","NJA 1976 s. 689",NA,NA
"B 1296-08","2009-01-13","NJA 1988 s. 383","B 717-86","1988-06-16"
"B 1296-08","2009-01-13","NJA 1949 s. 529",NA,NA
"B 1296-08","2009-01-13","NJA 1988 s. 383","B 717-86","1988-06-16"
"B 1296-08","2009-01-13","NJA 1988 s. 383","B 717-86","1988-06-16"
"B 1296-08","2009-01-13","NJA 1949 s. 529",NA,NA
"B 1296-08","2009-01-13","NJA 1949 s. 529",NA,NA
"B 1891-08","2008-11-26","NJA 2006 s. 211",NA,NA
"B 1891-08","2008-11-26","NJA 2006 s. 211",NA,NA
"B 2214-08","2009-06-09","NJA 1981 s. 1052","B 531-81","1981-11-17"
"B 2214-08","2009-06-09","NJA 1979 s. 773",NA,NA
"B 2214-08","2009-06-09","NJA 1981 s. 1052","B 531-81","1981-11-17"
"B 2214-08","2009-06-09","NJA 1979 s. 773",NA,NA
"B 3009-08","2008-09-25","NJA 1996 s. 439",NA,NA
"B 3009-08","2008-09-25","NJA 2002 s. 433",NA,NA
"B 3009-08","2008-09-25","NJA 2008 s. 650",NA,NA
"B 3009-08","2008-09-25","NJA 1983 C 7",NA,NA
"B 3009-08","2008-09-25","NJA 1996 s. 439",NA,NA
"B 301-08","2008-06-03","NJA 1987 s. 757","B 693-87","1987-11-11"
"B 3372-08","2008-11-11","NJA 1987 s. 490","B 118-85","1987-07-02"
"B 3372-08","2008-11-11","NJA 1987 s. 490","B 118-85","1987-07-02"
"B 3372-08","2008-11-11","NJA 1987 s. 490","B 118-85","1987-07-02"
"B 3676-08","2009-07-09","HD B 4144-08",NA,NA
"B 3676-08","2009-07-09","HD B 5060-08",NA,NA
"B 3676-08","2009-07-09","HD B 4144-08",NA,NA
"B 3676-08","2009-07-09","HD B 5060-08",NA,NA
"B 3676-08","2009-07-09","HD B 5060-08",NA,NA
"B 3676-08","2009-07-09","NJA 1975 s. 691",NA,NA
"B 3676-08","2009-07-09","HD B 5060-08",NA,NA
"B 4020-08","2008-12-22","NJA 1978 s. 464",NA,NA
"B 4020-08","2008-12-22","NJA 1973 s. 113",NA,NA
"B 4020-08","2008-12-22","NJA 1973 s. 113",NA,NA
"B 4020-08","2008-12-22","NJA 1978 s. 464",NA,NA
"B 4878-08","2010-01-04","NJA 1984 s. 415","B 418-83","1984-05-23"
"T 1329-08","2009-02-16","NJA 2005 s. 510",NA,NA
"T 1329-08","2009-02-16","NJA 2004 s. 777",NA,NA
"T 1329-08","2009-02-16","NJA 1999 s. 617","T 5043-97","1999-10-06"
"T 1329-08","2009-02-16","NJA 1984 s. 602",NA,NA
"T 1329-08","2009-02-16","NJA 1979 s. 253",NA,NA
"T 1329-08","2009-02-16","NJA 1966 s. 241",NA,NA
"T 1329-08","2009-02-16","NJA 1966 s. 241",NA,NA
"T 1329-08","2009-02-16","NJA 2005 s. 510",NA,NA
"T 1329-08","2009-02-16","NJA 1982 s. 404",NA,NA
"T 1329-08","2009-02-16","NJA 2004 s. 777",NA,NA
"T 1329-08","2009-02-16","NJA 1984 s. 602",NA,NA
"T 1329-08","2009-02-16","NJA 1999 s. 617","T 5043-97","1999-10-06"
"T 1329-08","2009-02-16","NJA 2005 s. 510",NA,NA
"T 1329-08","2009-02-16","NJA 1979 s. 253",NA,NA
"T 1329-08","2009-02-16","NJA 1999 s. 617","T 5043-97","1999-10-06"
"T 1329-08","2009-02-16","NJA 1984 s. 602",NA,NA
"T 1329-08","2009-02-16","NJA 2005 s. 510",NA,NA
"T 1329-08","2009-02-16","NJA 1966 s. 241",NA,NA
"T 1329-08","2009-02-16","NJA 1999 s. 617","T 5043-97","1999-10-06"
"T 1329-08","2009-02-16","NJA 1979 s. 253",NA,NA
"T 1329-08","2009-02-16","NJA 1999 s. 617","T 5043-97","1999-10-06"
"T 133-08","2010-02-02","NJA 1979 s. 180",NA,NA
"T 133-08","2010-02-02","NJA 1979 s. 180",NA,NA
"T 133-08","2010-02-02","NJA 2004 s. 336",NA,NA
"T 133-08","2010-02-02","NJA 1979 s. 180",NA,NA
"T 133-08","2010-02-02","NJA 1979 s. 180",NA,NA
"T 2061-08","2009-05-19","NJA 1936 s. 131",NA,NA
"T 2061-08","2009-05-19","NJA 1936 s. 131",NA,NA
"T 2061-08","2009-05-19","NJA 1936 s. 131",NA,NA
"T 227-08","2010-03-04","NJA 2007 s. 295",NA,NA
"T 227-08","2010-03-04","NJA 2003 s. 217",NA,NA
"T 227-08","2010-03-04","NJA 1994 s. 194",NA,NA
"T 227-08","2010-03-04","NJA 2007 s. 295",NA,NA
"T 227-08","2010-03-04","NJA 2003 s. 217",NA,NA
"T 227-08","2010-03-04","NJA 1994 s. 194",NA,NA
"T 227-08","2010-03-04","NJA 1994 s. 194",NA,NA
"T 227-08","2010-03-04","NJA 2007 s. 295",NA,NA
"T 227-08","2010-03-04","NJA 2007 s. 295",NA,NA
"T 227-08","2010-03-04","NJA 2003 s. 217",NA,NA
"T 2463-08","2009-12-18","NJA 1989 s. 346","T 205-88","1989-06-27"
"T 2463-08","2009-12-18","NJA 1971 s. 502",NA,NA
"T 2528-08","2010-02-23","NJA 1986 s. 146","T 160-83","1986-03-20"
"T 2528-08","2010-02-23","NJA 1916 s. 378",NA,NA
"T 2528-08","2010-02-23","NJA 1986 s. 146","T 160-83","1986-03-20"
"T 2528-08","2010-02-23","NJA 1916 s. 378",NA,NA
"T 2528-08","2010-02-23","NJA 1986 s. 146","T 160-83","1986-03-20"
"T 2528-08","2010-02-23","NJA 1916 s. 378",NA,NA
"T 2528-08","2010-02-23","NJA 1986 s. 146","T 160-83","1986-03-20"
"T 2528-08","2010-02-23","NJA 1986 s. 146","T 160-83","1986-03-20"
"T 2528-08","2010-02-23","NJA 1916 s. 378",NA,NA
"T 2528-08","2010-02-23","NJA 1986 s. 146","T 160-83","1986-03-20"
"T 2528-08","2010-02-23","NJA 1971 s. 474",NA,NA
"T 2528-08","2010-02-23","NJA 2947 s. 120",NA,NA
"T 2528-08","2010-02-23","NJA 1921 s. 70",NA,NA
"T 2528-08","2010-02-23","NJA 1917 s. 511",NA,NA
"T 2528-08","2010-02-23","NJA 1916 s. 378",NA,NA
"T 2528-08","2010-02-23","NJA 1986 s. 146","T 160-83","1986-03-20"
"T 2528-08","2010-02-23","NJA 1916 s. 378",NA,NA
"T 2616-08","2010-05-24","NJA 1986 s. 670 I",NA,NA
"T 2925-08","2010-04-20","NJA 1975 s. 222",NA,NA
"T 2925-08","2010-04-20","NJA 1935 s. 53",NA,NA
"T 2955-08","2009-07-03","NJA 2007 s. 747",NA,NA
"T 2955-08","2009-07-03","NJA 2007 s. 295",NA,NA
"T 2955-08","2009-07-03","NJA 2007 s. 295",NA,NA
"T 2955-08","2009-07-03","NJA 2003 s. 217",NA,NA
"T 2955-08","2009-07-03","NJA 2007 s. 747",NA,NA
"T 2955-08","2009-07-03","NJA 2007 s. 295",NA,NA
"T 2955-08","2009-07-03","NJA 2007 s. 295",NA,NA
"T 2955-08","2009-07-03","NJA 2003 s. 217",NA,NA
"T 2977-08","2010-05-12","NJA 2008 s. 510",NA,NA
"T 3252-08","2010-03-16","NJA 2007 s. 413",NA,NA
"T 3252-08","2010-03-16","NJA 1932 s. 755",NA,NA
"T 3252-08","2010-03-16","NJA 1932 s. 292",NA,NA
"T 3440-08","2010-03-05","NJA 1981 s. 313","T 89-80","1981-02-16"
"T 3440-08","2010-03-05","NJA 1981 s. 313","T 89-80","1981-02-16"
"T 367-08","2009-11-05","NJA 1980 s. 305",NA,NA
"T 367-08","2009-11-05","NJA 1980 s. 305",NA,NA
"T 367-08","2009-11-05","NJA 1980 s. 305",NA,NA
"T 367-08","2009-11-05","NJA 1980 s. 305",NA,NA
"T 390-08","2008-10-29","NJA 1963 s. 105",NA,NA
"T 390-08","2008-10-29","NJA 1963 s. 105",NA,NA
"T 443-08","2009-05-27","NJA 2005 s. 510",NA,NA
"T 443-08","2009-05-27","NJA 2005 s. 11",NA,NA
"T 443-08","2009-05-27","NJA 1989 s. 185",NA,NA
"T 443-08","2009-05-27","NJA 1982 s. 900",NA,NA
"T 443-08","2009-05-27","NJA 1973 s. 635",NA,NA
"T 443-08","2009-05-27","NJA 1970 s. 553",NA,NA
"T 443-08","2009-05-27","NJA 1966 s. 241",NA,NA
"T 443-08","2009-05-27","NJA 1957 s. 197",NA,NA
"T 443-08","2009-05-27","NJA 1916 s. 154",NA,NA
"T 443-08","2009-05-27","NJA 2996 s. 368",NA,NA
"T 443-08","2009-05-27","NJA 1969 s. 1477",NA,NA
"T 443-08","2009-05-27","NJA 1916 s. 154",NA,NA
"T 443-08","2009-05-27","NJA 1982 s. 900",NA,NA
"T 443-08","2009-05-27","NJA 1973 s. 635",NA,NA
"T 443-08","2009-05-27","NJA 1989 s. 185",NA,NA
"T 443-08","2009-05-27","NJA 2005 s. 510",NA,NA
"T 443-08","2009-05-27","NJA 2005 s. 11",NA,NA
"T 443-08","2009-05-27","NJA 2005 s. 11",NA,NA
"T 443-08","2009-05-27","NJA 1989 s. 185",NA,NA
"T 443-08","2009-05-27","NJA 1970 s. 553",NA,NA
"T 443-08","2009-05-27","NJA 1966 s. 241",NA,NA
"T 443-08","2009-05-27","NJA 1957 s. 197",NA,NA
"T 4728-08","2010-12-27","NJA 1917 s. 58",NA,NA
"T 4904-08","2010-09-16","NJA 1968 s. 351",NA,NA
"T 4904-08","2010-09-16","NJA 1961 s. 552",NA,NA
"B 1038-03","2003-05-02","NJA 1991 s. 83","B 1095-90","1991-02-15"
"B 1658-03","2003-12-05","NJA 1987 s. 285 I och II",NA,NA
"B 1658-03","2003-12-05","NJA 1991 s. 155","B 696-89","1991-02-28"
"B 1658-03","2003-12-05","NJA 1991 s. 155","B 696-89","1991-02-28"
"B 1658-03","2003-12-05","NJA 1976 s. 150",NA,NA
"B 1658-03","2003-12-05","NJA 1987 s. 285 I och II",NA,NA
"B 1658-03","2003-12-05","NJA 1991 s. 155","B 696-89","1991-02-28"
"B 1658-03","2003-12-05","NJA 1991 s. 155","B 696-89","1991-02-28"
"B 1658-03","2003-12-05","NJA 1991 s. 155","B 696-89","1991-02-28"
"B 1658-03","2003-12-05","NJA 1976 s. 150",NA,NA
"B 2011-03","2004-02-24","NJA 1991 s. 247","B 611-90","1991-03-28"
"B 2011-03","2004-02-24","NJA 1991 s. 247","B 611-90","1991-03-28"
"B 2076-03","2003-09-01","NJA 1986 s. 489","B 6-85","1986-09-24"
"B 2459-03","2003-11-05","NJA 1971 s. 371",NA,NA
"B 276-03","2004-12-16","NJA 1892 s. 399",NA,NA
"B 276-03","2004-12-16","NJA 1892 s. 399",NA,NA
"B 2909-03","2003-12-23","NJA 1992 s. 679.",NA,NA
"B 2909-03","2003-12-23","NJA 1985 s. 544","B 728-85","1985-08-27"
"B 3184-03","2004-03-23","NJA 1991 s. 247","B 611-90","1991-03-28"
"B 3184-03","2004-03-23","NJA 1991 s. 247","B 611-90","1991-03-28"
"B 3742-03","2005-10-18","NJA 1982 s. 143","B 601-81","1982-03-15"
"B 3742-03","2005-10-18","NJA 1982 s. 143","B 601-81","1982-03-15"
"B 3811-03","2004-08-30","NJA 1983 s. 374","B 1137-82","1983-05-19"
"B 3811-03","2004-08-30","NJA 1983 s. 374","B 1137-82","1983-05-19"
"B 4126-03","2006-07-07","NJA 1982 s. 863","B 477-81","1982-12-29"
"B 4126-03","2006-07-07","NJA 1982 s. 863","B 477-81","1982-12-29"
"B 4126-03","2006-07-07","NJA 1942 s. 379",NA,NA
"B 4126-03","2006-07-07","NJA 1941 s. 547",NA,NA
"B 4126-03","2006-07-07","NJA 1938 s. 193",NA,NA
"B 4126-03","2006-07-07","NJA 1988 s. 701","B 626-88","1988-12-20"
"B 719-03","2003-04-01","NJA 1982 s. 102","B 1041-81","1982-02-15"
"B 965-03","2003-07-10","NJA 1991 s. 228","B 560-90","1991-03-26"
"T 1222-03","2004-02-20","NJA 1999 s. 788",NA,NA
"T 1222-03","2004-02-20","NJA 1991 s. 783","B 535-91","1991-12-20"
"T 1222-03","2004-02-20","NJA 1999 s. 788",NA,NA
"T 1222-03","2004-02-20","NJA 1991 s. 783","B 535-91","1991-12-20"
"T 1399-03","2004-12-15","NJA 1957 s. 337",NA,NA
"T 1399-03","2004-12-15","NJA 1914 s. 190",NA,NA
"T 1399-03","2004-12-15","NJA 1984 s. 244",NA,NA
"T 1399-03","2004-12-15","NJA 1995 s. 416",NA,NA
"T 1399-03","2004-12-15","NJA 1985 s. 78",NA,NA
"T 1399-03","2004-12-15","NJA 1995 s. 418",NA,NA
"T 1399-03","2004-12-15","NJA 1985 s. 75","T 64-82","1985-01-14"
"T 1399-03","2004-12-15","NJA 1985 s. 75","T 236-83","1985-01-14"
"T 1399-03","2004-12-15","NJA 1957 s. 337",NA,NA
"T 1399-03","2004-12-15","NJA 1914 s. 190",NA,NA
"T 1405-03","2005-06-09","NJA 1936 s. 177",NA,NA
"T 1405-03","2005-06-09","NJA 1991 s. 277","T 281-89","1991-05-16"
"T 1405-03","2005-06-09","NJA 2003 s. 99",NA,NA
"T 1405-03","2005-06-09","NJA 1936 s. 177",NA,NA
"T 1405-03","2005-06-09","NJA 1991 s. 277","T 281-89","1991-05-16"
"T 1405-03","2005-06-09","NJA 1985 s. 29","T 86-83","1985-01-09"
"T 1625-03","2004-10-14","NJA 1996 s. 68",NA,NA
"T 1625-03","2004-10-14","NJA 1950 s. 610",NA,NA
"T 1625-03","2004-10-14","NJA 1996 s. 68",NA,NA
"T 173-03","2005-05-02","NJA 1977 s. 375",NA,NA
"T 2176-03","2003-09-26","NJA 1995 s. 727","T 3862-95","1995-12-27"
"T 2176-03","2003-09-26","NJA 1998 s. 675","T 32052-97","1998-11-12"
"T 2223-03","2004-06-21","NJA 1997 s. 558",NA,NA
"T 2231-03","2005-02-11","NJA 1990 s. 245","T 50-88","1990-04-23"
"T 2231-03","2005-02-11","NJA 1979 s. 700",NA,NA
"T 2231-03","2005-02-11","NJA 2001 s. 144",NA,NA
"T 2231-03","2005-02-11","NJA 1919 s. 286",NA,NA
"T 2231-03","2005-02-11","NJA 1919 s. 286",NA,NA
"T 2231-03","2005-02-11","NJA 2000 s. 144",NA,NA
"T 2231-03","2005-02-11","NJA 1998 s. 608",NA,NA
"T 2231-03","2005-02-11","NJA 1979 s. 700",NA,NA
"T 2231-03","2005-02-11","NJA 1974 s. 13",NA,NA
"T 2231-03","2005-02-11","NJA 1999 s. 237",NA,NA
"T 261-03","2004-06-09","NJA 1949 s. 134",NA,NA
"T 2934-03","2005-04-01","NJA 1986 s. 702","T 587-85","1986-12-10"
"T 3807-03","2005-06-15","NJA 1975 s. 708",NA,NA
"T 3807-03","2005-06-15","NJA 1975 s. 708",NA,NA
"T 4088-03","2006-03-27","NJA 1926 s. 185",NA,NA
"T 4088-03","2006-03-27","NJA 1960 s. 243",NA,NA
"T 4088-03","2006-03-27","NJA 1926 s. 185",NA,NA
"T 4136-03","2005-09-12","NJA 1949 s. 645",NA,NA
"T 4136-03","2005-09-12","NJA 1928 s. 621",NA,NA
"T 4136-03","2005-09-12","NJA 1987 s. 692","T 573-85","1987-10-14"
"T 4136-03","2005-09-12","NJA 1935 s. 300",NA,NA
"T 4136-03","2005-09-12","NJA 1925 s. 85",NA,NA
"T 4136-03","2005-09-12","NJA 1943 s. 370",NA,NA
"T 4136-03","2005-09-12","NJA 1928 s. 621",NA,NA
"T 4136-03","2005-09-12","NJA 1943 s. 370",NA,NA
"T 4136-03","2005-09-12","NJA 1928 s. 621",NA,NA
"T 4136-03","2005-09-12","NJA 1987 s. 692","T 573-85","1987-10-14"
"T 4513-03","2005-12-05","NJA 2001 s. 329",NA,NA
"T 4513-03","2005-12-05","NJA 1990 s. 442","T 14-87","1990-07-19"
"T 4513-03","2005-12-05","NJA 2001 s. 329",NA,NA
"T 453-03","2004-02-04","NJA 1996 s. 377","T 4634-95","1996-06-13"
"T 453-03","2004-02-04","NJA 1992 s. 740","T 369-91","1992-11-25"
"T 453-03","2004-02-04","NJA 1996 s. 377","T 4634-95","1996-06-13"
"T 453-03","2004-02-04","NJA 1996 s. 377","T 4634-95","1996-06-13"
"T 453-03","2004-02-04","NJA 1993 s. 41 I och II",NA,NA
"T 453-03","2004-02-04","NJA 1979 s. 620",NA,NA
"T 4853-03","2006-12-27","NJA 1984 s. 501 I och II",NA,NA
"T 4853-03","2006-12-27","NJA 1984 s. 501 I och II",NA,NA
"T 4853-03","2006-12-27","NJA 1984 s. 501 I och II",NA,NA
"T 4853-03","2006-12-27","NJA 1991 s. 481","T 335-90","1991-09-20"
"T 4853-03","2006-12-27","NJA 1982 s. 421","T 97-81","1982-07-21"
"T 4853-03","2006-12-27","NJA 1981 s. 622","T 252-77","1981-04-29"
"T 4853-03","2006-12-27","NJA 1977 s. 176",NA,NA
"T 4853-03","2006-12-27","NJA 1977 s. 176",NA,NA
"T 4853-03","2006-12-27","NJA 1991 s. 481","T 335-90","1991-09-20"
"T 4853-03","2006-12-27","NJA 1982 s. 421","T 97-81","1982-07-21"
"T 4853-03","2006-12-27","NJA 1981 s. 622","T 252-77","1981-04-29"
"T 4853-03","2006-12-27","NJA 1977 s. 176",NA,NA
"T 4853-03","2006-12-27","NJA 1984 s. 501 I och II",NA,NA
"B 1638-98","2000-02-28","NJA 1974 s. 208",NA,NA
"B 2060-98","1999-04-08","NJA 1978 s. 452",NA,NA
"B 2060-98","1999-04-08","NJA 1978 s. 452",NA,NA
"B 2648-98","1999-11-29","NJA 1975 s. 589",NA,NA
"B 3942-98","1999-02-15","NJA 1972 s. 323",NA,NA
"B 3942-98","1999-02-15","NJA 1995 s 226",NA,NA
"B 4020-98","1998-12-22","NJA 1991 s. 512","B 779-91_B YT UT 022-04-04","1991-10-08"
"B 4591-98","2000-10-06","NJA 1987 s. 194","B 805-85","1987-04-06"
"B 4591-98","2000-10-06","NJA 1950 s. 647",NA,NA
"B 5297-98","1999-05-18","NJA 1991 s 438",NA,NA
"B 5297-98","1999-05-18","NJA 1996 s. 741NJA 1990 s. 521",NA,NA
"B 5297-98","1999-05-18","NJA 1992 s. 507",NA,NA
"B 5297-98","1999-05-18","NJA 1990 s. 84 I och II",NA,NA
"T 1352-98","1999-03-30","NJA 1994 s. 484","T 94-91","1994-07-13"
"T 1352-98","1999-03-30","NJA 1990 s. 656",NA,NA
"T 1352-98","1999-03-30","NJA 1990 s. 656",NA,NA
"T 1493-98","2000-01-21","NJA 1961 s. 658",NA,NA
"T 1493-98","2000-01-21","NJA 1878 s. 25",NA,NA
"T 1493-98","2000-01-21","NJA 1995 s. 197",NA,NA
"T 1493-98","2000-01-21","NJA 1947 s. 647",NA,NA
"T 1493-98","2000-01-21","NJA 1942 s. 473",NA,NA
"T 1493-98","2000-01-21","NJA 1995 s. 197",NA,NA
"T 1857-98","2000-12-29","NJA 1937 s. 481",NA,NA
"T 1857-98","2000-12-29","NJA 1998 s. 610","T 4119-96","1998-10-20"
"T 1857-98","2000-12-29","NJA 1907 s. 365",NA,NA
"T 1857-98","2000-12-29","NJA 1893 s. 38",NA,NA
"T 1857-98","2000-12-29","NJA 1937 s. 481",NA,NA
"T 1857-98","2000-12-29","NJA 1904 s. 110",NA,NA
"T 1857-98","2000-12-29","NJA 1925 s. 206",NA,NA
"T 1857-98","2000-12-29","NJA 1937 s. 481",NA,NA
"T 2305-98","2000-03-22","NJA 1999 s. 52","T 3277-97","1999-02-19"
"T 2305-98","2000-03-22","NJA 1999 s. 52","T 3277-97","1999-02-19"
"T 2305-98","2000-03-22","NJA 1946 s. 493",NA,NA
"T 2305-98","2000-03-22","HD T 1883-98",NA,NA
"T 2328-98","2002-01-10","NJA 1983 s. 441","B 83-82","1983-06-17"
"T 2328-98","2002-01-10","NJA 1960 s. 529",NA,NA
"T 2328-98","2002-01-10","NJA 1947 s. 612",NA,NA
"T 2328-98","2002-01-10","NJA 1960 s. 529",NA,NA
"T 2328-98","2002-01-10","NJA 1947 s. 612",NA,NA
"T 2328-98","2002-01-10","NJA 1960 s. 529",NA,NA
"T 2955-98","2000-04-27","NJA 1975 s. 536",NA,NA
"T 2955-98","2000-04-27","NJA 1997 s. 866",NA,NA
"T 30671-98","1999-11-11","NJA 1980 s. 743",NA,NA
"T 30671-98","1999-11-11","NJA 1980 s. 743",NA,NA
"T 30671-98","1999-11-11","NJA 1980 s. 743",NA,NA
"T 3134-98","2001-12-19","NJA 1987 s. 692","T 573-85","1987-10-14"
"T 3134-98","2001-12-19","NJA 1987 s. 692","T 573-85","1987-10-14"
"T 3134-98","2001-12-19","NJA 1987 s. 692","T 573-85","1987-10-14"
"T 3213-98","2001-04-19","NJA 1991 s. 343","T 497-90","1991-06-05"
"T 4247-98","2002-05-08","NJA 1968 s. 303",NA,NA
"T 4247-98","2002-05-08","NJA 1949 s. 134",NA,NA
"T 4247-98","2002-05-08","NJA 2001 s. 191 I",NA,NA
"T 4247-98","2002-05-08","NJA 2001 s. 191 II",NA,NA
"T 4247-98","2002-05-08","NJA 2001 s. 191 I",NA,NA
"T 4247-98","2002-05-08","NJA 1974 s. 706",NA,NA
"T 4247-98","2002-05-08","NJA 1956 s. 656",NA,NA
"T 4247-98","2002-05-08","NJA 1985 s. 717","T 18-83","1985-11-26"
"T 4530-98","2000-12-28","NJA 1999 s. 385","T 4434-95","1999-06-14"
"T 4689-98","2000-12-18","NJA 1974 s. 463",NA,NA
"T 4689-98","2000-12-18","NJA 1959 s. 128",NA,NA
"T 4689-98","2000-12-18","NJA 1941 s. 711",NA,NA
"T 4689-98","2000-12-18","NJA 2014 s. 297",NA,NA
"T 4689-98","2000-12-18","NJA 1925 s. 80",NA,NA
"T 4689-98","2000-12-18","NJA 1924 s. 329",NA,NA
"T 4689-98","2000-12-18","NJA 1983 s. 103",NA,NA
"T 4689-98","2000-12-18","NJA 1958 s. 422",NA,NA
"T 4689-98","2000-12-18","NJA 1974 s. 463",NA,NA
"T 4689-98","2000-12-18","NJA 1959 s. 128",NA,NA
"T 4689-98","2000-12-18","NJA 1941 s. 711",NA,NA
"T 4689-98","2000-12-18","NJA 2014 s. 297",NA,NA
"T 4689-98","2000-12-18","NJA 1925 s. 80",NA,NA
"T 4689-98","2000-12-18","NJA 1924 s. 329",NA,NA
"T 4689-98","2000-12-18","NJA 1983 s. 103",NA,NA
"T 4689-98","2000-12-18","NJA 1958 s. 422",NA,NA
"T 4689-98","2000-12-18","NJA 1981 s. 1104","T 379-80","1981-11-10"
"T 4689-98","2000-12-18","NJA 1984 s. 185","T 390-80","1984-03-16"
"T 4689-98","2000-12-18","NJA 1987 s. 80",NA,NA
"T 4984-98","2001-03-13","NJA 1961 s. 26",NA,NA
"T 4984-98","2001-03-13","NJA 1938 s. 560",NA,NA
"T 4984-98","2001-03-13","NJA 1991 s. 277","T 281-89","1991-05-16"
"T 4984-98","2001-03-13","NJA 1972 s. 633",NA,NA
"T 4984-98","2001-03-13","NJA 1997 s. 485","T 431-96","1997-06-27"
"T 5001-98","2001-03-27","NJA 1951 s. 1",NA,NA
"T 5001-98","2001-03-27","NJA 1951 s. 1",NA,NA
"T 5001-98","2001-03-27","NJA 1951 s. 1",NA,NA
"T 5001-98","2001-03-27","NJA 1989 s. 215","T 94-87","1989-05-18"
"T 5001-98","2001-03-27","NJA 1989 s. 215","T 94-87","1989-05-18"
"T 5001-98","2001-03-27","NJA 1975 s. 280",NA,NA
"T 5001-98","2001-03-27","NJA 1951 s. 1",NA,NA
"T 5001-98","2001-03-27","NJA 1951 s. 1",NA,NA
"T 516-98","1999-05-05","NJA 1984 s. 747","T 159-82","1984-11-05"
"T 516-98","1999-05-05","NJA 1971 s. 216",NA,NA
"T 516-98","1999-05-05","NJA 1998 s. 438",NA,NA
"T 516-98","1999-05-05","NJA 1984 s. 747","T 159-82","1984-11-05"
"T 516-98","1999-05-05","NJA 1971 s. 216",NA,NA
"T 5248-98","2001-01-04","NJA 1978 s. 389",NA,NA
"T 5248-98","2001-01-04","NJA 1971 s. 129",NA,NA
"T 5273-98","2001-05-31","NJA 1999 s. 575","T 5125-96","1999-09-17"
"T 596-98","2001-05-07","NJA 2000 s. 109",NA,NA
"T 596-98","2001-05-07","NJA 1998 s. 443",NA,NA
"B 1407-93","1993-06-17","NJA 1983 s. 425","B 205-83","1983-06-01"
"B 1719-93","1994-03-31","NJA 1988 s. 701","B 626-88","1988-12-20"
"B 2182-93","1994-09-19","NJA 1993 s. 569","B 3160-93","1993-10-13"
"B 2182-93","1994-09-19","NJA 1991 s. 777","T 427-90","1991-12-20"
"B 2182-93","1994-09-19","NJA 1993 s. 569","B 3160-93","1993-10-13"
"B 2182-93","1994-09-19","NJA 1991 s. 777","T 427-90","1991-12-20"
"B 2288-93","1994-02-21","NJA 1985 s. 281","B 93-83","1985-04-03"
"B 2288-93","1994-02-21","NJA 1985 s. 281","B 615-83","1985-04-03"
"B 2860-93","1993-09-15","NJA 1988 s. 757",NA,NA
"B 2860-93","1993-09-15","NJA 1985 s. 757","B 910-85","1985-12-05"
"B 3252-93","1994-11-16","NJA 1966 s. 565",NA,NA
"B 3252-93","1994-11-16","NJA 1966 s. 565",NA,NA
"B 3496-93","1994-09-19","NJA 1962 s. 349",NA,NA
"B 3864-93","1993-11-24","NJA 1986 s 821",NA,NA
"B 3864-93","1993-11-24","NJA 1993 s 68",NA,NA
"B 3864-93","1993-11-24","NJA 1992 s 446",NA,NA
"B 3864-93","1993-11-24","NJA 1991 s. 56","B 416-90","1991-02-14"
"B 3864-93","1993-11-24","NJA 1980 s. 725",NA,NA
"B 3864-93","1993-11-24","NJA 1991 s. 83","B 1095-90","1991-02-15"
"B 3864-93","1993-11-24","NJA 1950 s. 263",NA,NA
"B 3864-93","1993-11-24","NJA 1991 s. 228","B 560-90","1991-03-26"
"B 4980-93","1994-07-06","NJA 1991 s. 444","B 573-91","1991-07-15"
"B 4980-93","1994-07-06","NJA 1991 s. 507","B 887-90","1991-10-11"
"B 4980-93","1994-07-06","NJA 1991 s. 507","B 887-90","1991-10-11"
"B 4980-93","1994-07-06","NJA 1991 s. 438","B 277-91","1991-07-12"
"B 5053-93","1994-03-25","NJA 1991 s. 444","B 573-91","1991-07-15"
"B 5321-93","1996-03-12","NJA 1960 s. 628",NA,NA
"B 5321-93","1996-03-12","NJA 1984 s. 665","B 361-83","1984-09-27"
"T 1309-93","1994-06-10","NJA 1991 s. 766","B 2008-91","1991-12-19"
"T 1309-93","1994-06-10","NJA 1991 s. 766","B 2008-91","1991-12-19"
"T 1782-93","1995-02-03","NJA 1992 s 782",NA,NA
"T 1782-93","1995-02-03","NJA 1988 s 312",NA,NA
"T 1782-93","1995-02-03","NJA 1982 s 366",NA,NA
"T 2106-93","1996-02-29","NJA 1992 s. 130",NA,NA
"T 2110-93","1996-10-15","NJA 1992 s. 351","T 407-90","1992-06-16"
"T 2110-93","1996-10-15","NJA 1987 s. 80",NA,NA
"T 2110-93","1996-10-15","NJA 1980 s. 311",NA,NA
"T 2110-93","1996-10-15","NJA 1987 s. 80",NA,NA
"T 2132-93","1994-12-20","NJA 1983 s. 725","T 312-81","1983-11-24"
"T 2132-93","1994-12-20","NJA 1981 s. 1205","T 303-80","1981-12-17"
"T 2132-93","1994-12-20","NJA 1981 s. 1205","T 303-80","1981-12-17"
"T 2132-93","1994-12-20","NJA 1983 s. 725","T 312-81","1983-11-24"
"T 2132-93","1994-12-20","NJA 1981 s. 1205","T 303-80","1981-12-17"
"T 2132-93","1994-12-20","NJA 1983 s. 725","T 312-81","1983-11-24"
"T 2132-93","1994-12-20","NJA 1981 s. 1205","T 303-80","1981-12-17"
"T 2132-93","1994-12-20","NJA 1981 s. 1205","T 303-80","1981-12-17"
"T 295-93","1997-03-06","NJA 1981 s. 759","T 165-80","1981-07-10"
"T 295-93","1997-03-06","NJA 1996 s. 282","T 36-92","1996-05-07"
"T 295-93","1997-03-06","NJA 1982 s. 135","T 328-81","1982-03-26"
"T 295-93","1997-03-06","NJA 1987 s. 872","T 300-87","1987-11-17"
"T 295-93","1997-03-06","NJA 1981 s. 759","T 165-80","1981-07-10"
"T 295-93","1997-03-06","NJA 1996 s. 282","T 36-92","1996-05-07"
"T 295-93","1997-03-06","NJA 1982 s. 135","T 328-81","1982-03-26"
"T 295-93","1997-03-06","NJA 1989 s. 3","T 594-87","1989-01-11"
"T 295-93","1997-03-06","NJA 1981 s. 759","T 165-80","1981-07-10"
"T 295-93","1997-03-06","NJA 1989 s. 3","T 594-87","1989-01-11"
"T 2985-93","1997-10-15","NJA 1983 s. 635",NA,NA
"T 2985-93","1997-10-15","NJA 1983 s. 635",NA,NA
"T 3029-93","1996-01-10","NJA 1993 s. 163","T 48-91","1993-04-22"
"T 4674-93","1995-05-15","NJA 1985 s. 781","T 119-85","1985-12-11"
"T 4976-93","1996-10-16","NJA 1984 s. 323","T 263-82","1984-05-10"
"T 4976-93","1996-10-16","NJA 1976 s. 1",NA,NA
"T 4976-93","1996-10-16","NJA 1975 s. 319",NA,NA
"T 4976-93","1996-10-16","NJA 1987 s. 222","T 274-86","1987-04-14"
"T 4976-93","1996-10-16","NJA 1985 s. 456","T 560-83","1985-06-11"
"T 4976-93","1996-10-16","NJA 1984 s. 764","T 479-81","1984-11-09"
"T 4976-93","1996-10-16","NJA 1983 s. 617","T 419-81","1983-09-29"
"T 5141-93","1995-05-12","NJA 1978 s. 392",NA,NA
"T 5141-93","1995-05-12","NJA 1978 s. 392",NA,NA
"T 5276-93","1994-11-21","NJA 1988 s. 305",NA,NA
"T 5276-93","1994-11-21","NJA 1983 s. 862 I och II",NA,NA
"T 605-93","1993-11-16","NJA 1980 s. 305",NA,NA
"T 605-93","1993-11-16","NJA 1980 s. 305",NA,NA
"T 679-93","1994-12-27","NJA 1973 s. 11",NA,NA
"T 679-93","1994-12-27","NJA 1991 s. 209","T 216-90","1991-03-26"
"T 864-93","1993-12-16","NJA 1983 s. 379","T 401-81","1983-05-26"
"T 940-93","1993-04-07","NJA 1991 s. 766","B 2008-91","1991-12-19"
"T 970-93","1995-02-10","NJA 1994 s. 306",NA,NA
"B 1018-12","2012-07-17","NJA 2009 s. 500",NA,NA
"B 1018-12","2012-07-17","HD B 1158-12",NA,NA
"B 1018-12","2012-07-17","HD B 965-12",NA,NA
"B 1018-12","2012-07-17","NJA 1985 s. 726","B 198-85","1985-10-24"
"B 1018-12","2012-07-17","HD B 965-12",NA,NA
"B 1018-12","2012-07-17","HD B 965-12",NA,NA
"B 1018-12","2012-07-17","NJA 1991 s. 255","B 312-91","1991-05-03"
"B 1102-11","2012-04-10","NJA 2000 s. 17 I och II",NA,NA
"B 1158-12","2012-07-13","NJA 1983 s. 754","B 813-83","1983-11-23"
"B 1158-12","2012-07-13","NJA 1983 s. 754","B 407-83","1983-11-23"
"B 1278-12","2013-05-08","NJA 1976 s. 315",NA,NA
"B 1346-11","2013-04-30","NJA 1987 s. 757","B 693-87","1987-11-11"
"B 1346-11","2013-04-30","NJA 1982 s. 325","B 219-82","1982-05-11"
"B 1395-12","2014-03-28","NJA 2012 s. 1038 I och II",NA,NA
"B 1395-12","2014-03-28","NJA 2012 s. 1038 I och II",NA,NA
"B 1395-12","2014-03-28","NJA 2012 s. 1038 I",NA,NA
"B 1395-12","2014-03-28","NJA 2012 s. 1038 I och II",NA,NA
"B 1395-12","2014-03-28","NJA 2012 s. 1038 I",NA,NA
"B 1395-12","2014-03-28","NJA 2012 s. 1038 I och II",NA,NA
"B 1395-12","2014-03-28","NJA 2011 s. 421",NA,NA
"B 1395-12","2014-03-28","NJA 1996 s. 557",NA,NA
"B 1395-12","2014-03-28","NJA 1995 s. 351 I och II",NA,NA
"B 1395-12","2014-03-28","NJA 2012 s. 1038 I och II",NA,NA
"B 1612-12","2013-06-05","NJA 1953 s. 630",NA,NA
"B 1612-12","2013-06-05","NJA 1981 s. 380","B 6-80","1981-02-18"
"B 1612-12","2013-06-05","NJA 1938 s. 69",NA,NA
"B 1612-12","2013-06-05","NJA 1984 s. 512","B 988-83","1984-07-05"
"B 1612-12","2013-06-05","NJA 1981 s. 380","B 6-80","1981-02-18"
"B 1661-10","2011-08-30","NJA 2009 s. 500",NA,NA
"B 1661-10","2011-08-30","NJA 1998 s. 275",NA,NA
"B 1661-10","2011-08-30","NJA 1984 s. 656",NA,NA
"B 1661-10","2011-08-30","NJA 2009 s. 500",NA,NA
"B 1661-10","2011-08-30","NJA 1954 s. 464",NA,NA
"B 1661-10","2011-08-30","NJA 2009 s. 500",NA,NA
"B 1661-10","2011-08-30","NJA 2009 s. 500",NA,NA
"B 1661-10","2011-08-30","NJA 1954 s. 464",NA,NA
"B 1661-10","2011-08-30","NJA 2009 s. 500",NA,NA
"B 1661-10","2011-08-30","NJA 1998 s. 275",NA,NA
"B 1699-11","2012-06-12","NJA 1987 s. 237","B 405-85","1987-04-15"
"B 1699-11","2012-06-12","NJA 1974 s. 675 I och II",NA,NA
"B 1699-11","2012-06-12","NJA 1983 s. 709","B 404-83","1983-11-14"
"B 1699-11","2012-06-12","NJA 1987 s. 237","B 405-85","1987-04-15"
"B 1699-11","2012-06-12","NJA 1974 s. 675 I och II",NA,NA
"B 1720-10","2010-11-29","NJA 1991 s. 255","B 312-91","1991-05-03"
"B 1981-16","2017-10-04","NJA 1979 s. 555",NA,NA
"B 1981-16","2017-10-04","NJA 1936 s. 78",NA,NA
"B 1981-16","2017-10-04","NJA 1973 s. 587",NA,NA
"B 1981-16","2017-10-04","NJA 1943 s. 76",NA,NA
"B 1981-16","2017-10-04","NJA 1936 s. 78",NA,NA
"B 1981-16","2017-10-04","NJA 1974 s. 297",NA,NA
"B 1981-16","2017-10-04","NJA 1974 s. 297",NA,NA
"B 1981-16","2017-10-04","NJA 1979 s. 555",NA,NA
"B 1982-11","2012-12-21","NJA 2009 s. 485 I-III",NA,NA
"B 1982-11","2012-12-21","NJA 2012 s. 1038 II",NA,NA
"B 2105-10","2011-09-30","NJA 2008 s. 1066",NA,NA
"B 2105-10","2011-09-30","NJA 1978 s. 291",NA,NA
"B 2105-10","2011-09-30","HD B 2130-11",NA,NA
"B 2105-10","2011-09-30","NJA 1973 s. 590",NA,NA
"B 2105-10","2011-09-30","NJA 1980 s. 191",NA,NA
"B 2105-10","2011-09-30","NJA 1981 s. 604","B 196-81","1981-05-08"
"B 2106-16","2017-11-20","NJA 1979 s. 335",NA,NA
"B 2130-11","2011-09-16","NJA 1973 s. 590",NA,NA
"B 2130-11","2011-09-16","NJA 1973 s. 590",NA,NA
"B 2130-11","2011-09-16","NJA 1973 s. 590",NA,NA
"B 2130-11","2011-09-16","NJA 1977 s. 630",NA,NA
"B 2150-11","2011-10-20","NJA 2009 s. 475",NA,NA
"B 2150-11","2011-10-20","NJA 1985 s. 544","B 728-85","1985-08-27"
"B 2150-11","2011-10-20","NJA 1989 s. 498",NA,NA
"B 2150-11","2011-10-20","NJA 1960 s. 522",NA,NA
"B 2175-11","2011-06-30","NJA 1967 s. 93",NA,NA
"B 2350-10","2011-12-16","NJA 1972 s. 625",NA,NA
"B 2351-15","2015-12-17","NJA 2006 s. 79 I och II",NA,NA
"B 2470-10","2012-07-12","NJA 1989 s. 862","B 589-88","1989-12-29"
"B 2470-10","2012-07-12","NJA 1990 s. 21","B 1218-88","1990-02-08"
"B 2470-10","2012-07-12","NJA 1989 s. 862","B 589-88","1989-12-29"
"B 2470-10","2012-07-12","NJA 1992 s. 226","B 666-90","1992-04-13"
"B 2470-10","2012-07-12","NJA 1990 s. 21","B 1218-88","1990-02-08"
"B 2470-10","2012-07-12","NJA 1989 s. 862","B 589-88","1989-12-29"
"B 2470-10","2012-07-12","NJA 1992 s. 226","B 666-90","1992-04-13"
"B 2470-10","2012-07-12","NJA 1992 s. 226","B 666-90","1992-04-13"
"B 2470-10","2012-07-12","NJA 1990 s. 21","B 1218-88","1990-02-08"
"B 2470-10","2012-07-12","NJA 1990 s. 21","B 1218-88","1990-02-08"
"B 2470-10","2012-07-12","NJA 1988 s. 51",NA,NA
"B 2523-11","2013-10-07","NJA 1986 s. 779","B 971-85","1986-12-19"
"B 2535-11","2012-11-22","NJA 1983 s. 163","B 1075-82","1983-02-25"
"B 2613-11","2011-10-21","HD B 5412-10",NA,NA
"B 2613-11","2011-10-21","HD B 5412-10",NA,NA
"B 2613-11","2011-10-21","HD B 5412-10",NA,NA
"B 2937-10","2010-12-28","NJA 1991 s. 83","B 1095-90","1991-02-15"
"B 2937-10","2010-12-28","NJA 2009 s. 447 I och II",NA,NA
"B 2962-10","2012-06-07","NJA 1988 s. 118","B 147-87","1988-03-16"
"B 2962-10","2012-06-07","NJA 1988 s. 118","B 147-87","1988-03-16"
"B 3189-11","2012-10-25","NJA 1941 s. 203",NA,NA
"B 3189-11","2012-10-25","NJA 1935 s. 688",NA,NA
"B 3189-11","2012-10-25","NJA 1946 s. 89",NA,NA
"B 3189-11","2012-10-25","NJA 1933 s. 350",NA,NA
"B 3189-11","2012-10-25","NJA 1946 s. 89",NA,NA
"B 3189-11","2012-10-25","NJA 1941 s. 203",NA,NA
"B 3189-11","2012-10-25","NJA 1935 s. 688",NA,NA
"B 3189-11","2012-10-25","NJA 1933 s. 350",NA,NA
"B 3189-11","2012-10-25","NJA 1941 s. 203",NA,NA
"B 3189-11","2012-10-25","NJA 1935 s. 688",NA,NA
"B 3189-11","2012-10-25","NJA 1946 s. 89",NA,NA
"B 3189-11","2012-10-25","NJA 1933 s. 350",NA,NA
"B 3361-10","2012-03-23","NJA 2007 s. 400 II",NA,NA
"B 3361-10","2012-03-23","NJA 1988 s. 218",NA,NA
"B 3380-16","2016-12-22","NJA 1982 s. 645","B 512-82","1982-10-25"
"B 3380-16","2016-12-22","NJA 1979 s. 354",NA,NA
"B 3438-12","2014-10-16","NJA 1991 s. 56","B 416-90","1991-02-14"
"B 355-12","2014-01-17","NJA 2004 s. 336",NA,NA
"B 3559-11","2012-12-21","NJA 1987 s. 148","B 997-85","1987-03-04"
"B 3559-11","2012-12-21","NJA 1961 s. 715",NA,NA
"B 3559-11","2012-12-21","NJA 2008 s. 92",NA,NA
"B 3775-10","2012-04-20","NJA 1988 s. 481","B 284-88","1988-10-05"
"B 380-11","2013-01-22","NJA 1974 s. 454",NA,NA
"B 3851-11","2012-03-23","HD:s dom den 6 december 2011 i mål B 2521-11",NA,NA
"B 4262-12","2013-12-20","NJA 1964 s. 213",NA,NA
"B 4262-12","2013-12-20","NJA 1963 s. 195",NA,NA
"B 4262-12","2013-12-20","NJA 1941 s. 44",NA,NA
"B 4262-12","2013-12-20","NJA 1939 s. 157",NA,NA
"B 4262-12","2013-12-20","NJA 1942 s. 163",NA,NA
"B 4262-12","2013-12-20","NJA 1939 s. 583",NA,NA
"B 4262-12","2013-12-20","NJA 1927 s. 655",NA,NA
"B 4368-16","2017-05-19","NJA 2005 s. 348 I och II",NA,NA
"B 4368-16","2017-05-19","NJA 1986 s. 736","B 643-85","1986-12-22"
"B 4368-16","2017-05-19","NJA 1983 s. 887","B 352-83","1983-12-21"
"B 4368-16","2017-05-19","NJA 1986 s. 736","B 643-85","1986-12-22"
"B 4368-16","2017-05-19","NJA 2007 s. 557",NA,NA
"B 4468-11","2012-03-09","NJA 2011 s. 675 I",NA,NA
"B 4468-11","2012-03-09","NJA 2011 s. 675 I och II",NA,NA
"B 4653-15","2016-02-03","NJA 2009 s. 485 I-III",NA,NA
"B 4653-15","2016-02-03","NJA 1985 s. 893","B 696-83","1985-12-23"
"B 4946-12","2013-06-11","NJA 2010 s. 168 I och II",NA,NA
"B 4946-12","2013-06-11","NJA 2010 s. 168 I och II",NA,NA
"B 4946-12","2013-06-11","NJA 2010 s. 168 I och II",NA,NA
"B 4946-12","2013-06-11","NJA 2010 s. 168 I och II",NA,NA
"B 4946-12","2013-06-11","NJA 2012 s. 1038 I",NA,NA
"B 4946-12","2013-06-11","NJA 2010 s. 168 I och II",NA,NA
"B 4946-12","2013-06-11","NJA 2010 s. 168 I och II",NA,NA
"B 4946-12","2013-06-11","NJA 2004 s. 510 I och II",NA,NA
"B 4946-12","2013-06-11","NJA 2010 s. 168 I och II",NA,NA
"B 4946-12","2013-06-11","NJA 2010 s. 168 I och II",NA,NA
"B 4946-12","2013-06-11","NJA 2010 s. 168 I och II",NA,NA
"B 5373-15","2016-03-31","NJA 1991 s. 387","B 892-90","1991-06-18"
"B 5373-15","2016-03-31","NJA 1991 s. 387","B 892-90","1991-06-18"
"B 5373-15","2016-03-31","NJA 1977 s. 735",NA,NA
"B 5373-15","2016-03-31","NJA 1991 s. 387","B 892-90","1991-06-18"
"B 5373-15","2016-03-31","NJA 1977 s. 735",NA,NA
"B 5373-15","2016-03-31","NJA 2007 s. 690",NA,NA
"B 5373-15","2016-03-31","NJA 1977 s. 735",NA,NA
"B 5373-15","2016-03-31","NJA 1991 s. 387","B 892-90","1991-06-18"
"B 5373-15","2016-03-31","NJA 1982 s. 59",NA,NA
"B 5373-15","2016-03-31","NJA 1991 s. 387","B 892-90","1991-06-18"
"B 5373-15","2016-03-31","NJA 1977 s. 735",NA,NA
"B 5412-10","2011-06-16","NJA 1983 s. 754","B 813-83","1983-11-23"
"B 5412-10","2011-06-16","NJA 1983 s. 754","B 407-83","1983-11-23"
"B 5412-10","2011-06-16","NJA 1983 s. 754","B 813-83","1983-11-23"
"B 5412-10","2011-06-16","NJA 1983 s. 754","B 407-83","1983-11-23"
"B 5412-10","2011-06-16","NJA 1983 s. 754","B 813-83","1983-11-23"
"B 5412-10","2011-06-16","NJA 1983 s. 754","B 407-83","1983-11-23"
"B 5412-10","2011-06-16","NJA 1985 s. 726","B 198-85","1985-10-24"
"B 5412-10","2011-06-16","NJA 1983 s. 754 I och II",NA,NA
"B 5613-11","2013-05-23","NJA 1999 s. 376",NA,NA
"B 5613-12","2013-05-28","NJA 1979 s. 802",NA,NA
"B 5689-12","2013-05-28","NJA 2009 s. 485 I-III",NA,NA
"B 5908-10","2012-10-31","NJA 2012 N 28",NA,NA
"B 5908-10","2012-10-31","NJA 2012 N 22",NA,NA
"B 5908-10","2012-10-31","NJA 1986 s. 736","B 643-85","1986-12-22"
"B 5908-10","2012-10-31","NJA 2012 N 24",NA,NA
"B 5908-10","2012-10-31","NJA 2012 N 28",NA,NA
"B 5908-10","2012-10-31","NJA 1986 s. 736","B 643-85","1986-12-22"
"B 5960-10","2012-12-03","NJA 1983 s. 163","B 1075-82","1983-02-25"
"B 5960-10","2012-12-03","NJA 1988 s. 383","B 717-86","1988-06-16"
"B 5960-10","2012-12-03","NJA 1963 s. 574",NA,NA
"B 750-11","2011-11-02","NJA 1980 s. 374",NA,NA
"B 965-12","2012-07-11","HD B 4468-11",NA,NA
"B 965-12","2012-07-11","HD B 4343-11",NA,NA
"T 1030-12","2013-06-13","NJA 1977 s. 756",NA,NA
"T 1030-12","2013-06-13","NJA 1991 s. 481","T 335-90","1991-09-20"
"T 1030-12","2013-06-13","NJA 1991 s. 481","T 335-90","1991-09-20"
"T 1030-12","2013-06-13","NJA 1991 s. 481","T 335-90","1991-09-20"
"T 1030-12","2013-06-13","NJA 1977 s. 756",NA,NA
"T 1050-16","2017-07-05","NJA 2013 s. 233",NA,NA
"T 1076-12","2013-12-19","NJA 1991 s. 419","T 15-90","1991-07-03"
"T 1076-12","2013-12-19","NJA 1984 s. 172","T 162-82","1984-03-12"
"T 1076-12","2013-12-19","NJA 1984 s. 172","T 162-82","1984-03-12"
"T 1076-12","2013-12-19","NJA 1972 s. 515",NA,NA
"T 1144-11","2012-11-12","NJA 1955 s. 102",NA,NA
"T 1144-11","2012-11-12","NJA 2006 s. 126",NA,NA
"T 1144-11","2012-11-12","NJA 1923 s. 244",NA,NA
"T 1144-11","2012-11-12","NJA 1955 s. 75",NA,NA
"T 1144-11","2012-11-12","NJA 1978 s. 301",NA,NA
"T 1144-11","2012-11-12","NJA 1989 s. 796","T 209-87","1989-12-18"
"T 1144-11","2012-11-12","NJA 1989 s. 796","T 209-87","1989-12-18"
"T 1144-11","2012-11-12","NJA 1955 s. 75",NA,NA
"T 1144-11","2012-11-12","NJA 1987 s. 692","T 573-85","1987-10-14"
"T 1144-11","2012-11-12","NJA 1980 s. 383",NA,NA
"T 1144-11","2012-11-12","NJA 1976 s. 235",NA,NA
"T 1181-15","2016-03-23","NJA 1956 s. 274",NA,NA
"T 1181-15","2016-03-23","NJA 1952 s. 12",NA,NA
"T 1181-15","2016-03-23","NJA 1951 s. 130",NA,NA
"T 1212-10","2011-09-21","NJA 1998 s. 625","T 3415-96","1998-11-05"
"T 1212-10","2011-09-21","NJA 1992 s. 58","T 447-90","1992-02-18"
"T 1212-10","2011-09-21","NJA 1991 s. 625","T 185-90","1991-11-20"
"T 1212-10","2011-09-21","NJA 1955 s. 119",NA,NA
"T 1212-10","2011-09-21","NJA 1955 s. 89 II",NA,NA
"T 1212-10","2011-09-21","NJA 1959 s. 181",NA,NA
"T 1212-10","2011-09-21","NJA 2001 s. 65 I och II",NA,NA
"T 1212-10","2011-09-21","NJA 1936 s. 693",NA,NA
"T 1212-10","2011-09-21","NJA 1940 s. 719",NA,NA
"T 1212-10","2011-09-21","NJA 1971 s. 126",NA,NA
"T 1212-10","2011-09-21","NJA 2001 s. 65 I och II",NA,NA
"T 1212-10","2011-09-21","NJA 1991 s. 269","T 538-89","1991-05-07"
"T 1212-10","2011-09-21","NJA 2009 s. 407",NA,NA
"T 1212-10","2011-09-21","NJA 1958 s. 21",NA,NA
"T 1212-10","2011-09-21","NJA 1948 s. 401",NA,NA
"T 1212-10","2011-09-21","NJA 2001 s. 65 I och II",NA,NA
"T 1212-10","2011-09-21","NJA 1991 s. 269","T 538-89","1991-05-07"
"T 1212-10","2011-09-21","NJA 1940 s. 719",NA,NA
"T 1238-11","2013-04-04","NJA 1993 s. 324","T 90-91","1993-06-30"
"T 1238-11","2013-04-04","NJA 1994 s. 256","T 408-92","1994-04-28"
"T 1238-11","2013-04-04","NJA 1986 s. 83",NA,NA
"T 1310-12","2014-10-10","NJA 1875 s. 325",NA,NA
"T 1390-12","2013-07-02","NJA 1993 s. 724","T 78-92","1993-12-15"
"T 1390-12","2013-07-02","NJA 1988 s. 503 I och II",NA,NA
"T 1390-12","2013-07-02","NJA 2012 s. 414",NA,NA
"T 1390-12","2013-07-02","NJA 2012 s. 414",NA,NA
"T 1427-12","2014-02-28","NJA 1983 s. 163","B 1075-82","1983-02-25"
"T 14702-12","2013-11-20","NJA 1993 s. 724","T 78-92","1993-12-15"
"T 14702-12","2013-11-20","NJA 1988 s. 503","T 603-87","1988-10-19"
"T 14702-12","2013-11-20","NJA 1993 s. 724","T 78-92","1993-12-15"
"T 14702-12","2013-11-20","NJA 1988 s. 503","T 603-87","1988-10-19"
"T 1492-16","2017-04-11","NJA 1982 s. 723",NA,NA
"T 1492-16","2017-04-11","NJA 1999 C 9",NA,NA
"T 1492-16","2017-04-11","NJA 1982 s. 723",NA,NA
"T 1492-16","2017-04-11","NJA 1999 C 9",NA,NA
"T 153-11","2012-11-28","NJA 1987 s. 40","T 562-85","1987-02-04"
"T 153-11","2012-11-28","NJA 1987 s. 40","T 562-85","1987-02-04"
"T 1586-16","2017-07-06","NJA 1962 s. 172",NA,NA
"T 1586-16","2017-07-06","NJA 1949 s. 195",NA,NA
"T 1586-16","2017-07-06","NJA 1962 s. 172",NA,NA
"T 1586-16","2017-07-06","NJA 1949 s. 195",NA,NA
"T 1586-16","2017-07-06","NJA 1944 s. 203",NA,NA
"T 1586-16","2017-07-06","NJA 1988 s. 221","T 294-85","1988-04-29"
"T 1586-16","2017-07-06","NJA 1962 s. 172",NA,NA
"T 1586-16","2017-07-06","NJA 1949 s. 195",NA,NA
"T 1586-16","2017-07-06","NJA 1946 s. 185",NA,NA
"T 1586-16","2017-07-06","NJA 1943 s. 431",NA,NA
"T 162-11","2013-06-26","NJA 2001 s. 191 I och II",NA,NA
"T 162-11","2013-06-26","NJA 1977 s. 92",NA,NA
"T 1637-12","2013-10-31","NJA 1983 s. 836","T 301-81","1983-12-15"
"T 1637-12","2013-10-31","NJA 2007 s. 897",NA,NA
"T 1637-12","2013-10-31","NJA 2012 s. 183",NA,NA
"T 176-12","2014-11-28","NJA 1949 s. 289",NA,NA
"T 176-12","2014-11-28","NJA 1986 s. 712","T 117-83","1986-12-12"
"T 176-12","2014-11-28","NJA 2007 s. 758",NA,NA
"T 176-12","2014-11-28","NJA 2007 s. 758",NA,NA
"T 176-12","2014-11-28","NJA 2007 s. 758",NA,NA
"T 176-12","2014-11-28","NJA 1949 s. 289",NA,NA
"T 176-12","2014-11-28","NJA 2007 s. 758",NA,NA
"T 176-12","2014-11-28","NJA 2007 s. 758",NA,NA
"T 176-12","2014-11-28","NJA 1986 s. 712","T 117-83","1986-12-12"
"T 1829-10","2012-04-11","NJA 1996 s. 679",NA,NA
"T 1829-10","2012-04-11","NJA 1996 s. 679",NA,NA
"T 1834-15","2016-07-05","NJA 1995 s. 178",NA,NA
"T 1882-11","2012-12-13","NJA 1998 s. 219",NA,NA
"T 1882-11","2012-12-13","NJA 1983 s. 350",NA,NA
"T 1882-11","2012-12-13","NJA 1979 s. 253",NA,NA
"T 1882-11","2012-12-13","NJA 1998 s. 219",NA,NA
"T 1882-11","2012-12-13","NJA 1983 s. 350",NA,NA
"T 1882-11","2012-12-13","NJA 1979 s. 253",NA,NA
"T 1963-15","2017-02-21","NJA 1989 s. 315","B 967-87","1989-06-19"
"T 2085-11","2012-11-23","NJA 1987 s. 982","T 302-86","1987-12-29"
"T 2085-12","2013-03-25","NJA 1973 s. 206",NA,NA
"T 2085-12","2013-03-25","NJA 1973 s. 206",NA,NA
"T 2085-12","2013-03-25","NJA 1952 s. 543",NA,NA
"T 2139-12","2013-12-27","NJA 1987 s. 535","T 474-85","1987-07-20"
"T 2139-12","2013-12-27","NJA 1990 s. 137","T 508-88","1990-03-15"
"T 2139-12","2013-12-27","NJA 1987 s. 535","T 474-85","1987-07-20"
"T 2194-15","2016-06-16","NJA 1988 s. 586","B 990-87","1988-12-05"
"T 2247-12","2014-03-07","NJA 1944 s. 435",NA,NA
"T 2247-12","2014-03-07","NJA 1944 s. 435",NA,NA
"T 2247-12","2014-03-07","NJA 1944 s. 435",NA,NA
"T 230-15","2017-02-07","NJA 1984 s. 404","T 303-81","1984-05-22"
"T 230-15","2017-02-07","NJA 1981 s. 933","T 307-78","1981-10-15"
"T 230-15","2017-02-07","NJA 2009 s. 104",NA,NA
"T 230-15","2017-02-07","NJA 1988 s. 183","T 577-86","1988-03-18"
"T 230-15","2017-02-07","NJA 1998 s. 343","T 3429-95","1998-06-09"
"T 230-15","2017-02-07","NJA 1911 s. 472",NA,NA
"T 230-15","2017-02-07","NJA 1938 s. 147",NA,NA
"T 230-15","2017-02-07","NJA 1911 s. 472",NA,NA
"T 230-15","2017-02-07","NJA 1978 s. 207",NA,NA
"T 230-15","2017-02-07","NJA 1917 s. 514",NA,NA
"T 230-15","2017-02-07","NJA 1911 s. 472",NA,NA
"T 230-15","2017-02-07","NJA 1991 s. 217","T 254-90","1991-03-26"
"T 240-12","2014-01-10","NJA 1955 s. 89 II",NA,NA
"T 240-12","2014-01-10","NJA 1970 s. 387",NA,NA
"T 240-12","2014-01-10","NJA 1955 s. 119",NA,NA
"T 240-12","2014-01-10","NJA 2001 s. 65 I och II",NA,NA
"T 240-12","2014-01-10","NJA 1991 s. 269","T 538-89","1991-05-07"
"T 240-12","2014-01-10","NJA 1971 s. 126",NA,NA
"T 240-12","2014-01-10","NJA 1940 s. 719",NA,NA
"T 240-12","2014-01-10","NJA 1936 s. 693",NA,NA
"T 2415-15","2017-03-29","NJA 1991 s. 43","T 331-89","1991-01-30"
"T 2415-15","2017-03-29","NJA 1987 s. 815","T 336-85","1987-11-05"
"T 2415-15","2017-03-29","NJA 1978 s. 590",NA,NA
"T 2415-15","2017-03-29","NJA 1977 s. 92",NA,NA
"T 2415-15","2017-03-29","NJA 2016 s. 779",NA,NA
"T 2415-15","2017-03-29","NJA 2015 s. 798",NA,NA
"T 2542-10","2012-06-18","NJA 1975 s. 222",NA,NA
"T 2542-10","2012-06-18","NJA 1960 s. 221",NA,NA
"T 2542-10","2012-06-18","NJA 1959 s. 590",NA,NA
"T 2542-10","2012-06-18","NJA 1935 s. 152",NA,NA
"T 2542-10","2012-06-18","NJA 1932 s. 292",NA,NA
"T 2640-12","2014-07-09","NJA 1980 s. 311",NA,NA
"T 2640-12","2014-07-09","NJA 1984 s. 215",NA,NA
"T 2640-12","2014-07-09","NJA 1980 s. 311",NA,NA
"T 2640-12","2014-07-09","NJA 1999 s. 426",NA,NA
"T 2640-12","2014-07-09","NJA 1999 s. 426",NA,NA
"T 2640-12","2014-07-09","NJA 1995 s. 418",NA,NA
"T 2640-12","2014-07-09","NJA 1980 s. 311",NA,NA
"T 2640-12","2014-07-09","NJA 1999 s. 426",NA,NA
"T 2640-12","2014-07-09","NJA 1980 s. 311",NA,NA
"T 281-11","2013-06-19","NJA 1982 s. 589","T 204-81","1982-10-07"
"T 281-11","2013-06-19","NJA 1980 s. 705",NA,NA
"T 281-11","2013-06-19","NJA 1993 s. 324","T 90-91","1993-06-30"
"T 281-11","2013-06-19","NJA 1992 s. 163","T 415-90","1992-03-25"
"T 281-11","2013-06-19","NJA 1985 s. 615",NA,NA
"T 281-11","2013-06-19","NJA 1985 s. 97",NA,NA
"T 281-11","2013-06-19","NJA 1984 s. 772","T 436-82","1984-11-19"
"T 281-11","2013-06-19","NJA 1983 s. 550","T 190-82","1983-07-21"
"T 281-11","2013-06-19","NJA 1982 s. 589","T 204-81","1982-10-07"
"T 281-11","2013-06-19","NJA 1980 s. 705",NA,NA
"T 281-11","2013-06-19","NJA 1993 s. 324","T 90-91","1993-06-30"
"T 281-11","2013-06-19","NJA 1982 s. 589","T 204-81","1982-10-07"
"T 281-11","2013-06-19","NJA 1985 s. 615",NA,NA
"T 281-11","2013-06-19","NJA 1985 s. 97",NA,NA
"T 281-11","2013-06-19","NJA 1984 s. 772","T 436-82","1984-11-19"
"T 281-11","2013-06-19","NJA 1993 s. 324","T 90-91","1993-06-30"
"T 281-11","2013-06-19","NJA 1993 s. 324","T 90-91","1993-06-30"
"T 281-11","2013-06-19","NJA 1984 s. 772","T 436-82","1984-11-19"
"T 281-11","2013-06-19","NJA 1982 s. 589","T 204-81","1982-10-07"
"T 281-11","2013-06-19","NJA 1980 s. 705",NA,NA
"T 281-11","2013-06-19","NJA 1993 s. 324","T 90-91","1993-06-30"
"T 281-11","2013-06-19","NJA 1985 s. 615",NA,NA
"T 281-11","2013-06-19","NJA 1984 s. 772","T 436-82","1984-11-19"
"T 281-11","2013-06-19","NJA 1982 s. 589","T 204-81","1982-10-07"
"T 281-11","2013-06-19","NJA 1980 s. 705",NA,NA
"T 281-11","2013-06-19","NJA 1984 s. 772","T 436-82","1984-11-19"
"T 281-11","2013-06-19","NJA 1982 s. 589","T 204-81","1982-10-07"
"T 281-11","2013-06-19","NJA 1980 s. 705",NA,NA
"T 281-11","2013-06-19","NJA 1987 s. 243","T 25-85","1987-04-28"
"T 281-11","2013-06-19","NJA 1993 s. 324","T 90-91","1993-06-30"
"T 2847-11","2013-03-27","NJA 1984 s. 764","T 479-81","1984-11-09"
"T 2847-11","2013-03-27","NJA 1979 s. 129",NA,NA
"T 2878-12","2014-06-18","NJA 1953 s. 42",NA,NA
"T 2878-12","2014-06-18","NJA 1953 s. 42",NA,NA
"T 2878-12","2014-06-18","NJA 2009 s. 104",NA,NA
"T 2889-12","2014-02-13","NJA 1985 s. 365",NA,NA
"T 2889-12","2014-02-13","NJA 1984 s. 562",NA,NA
"T 2889-12","2014-02-13","NJA 1982 s. 773",NA,NA
"T 2889-12","2014-02-13","NJA 1984 s. 562",NA,NA
"T 2889-12","2014-02-13","NJA 1982 s. 773",NA,NA
"T 2889-12","2014-02-13","NJA 1985 s. 365",NA,NA
"T 2889-12","2014-02-13","NJA 1985 s. 365",NA,NA
"T 2889-12","2014-02-13","NJA 1982 s. 773",NA,NA
"T 2889-12","2014-02-13","NJA 1984 s. 562",NA,NA
"T 2889-12","2014-02-13","NJA 1980 s. 488",NA,NA
"T 2889-12","2014-02-13","NJA 1979 s. 145",NA,NA
"T 2889-12","2014-02-13","NJA 1966 s. 580",NA,NA
"T 2889-12","2014-02-13","NJA 1960 s. 9",NA,NA
"T 2889-12","2014-02-13","NJA 1955 s. 1",NA,NA
"T 2889-12","2014-02-13","NJA 1942 s. 195",NA,NA
"T 2947-16","2017-04-20","NJA 1957 s. 499",NA,NA
"T 2947-16","2017-04-20","NJA 1991 s. 567","T 25-91","1991-10-29"
"T 2947-16","2017-04-20","NJA 1957 s. 499",NA,NA
"T 2947-16","2017-04-20","NJA 1991 s. 567","T 25-91","1991-10-29"
"T 2947-16","2017-04-20","NJA 1957 s. 499",NA,NA
"T 2947-16","2017-04-20","NJA 1991 s. 567","T 25-91","1991-10-29"
"T 2947-16","2017-04-20","NJA 1989 s. 796","T 209-87","1989-12-18"
"T 2947-16","2017-04-20","NJA 1991 s. 567","T 25-91","1991-10-29"
"T 2947-16","2017-04-20","NJA 1957 s. 499",NA,NA
"T 295-12","2013-06-14","NJA 1982 s. 793","T 162-81","1982-12-07"
"T 301-12","2014-07-09","NJA 1998 s. 474","T 4219-96","1998-07-09"
"T 301-12","2014-07-09","NJA 2005 s. 214",NA,NA
"T 3034-15","2017-02-24","NJA 2001 s. 269",NA,NA
"T 3034-15","2017-02-24","NJA 1992 s. 130",NA,NA
"T 3034-15","2017-02-24","NJA 1975 s. 545",NA,NA
"T 3034-15","2017-02-24","NJA 2001 s. 269",NA,NA
"T 3034-15","2017-02-24","NJA 2001 s. 269",NA,NA
"T 3034-15","2017-02-24","NJA 1979 s. 483",NA,NA
"T 3034-15","2017-02-24","NJA 1992 s. 130",NA,NA
"T 309-16","2016-12-20","NJA 1985 s. 121","T 336-81","1985-02-15"
"T 309-16","2016-12-20","NJA 1976 s. 618",NA,NA
"T 309-16","2016-12-20","NJA 2009 s. 500",NA,NA
"T 309-16","2016-12-20","NJA 2014 s. 935",NA,NA
"T 309-16","2016-12-20","NJA 2009 s. 500",NA,NA
"T 309-16","2016-12-20","NJA 1954 s. 464",NA,NA
"T 309-16","2016-12-20","NJA 2015 s. 1072",NA,NA
"T 309-16","2016-12-20","NJA 2015 s. 1072",NA,NA
"T 309-16","2016-12-20","NJA 1999 s. 575","T 5125-96","1999-09-17"
"T 309-16","2016-12-20","NJA 2015 s. 1072",NA,NA
"T 3101-12","2013-10-14","NJA 1999 s. 777",NA,NA
"T 3108-10","2012-06-13","NJA 1992 s. 163","T 415-90","1992-03-25"
"T 3108-10","2012-06-13","NJA 1992 s. 163","T 415-90","1992-03-25"
"T 3108-10","2012-06-13","NJA 1988 s. 112","T 132-87","1988-03-11"
"T 3108-10","2012-06-13","NJA 1982 s. 589","T 204-81","1982-10-07"
"T 3108-10","2012-06-13","NJA 1980 s. 547",NA,NA
"T 3108-10","2012-06-13","NJA 1974 s. 314",NA,NA
"T 3108-10","2012-06-13","NJA 1992 s. 163","T 415-90","1992-03-25"
"T 3281-12","2013-12-10","NJA 2012 s. 1038 I",NA,NA
"T 3322-11","2012-06-20","NJA 1979 s. 297",NA,NA
"T 3322-11","2012-06-20","NJA 1979 s. 297",NA,NA
"T 3420-12","2014-04-17","NJA 1991 s. 625","T 185-90","1991-11-20"
"T 3420-12","2014-04-17","NJA 2009 s. 104",NA,NA
"T 3445-15","2016-11-22","NJA 1989 s. 215","T 94-87","1989-05-18"
"T 3445-15","2016-11-22","NJA 1975 s. 280",NA,NA
"T 3445-15","2016-11-22","NJA 1951 s. 1",NA,NA
"T 3459-10","2011-06-21","NJA 1977 s. 160",NA,NA
"T 3470-10","2012-04-11","NJA 2012 s. 211 I",NA,NA
"T 3470-10","2012-04-11","NJA 2012 s. 211 I",NA,NA
"T 3470-10","2012-04-11","NJA 2007 s. 295",NA,NA
"T 3470-10","2012-04-11","NJA 2007 s. 295",NA,NA
"T 3470-10","2012-04-11","NJA 2009 N 70",NA,NA
"T 3470-10","2012-04-11","NJA 2007 s. 295",NA,NA
"T 3470-10","2012-04-11","NJA 2009 N 70",NA,NA
"T 3508-11","2013-02-15","NJA 2001 s. 329",NA,NA
"T 3508-11","2013-02-15","NJA 1978 s. 14",NA,NA
"T 3508-11","2013-02-15","NJA 1958 s. 351",NA,NA
"T 3508-11","2013-02-15","NJA 2001 s. 329",NA,NA
"T 3508-11","2013-02-15","NJA 1971 s. 216",NA,NA
"T 3508-11","2013-02-15","NJA 1978 s. 14",NA,NA
"T 3508-11","2013-02-15","NJA 1958 s. 35",NA,NA
"T 3590-16","2017-07-11","NJA 1984 s. 501","T 256-82","1984-07-05"
"T 3590-16","2017-07-11","NJA 1984 s. 501","T 225-83","1984-07-05"
"T 3590-16","2017-07-11","NJA 1984 s. 501","T 256-82","1984-07-05"
"T 3590-16","2017-07-11","NJA 1984 s. 501","T 225-83","1984-07-05"
"T 3590-16","2017-07-11","NJA 1984 s. 501","T 256-82","1984-07-05"
"T 3590-16","2017-07-11","NJA 1984 s. 501","T 225-83","1984-07-05"
"T 3590-16","2017-07-11","NJA 1977 s. 176",NA,NA
"T 3590-16","2017-07-11","NJA 1984 s. 501","T 256-82","1984-07-05"
"T 3590-16","2017-07-11","NJA 1984 s. 501","T 225-83","1984-07-05"
"T 3590-16","2017-07-11","NJA 1984 s. 501","T 256-82","1984-07-05"
"T 3590-16","2017-07-11","NJA 1984 s. 501","T 225-83","1984-07-05"
"T 3590-16","2017-07-11","NJA 1984 s. 501","T 256-82","1984-07-05"
"T 3590-16","2017-07-11","NJA 1984 s. 501","T 225-83","1984-07-05"
"T 3590-16","2017-07-11","NJA 1984 s. 501","T 256-82","1984-07-05"
"T 3590-16","2017-07-11","NJA 1984 s. 501","T 225-83","1984-07-05"
"T 3590-16","2017-07-11","NJA 1984 s. 501","T 256-82","1984-07-05"
"T 3590-16","2017-07-11","NJA 1984 s. 501","T 225-83","1984-07-05"
"T 3590-16","2017-07-11","NJA 1984 s. 501","T 256-82","1984-07-05"
"T 3590-16","2017-07-11","NJA 1984 s. 501","T 225-83","1984-07-05"
"T 3590-16","2017-07-11","NJA 1981 s. 622","T 252-77","1981-04-29"
"T 3590-16","2017-07-11","NJA 1977 s. 176",NA,NA
"T 3590-16","2017-07-11","NJA 1984 s. 501","T 256-82","1984-07-05"
"T 3590-16","2017-07-11","NJA 1984 s. 501","T 225-83","1984-07-05"
"T 3638-15","2016-11-17","NJA 1944 s. 435",NA,NA
"T 3638-15","2016-11-17","NJA 1944 s. 435",NA,NA
"T 3679-11","2012-12-21","NJA 1973 s. 175",NA,NA
"T 3679-11","2012-12-21","NJA 1974 s. 526",NA,NA
"T 3679-11","2012-12-21","NJA 1974 s. 526",NA,NA
"T 3679-11","2012-12-21","NJA 1947 s. 220",NA,NA
"T 3679-11","2012-12-21","NJA 1941 s. 689",NA,NA
"T 3679-11","2012-12-21","NJA 1940 s. 112",NA,NA
"T 3679-11","2012-12-21","NJA 1932 s. 290",NA,NA
"T 3679-11","2012-12-21","NJA 1929 s. 225",NA,NA
"T 3679-11","2012-12-21","NJA 1923 s. 316",NA,NA
"T 3679-11","2012-12-21","NJA 1984 s. 482","T 372-82","1984-07-03"
"T 3679-11","2012-12-21","NJA 1975 s. 635",NA,NA
"T 3679-11","2012-12-21","NJA 1995 s. 178",NA,NA
"T 3679-11","2012-12-21","NJA 1995 s. 178",NA,NA
"T 3855-10","2011-11-07","NJA 1999 s. 575","T 5125-96","1999-09-17"
"T 3855-10","2011-11-07","NJA 1999 s. 575","T 5125-96","1999-09-17"
"T 3855-10","2011-11-07","NJA 1999 s. 575","T 5125-96","1999-09-17"
"T 3855-10","2011-11-07","NJA 1999 s. 575","T 5125-96","1999-09-17"
"T 390-15","2016-02-24","NJA 2008 s. 733",NA,NA
"T 390-15","2016-02-24","NJA 1966 s. 97",NA,NA
"T 390-15","2016-02-24","NJA 1949 s. 645",NA,NA
"T 390-15","2016-02-24","NJA 1939 s. 592",NA,NA
"T 390-15","2016-02-24","NJA 1966 s. 97",NA,NA
"T 4073-15","2016-12-14","NJA 1988 s. 457","T 312-86","1988-09-27"
"T 4073-15","2016-12-14","NJA 1988 s. 457","T 312-86","1988-09-27"
"T 4073-15","2016-12-14","NJA 2010 s. 206",NA,NA
"T 4080-15","2016-12-29","NJA 1999 s. 793","T 5786-96","1999-12-30"
"T 4170-12","2014-07-07","NJA 1984 s. 531 II och III",NA,NA
"T 4170-12","2014-07-07","NJA 1984 s. 531 II och III",NA,NA
"T 4170-12","2014-07-07","NJA 1996 s. 46",NA,NA
"T 4170-12","2014-07-07","NJA 1983 s. 148","T 367-81","1983-02-22"
"T 4170-12","2014-07-07","NJA 1980 s. 56",NA,NA
"T 4170-12","2014-07-07","NJA 1984 s. 531 II och III",NA,NA
"T 4170-12","2014-07-07","NJA 2013 s. 783",NA,NA
"T 4170-12","2014-07-07","NJA 1984 s. 531 I-III",NA,NA
"T 4170-12","2014-07-07","NJA 1980 s. 56",NA,NA
"T 4170-12","2014-07-07","NJA 1984 s. 531 I-III",NA,NA
"T 4170-12","2014-07-07","NJA 2001 s. 456",NA,NA
"T 4170-12","2014-07-07","NJA 1996 s. 46",NA,NA
"T 4170-12","2014-07-07","NJA 1983 s. 148","T 367-81","1983-02-22"
"T 4170-12","2014-07-07","NJA 1984 s. 531 III",NA,NA
"T 44351-16","2017-11-24","NJA 1991 s. 766","B 2008-91","1991-12-19"
"T 44351-16","2017-11-24","NJA 1979 s. 129",NA,NA
"T 44351-16","2017-11-24","NJA 1972 s. 81",NA,NA
"T 44351-16","2017-11-24","NJA 1982 s. 793","T 162-81","1982-12-07"
"T 44351-16","2017-11-24","NJA 1992 s. 740","T 369-91","1992-11-25"
"T 44351-16","2017-11-24","NJA 1991 s. 766","B 2008-91","1991-12-19"
"T 44351-16","2017-11-24","NJA 1972 s. 81",NA,NA
"T 44351-16","2017-11-24","NJA 1972 s. 81",NA,NA
"T 462-11","2011-05-12","NJA 2002 A 4",NA,NA
"T 462-11","2011-05-12","NJA 1986 s. 117","B 897-85","1986-03-18"
"T 462-11","2011-05-12","NJA 1986 s. 117","B 897-85","1986-03-18"
"T 462-16","2017-04-18","NJA 1987 s. 746","T 420-86","1987-11-09"
"T 462-16","2017-04-18","NJA 1913 s. 496",NA,NA
"T 462-16","2017-04-18","NJA 1999 s. 237",NA,NA
"T 462-16","2017-04-18","NJA 2014 s. 128",NA,NA
"T 462-16","2017-04-18","NJA 1913 s. 496",NA,NA
"T 462-16","2017-04-18","NJA 1987 s. 746","T 420-86","1987-11-09"
"T 462-16","2017-04-18","NJA 2014 s. 128",NA,NA
"T 4726-12","2014-07-03","NJA 1990 s. 110",NA,NA
"T 4726-12","2014-07-03","NJA 1989 s. 185",NA,NA
"T 4726-12","2014-07-03","NJA 1990 s. 110",NA,NA
"T 4726-12","2014-07-03","NJA 1989 s. 185",NA,NA
"T 4816-12","2016-04-26","NJA 1997 s. 866",NA,NA
"T 4816-12","2016-04-26","NJA 1987 s. 885","T 137-86","1987-12-16"
"T 4982-11","2012-11-23","NJA 1961 s. 145",NA,NA
"T 5065-12","2014-04-02","NJA 1991 s. 177",NA,NA
"T 5065-12","2014-04-02","NJA 1978 s. 57",NA,NA
"T 5065-12","2014-04-02","NJA 1985 s. 676",NA,NA
"T 5065-12","2014-04-02","NJA 1985 s. 676",NA,NA
"T 5065-12","2014-04-02","NJA 1991 s. 177",NA,NA
"T 5065-12","2014-04-02","NJA 1978 s. 57",NA,NA
"T 5065-12","2014-04-02","NJA 1985 s. 676",NA,NA
"T 5065-12","2014-04-02","NJA 1985 s. 676",NA,NA
"T 515-15","2016-06-01","NJA 1993 s. 145","T 339-91","1993-04-07"
"T 515-15","2016-06-01","NJA 2005 s. 400",NA,NA
"T 515-15","2016-06-01","NJA 1993 s. 145","T 339-91","1993-04-07"
"T 515-15","2016-06-01","NJA 2005 s. 400",NA,NA
"T 515-15","2016-06-01","NJA 1993 s. 145","T 339-91","1993-04-07"
"T 515-15","2016-06-01","NJA 1993 s. 145","T 339-91","1993-04-07"
"T 5180-11","2013-10-18","NJA 1994 s. 194",NA,NA
"T 5180-11","2013-10-18","NJA 1994 s. 194",NA,NA
"T 5183-16","2017-12-22","NJA 2014 s. 364",NA,NA
"T 5183-16","2017-12-22","NJA 2014 s. 364",NA,NA
"T 5183-16","2017-12-22","NJA 1987 s. 40","T 562-85","1987-02-04"
"T 5183-16","2017-12-22","NJA 2014 s. 364",NA,NA
"T 5183-16","2017-12-22","NJA 2014 s. 364",NA,NA
"T 5183-16","2017-12-22","NJA 2014 s. 364",NA,NA
"T 5183-16","2017-12-22","NJA 2014 s. 364",NA,NA
"T 5183-16","2017-12-22","NJA 1987 s. 40","T 562-85","1987-02-04"
"T 5189-12","2013-12-23","NJA 1989 s. 177","T 568-87","1989-05-08"
"T 5189-12","2013-12-23","NJA 1988 s. 205",NA,NA
"T 5189-12","2013-12-23","NJA 1958 s. 624",NA,NA
"T 5189-12","2013-12-23","NJA 1989 s. 177","T 568-87","1989-05-08"
"T 5189-12","2013-12-23","NJA 1973 s. 635",NA,NA
"T 5189-12","2013-12-23","NJA 1958 s. 117",NA,NA
"T 5189-12","2013-12-23","NJA 1958 s. 624",NA,NA
"T 5189-12","2013-12-23","NJA 1988 s. 205",NA,NA
"T 5537-10","2012-06-20","NJA 2010 s. 454",NA,NA
"T 5537-10","2012-06-20","NJA 1982 s. 900",NA,NA
"T 5537-10","2012-06-20","NJA 1973 s. 635",NA,NA
"T 5582-15","2017-06-14","NJA 1987 s. 80",NA,NA
"T 5582-15","2017-06-14","NJA 1937 s. 395",NA,NA
"T 5582-15","2017-06-14","NJA 2016 s. 73",NA,NA
"T 5628-12","2014-04-23","NJA 2007 s. 747",NA,NA
"T 5628-12","2014-04-23","NJA 2007 s. 695",NA,NA
"T 5628-12","2014-04-23","NJA 1989 s. 20",NA,NA
"T 5628-12","2014-04-23","NJA 2000 s. 637",NA,NA
"T 5628-12","2014-04-23","NJA 2000 s. 637",NA,NA
"T 5628-12","2014-04-23","NJA 1989 s. 20",NA,NA
"T 5628-12","2014-04-23","NJA 2013 s. 350","T 5746-10","2013-05-16"
"T 5628-12","2014-04-23","NJA 1989 s. 20",NA,NA
"T 5628-12","2014-04-23","NJA 1982 s. 307","T 249-81","1982-06-03"
"T 5670-10","2012-10-11","NJA 1945 A 78",NA,NA
"T 5670-10","2012-10-11","NJA 1935 A 103",NA,NA
"T 5670-10","2012-10-11","NJA 1918 A 670",NA,NA
"T 5670-10","2012-10-11","NJA 1917 A 668",NA,NA
"T 5670-10","2012-10-11","NJA 1914 A 190",NA,NA
"T 5670-10","2012-10-11","NJA 1945 A 78",NA,NA
"T 5670-10","2012-10-11","NJA 1935 A 103",NA,NA
"T 5670-10","2012-10-11","NJA 1918 A 670",NA,NA
"T 5670-10","2012-10-11","NJA 1917 A 668",NA,NA
"T 5670-10","2012-10-11","NJA 1914 A 190",NA,NA
"T 5757-15","2016-12-22","NJA 2015 s. 1072",NA,NA
"T 5757-15","2016-12-22","NJA 2015 s. 1072",NA,NA
"T 5757-15","2016-12-22","NJA 2002 s. 351",NA,NA
"T 5757-15","2016-12-22","NJA 2015 s. 1072",NA,NA
"T 5757-15","2016-12-22","NJA 2015 s. 1072",NA,NA
"T 5779-10","2012-12-13","NJA 1937 s. 87",NA,NA
"T 5911-15","2016-12-28","NJA 1989 s. 269","T 4-88","1989-06-07"
"T 5911-15","2016-12-28","NJA 2014 s. 107",NA,NA
"T 5911-15","2016-12-28","NJA 1992 s. 351","T 407-90","1992-06-16"
"T 5911-15","2016-12-28","NJA 1989 s. 269","T 4-88","1989-06-07"
"T 5926-11","2014-06-12","NJA 1986 s. 61","T 90-83","1986-02-05"
"T 5926-11","2014-06-12","NJA 1992 s. 130",NA,NA
"T 6008-16","2017-12-07","NJA 1990 s. 286",NA,NA
"T 6030-15","2017-04-11","NJA 2008 s. 510 III",NA,NA
"T 6169-15","2016-12-20","NJA 1979 s. 239",NA,NA
"T 6169-15","2016-12-20","NJA 1939 s. 301",NA,NA
"T 6169-15","2016-12-20","NJA 1938 s. 114",NA,NA
"T 6169-15","2016-12-20","NJA 1931 s. 483",NA,NA
"T 6169-15","2016-12-20","NJA 1993 s. 324","T 90-91","1993-06-30"
"T 6169-15","2016-12-20","NJA 1946 s. 378",NA,NA
"T 6169-15","2016-12-20","NJA 1943 s. 86",NA,NA
"T 6169-15","2016-12-20","NJA 1982 s. 589","T 204-81","1982-10-07"
"T 6169-15","2016-12-20","NJA 1984 s. 772","T 436-82","1984-11-19"
"T 6169-15","2016-12-20","NJA 1993 s. 324","T 90-91","1993-06-30"
"T 6169-15","2016-12-20","NJA 1982 s. 705",NA,NA
"T 6169-15","2016-12-20","NJA 1980 s. 705",NA,NA
"T 6169-15","2016-12-20","NJA 1992 s. 163","T 415-90","1992-03-25"
"T 631-10","2011-11-11","NJA 1994 s. 705",NA,NA
"T 631-10","2011-11-11","NJA 2001 s. 805",NA,NA
"T 631-10","2011-11-11","NJA 2001 s. 805",NA,NA
"T 631-10","2011-11-11","NJA 1994 s. 705",NA,NA
"T 631-10","2011-11-11","NJA 2010 s. 734",NA,NA
"T 631-10","2011-11-11","NJA 2001 s. 805",NA,NA
"T 631-10","2011-11-11","NJA 1994 s. 705",NA,NA
"T 81-12","2013-07-04","NJA 2001 s. 889",NA,NA
"T 81-12","2013-07-04","NJA 2001 s. 889",NA,NA
"T 81-12","2013-07-04","NJA 2001 s. 889",NA,NA
"T 81-12","2013-07-04","NJA 2007 s. 799",NA,NA
"T 81-12","2013-07-04","NJA 2001 s. 889",NA,NA
"T 81-12","2013-07-04","NJA 2007 s. 799",NA,NA
"T 814-15","2016-11-08","NJA 1948 s. 646",NA,NA
"T 814-15","2016-11-08","NJA 1945 s. 440",NA,NA
"T 814-15","2016-11-08","NJA 1979 s. 670",NA,NA
"T 814-15","2016-11-08","NJA 1948 s. 646",NA,NA
"T 814-15","2016-11-08","NJA 1945 s. 440",NA,NA
"T 814-15","2016-11-08","NJA 1979 s. 670",NA,NA
"T 814-15","2016-11-08","HD T 2934-15",NA,NA
"T 814-15","2016-11-08","NJA 1979 s. 670",NA,NA
"T 960-15","2016-11-03","NJA 1971 s. 126",NA,NA
"T 960-15","2016-11-03","NJA 1936 s. 693",NA,NA
"T 960-15","2016-11-03","NJA 1971 s. 126",NA,NA
"T 960-15","2016-11-03","NJA 1936 s. 693",NA,NA
"T 960-15","2016-11-03","NJA 1936 s. 693",NA,NA
"T 960-15","2016-11-03","NJA 1955 s. 89",NA,NA
"T 960-15","2016-11-03","NJA 1971 s. 126",NA,NA
"T 960-15","2016-11-03","NJA 1971 s. 126",NA,NA
"T 960-15","2016-11-03","NJA 1936 s. 693",NA,NA
"B 1050-05","2005-11-29","NJA 1991 s. 188",NA,NA
"B 1050-05","2005-11-29","NJA 1988 s. 572",NA,NA
"B 1050-05","2005-11-29","NJA 1982 s. 128","B 554-81","1982-03-19"
"B 1050-05","2005-11-29","NJA 1991 s. 188",NA,NA
"B 1050-05","2005-11-29","NJA 1988 s. 572",NA,NA
"B 1050-05","2005-11-29","NJA 2000 s. 132",NA,NA
"B 1050-05","2005-11-29","NJA 1982 s. 128","B 554-81","1982-03-19"
"B 1130-07","2009-11-18","NJA 1981 s. 1174","B 114-81","1981-12-09"
"B 1178-07","2007-10-03","NJA 1985 s. 774","B 926-83","1985-12-09"
"B 1178-07","2007-10-03","NJA 1985 s. 774","B 926-83","1985-12-09"
"B 119-06","2006-07-06","NJA 1966 s. 577",NA,NA
"B 119-06","2006-07-06","NJA 1982 s. 128","B 554-81","1982-03-19"
"B 119-06","2006-07-06","NJA 1982 s. 128","B 554-81","1982-03-19"
"B 119-06","2006-07-06","NJA 1988 s. 572",NA,NA
"B 119-06","2006-07-06","NJA 2000 s. 132",NA,NA
"B 119-06","2006-07-06","NJA 1982 s. 128","B 554-81","1982-03-19"
"B 1234-02","2002-05-27","NJA 1994 s. 732mNJA 1999 s. 25",NA,NA
"B 1234-02","2002-05-27","NJA 1988 s. 321","B 432-88","1988-06-02"
"B 1234-02","2002-05-27","NJA 1972 s. 323",NA,NA
"B 1256-06","2006-10-19","NJA 1963 s. 574",NA,NA
"B 1256-06","2006-10-19","NJA 1949 s. 529",NA,NA
"B 1256-06","2006-10-19","NJA 1963 s. 574",NA,NA
"B 1256-06","2006-10-19","NJA 1949 s. 529",NA,NA
"B 1299-01","2001-06-28","NJA 1991 s. 255","B 312-91","1991-05-03"
"B 1354-07","2009-11-19","NJA 1988 s. 586","B 990-87","1988-12-05"
"B 1419-05","2006-12-29","NJA 1988 s. 80","B 1123-87","1988-02-17"
"B 1437-02","2003-12-22","NJA 1987 s. 388","B 60-85","1987-04-29"
"B 1437-02","2003-12-22","NJA 1978 s. 242",NA,NA
"B 1437-02","2003-12-22","NJA 1978 s. 242",NA,NA
"B 1437-02","2003-12-22","NJA 2001 C 50",NA,NA
"B 1658-01","2002-02-21","NJA 1960 s. 442",NA,NA
"B 1866-07","2008-06-11","NJA 1981 s. 1174","B 114-81","1981-12-09"
"B 1866-07","2008-06-11","NJA 1981 s. 1174","B 114-81","1981-12-09"
"B 1894-05","2006-04-11","NJA 1988 s. 413","B 667-88","1988-08-17"
"B 1907-02","2002-12-18","NJA 2000 s. 1711",NA,NA
"B 1907-02","2002-12-18","NJA 2000 s. 11",NA,NA
"B 1907-02","2002-12-18","NJA 2000 s. 171",NA,NA
"B 1907-02","2002-12-18","NJA 2000 s. 11",NA,NA
"B 1907-02","2002-12-18","NJA 2000 s. 171",NA,NA
"B 1968-07","2009-02-11","NJA 1984 s. 452","B 117-83","1984-06-14"
"B 1968-07","2009-02-11","NJA 1968 s. 327",NA,NA
"B 1968-07","2009-02-11","NJA 1968 s. 327",NA,NA
"B 1968-07","2009-02-11","NJA 1984 s. 452","B 117-83","1984-06-14"
"B 1968-07","2009-02-11","NJA 2000 s. 17 III",NA,NA
"B 2115-06","2007-11-07","NJA 2000 s. 132",NA,NA
"B 2129-02","2004-04-08","NJA 1991 s. 387","B 892-90","1991-06-18"
"B 2129-02","2004-04-08","NJA 1991 s. 387","B 892-90","1991-06-18"
"B 2129-02","2004-04-08","NJA 1977 s. 735",NA,NA
"B 2129-02","2004-04-08","NJA 1991 s. 387","B 892-90","1991-06-18"
"B 2129-02","2004-04-08","NJA 1977 s. 735",NA,NA
"B 2129-02","2004-04-08","NJA 1991 s. 387","B 892-90","1991-06-18"
"B 2129-02","2004-04-08","NJA 1977 s. 735",NA,NA
"B 2184-06","2006-09-28","NJA 1982 s. 525","B 651-82","1982-09-03"
"B 2328-05","2006-04-19","NJA 1991 s. 163","B 483-89","1991-02-11"
"B 2328-05","2006-04-19","NJA 1980 s. 454",NA,NA
"B 2328-05","2006-04-19","NJA 1966 s. 70",NA,NA
"B 2328-05","2006-04-19","NJA 1991 s. 163","B 483-89","1991-02-11"
"B 259-07","2007-07-06","NJA 2000 C 8",NA,NA
"B 2669-07","2008-10-23","NJA 2007 s. 747",NA,NA
"B 2669-07","2008-10-23","NJA 2007 s. 747",NA,NA
"B 2693-07","2007-10-04","NJA 1991 s. 444","B 573-91","1991-07-15"
"B 2740-06","2007-06-01","NJA 2001 s. 623",NA,NA
"B 2740-06","2007-06-01","NJA 1978 s. 452",NA,NA
"B 2740-06","2007-06-01","NJA 1973 s. 109",NA,NA
"B 2854-02","2003-10-28","NJA 1981 s. 444","B 374-80","1981-03-25"
"B 3016-00","2001-10-18","NJA 1950 s. 610",NA,NA
"B 3193-05","2005-11-02","NJA 1991 s. 83","B 1095-90","1991-02-15"
"B 3204-05","2006-02-15","NJA 1987 s. 48","T 493-86","1987-02-12"
"B 321-00","2000-06-06","HD B 93-004",NA,NA
"B 321-00","2000-06-06","HD B 2393-993",NA,NA
"B 321-00","2000-06-06","HD B 1668-99",NA,NA
"B 3220-05","2005-12-05","NJA 1986 s. 94","T 585-85","1986-02-19"
"B 329-02","2002-10-25","NJA 1985 s. 757","B 910-85","1985-12-05"
"B 329-02","2002-10-25","NJA 1995 s. 44",NA,NA
"B 329-02","2002-10-25","NJA 1975 s. 594",NA,NA
"B 329-02","2002-10-25","NJA 1980 s. 514",NA,NA
"B 329-02","2002-10-25","NJA 1959 s. 63",NA,NA
"B 329-02","2002-10-25","NJA 1978 s. 244",NA,NA
"B 329-02","2002-10-25","NJA 1985 s. 757","B 910-85","1985-12-05"
"B 329-02","2002-10-25","NJA 1985 s. 757","B 910-85","1985-12-05"
"B 329-02","2002-10-25","NJA 1975 s. 594",NA,NA
"B 329-02","2002-10-25","NJA 1977 s. 630",NA,NA
"B 329-02","2002-10-25","NJA 1985 s. 757","B 910-85","1985-12-05"
"B 329-02","2002-10-25","NJA 1978 s. 244",NA,NA
"B 329-02","2002-10-25","NJA 1975 s. 594",NA,NA
"B 329-02","2002-10-25","NJA 1977 s. 630",NA,NA
"B 329-02","2002-10-25","NJA 1985 s. 757","B 910-85","1985-12-05"
"B 329-02","2002-10-25","NJA 1975 s. 594",NA,NA
"B 329-02","2002-10-25","NJA 1978 s. 244",NA,NA
"B 329-02","2002-10-25","NJA 1959 s. 63",NA,NA
"B 3384-01","2001-12-19","NJA 1968 s. 271",NA,NA
"B 3384-01","2001-12-19","NJA 1968 s. 471",NA,NA
"B 3384-01","2001-12-19","NJA 1968 s. 471",NA,NA
"B 3439-07","2009-09-29","NJA 1979 s. 153",NA,NA
"B 3439-07","2009-09-29","NJA 1979 s. 153",NA,NA
"B 353-07","2007-03-30","NJA 1985 s. 510","B 369-85","1985-07-08"
"B 3639-01","2002-06-13","NJA 1997 B 3",NA,NA
"B 364-01","2002-11-01","NJA 1990 s. 722",NA,NA
"B 364-01","2002-11-01","NJA 1985 s. 281","B 93-83","1985-04-03"
"B 364-01","2002-11-01","NJA 1985 s. 281","B 615-83","1985-04-03"
"B 364-01","2002-11-01","NJA 1983 s. 425","B 205-83","1983-06-01"
"B 3660-02","2003-06-13","NJA 1961 s. 402",NA,NA
"B 3660-02","2003-06-13","NJA 1961 s. 402",NA,NA
"B 390-00","2001-03-14","NJA 1991 s. 387","B 892-90","1991-06-18"
"B 390-00","2001-03-14","NJA 1977 s. 735",NA,NA
"B 390-00","2001-03-14","NJA 1991 s. 387","B 892-90","1991-06-18"
"B 390-00","2001-03-14","NJA 1977 s. 735",NA,NA
"B 390-00","2001-03-14","NJA 1991 s. 387","B 892-90","1991-06-18"
"B 390-00","2001-03-14","NJA 1977 s. 735",NA,NA
"B 391-06","2006-09-13","NJA 1972 s. 253",NA,NA
"B 391-06","2006-09-13","NJA 1944 s. 555",NA,NA
"B 391-06","2006-09-13","NJA 1972 s. 253",NA,NA
"B 406-06","2008-03-28","NJA 2006 s. 293 I och II",NA,NA
"B 4350-00","2001-04-10","NJA 1990 s. 662",NA,NA
"B 4407-06","2006-12-22","NJA 1983 s. 750","B 99-82","1983-11-23"
"B 4407-06","2006-12-22","NJA 1983 s. 750","B 99-82","1983-11-23"
"B 4407-06","2006-12-22","NJA 1983 s. 750","B 99-82","1983-11-23"
"B 4471-02","2004-02-05","NJA 1991 s. 163","B 483-89","1991-02-11"
"B 4471-02","2004-02-05","NJA 1980 s. 454",NA,NA
"B 4471-02","2004-02-05","NJA 1966 s. 70",NA,NA
"B 4471-02","2004-02-05","NJA 1991 s. 247","B 611-90","1991-03-28"
"B 4554-06","2007-12-10","NJA 1989 s. 810","B 814-88","1989-12-20"
"B 4554-06","2007-12-10","NJA 1985 s. 594","B 204-85","1985-09-16"
"B 4554-06","2007-12-10","NJA 1985 s. 22","B 351-83","1985-01-08"
"B 4554-06","2007-12-10","NJA 1982 s. 645","B 512-82","1982-10-25"
"B 4554-06","2007-12-10","NJA 1978 s. 374",NA,NA
"B 4554-06","2007-12-10","NJA 1986 s. 234","B 136-85","1986-05-06"
"B 4554-06","2007-12-10","NJA 1985 s. 594","B 204-85","1985-09-16"
"B 4554-06","2007-12-10","NJA 1989 s. 810","B 814-88","1989-12-20"
"B 4554-06","2007-12-10","NJA 1985 s. 594","B 204-85","1985-09-16"
"B 4554-06","2007-12-10","NJA 1985 s. 22","B 351-83","1985-01-08"
"B 4554-06","2007-12-10","NJA 1982 s. 645","B 512-82","1982-10-25"
"B 4554-06","2007-12-10","NJA 1978 s. 374",NA,NA
"B 4554-06","2007-12-10","NJA 1986 s. 234","B 136-85","1986-05-06"
"B 4554-06","2007-12-10","NJA 1989 s. 810","B 814-88","1989-12-20"
"B 4554-06","2007-12-10","NJA 1982 s. 645","B 512-82","1982-10-25"
"B 4554-06","2007-12-10","NJA 1989 s. 810","B 814-88","1989-12-20"
"B 4554-06","2007-12-10","NJA 1985 s. 22","B 351-83","1985-01-08"
"B 4598-00","2001-10-11","NJA 1997 s. 283",NA,NA
"B 4598-00","2001-10-11","NJA 1991 s. 633","B 681-91","1991-11-20"
"B 4605-01","2002-02-19","NJA 1989 s. 97","B 1224-88","1989-03-10"
"B 4605-01","2002-02-19","NJA 1985 s. 510","B 369-85","1985-07-08"
"B 4608-07","2009-03-24","NJA 1991 s. 739",NA,NA
"B 4608-07","2009-03-24","NJA 1991 s. 739",NA,NA
"B 4611-01","2004-07-02","NJA 1983 s. 798","B 916-81","1983-11-09"
"B 4696-02","2003-09-25","NJA 1961 s. 402",NA,NA
"B 4792-00","2003-10-06","NJA 1957 s. 757 I och II",NA,NA
"B 5039-06","2007-12-28","NJA 1989 s. 498",NA,NA
"B 5039-06","2007-12-28","NJA 1985 s. 544","B 728-85","1985-08-27"
"B 5039-06","2007-12-28","NJA 1985 s. 544","B 728-85","1985-08-27"
"B 5039-06","2007-12-28","NJA 1985 s. 544","B 728-85","1985-08-27"
"B 5039-06","2007-12-28","NJA 1989 s. 498",NA,NA
"B 769-07","2007-06-07","NJA 1989 s. 102","B 1037-88","1989-03-10"
"B 769-07","2007-06-07","NJA 1981 s. 825","B 586-81","1981-08-26"
"B 769-07","2007-06-07","NJA 1980 s. 769",NA,NA
"B 769-07","2007-06-07","NJA 1980 s. 337",NA,NA
"B 769-07","2007-06-07","NJA 1979 s. 478",NA,NA
"T 127-05","2007-09-20","NJA 2000 s. 685","T 412-97","2000-12-21"
"T 127-05","2007-09-20","NJA 1987 s. 407","T 280-85","1987-05-07"
"T 127-05","2007-09-20","NJA 1978 s. 194",NA,NA
"T 127-05","2007-09-20","NJA 1969 s. 27",NA,NA
"T 1280-06","2008-09-02","NJA 1991 s. 138","T 160-90","1991-02-27"
"T 1280-06","2008-09-02","NJA 1989 s. 768",NA,NA
"T 1280-06","2008-09-02","NJA 1982 s. 307","T 249-81","1982-06-03"
"T 1280-06","2008-09-02","NJA 1976 s. 458",NA,NA
"T 1280-06","2008-09-02","NJA 1973 s. 141",NA,NA
"T 1280-06","2008-09-02","NJA 1989 s. 768",NA,NA
"T 1280-06","2008-09-02","NJA 1973 s. 141",NA,NA
"T 1280-06","2008-09-02","NJA 1976 s. 458",NA,NA
"T 1280-06","2008-09-02","NJA 1991 s. 138","T 160-90","1991-02-27"
"T 1280-06","2008-09-02","NJA 1982 s. 307","T 249-81","1982-06-03"
"T 1280-06","2008-09-02","NJA 1997 s. 93",NA,NA
"T 1280-06","2008-09-02","NJA 1992 s. 299",NA,NA
"T 129-05","2005-12-20","NJA 2002 s. 314",NA,NA
"T 129-05","2005-12-20","NJA 2002 s. 314",NA,NA
"T 1356-02","2004-05-25","NJA 1998 s. 807","T 4087-97","1998-12-14"
"T 1356-02","2004-05-25","NJA 1998 s. 807","T 4087-97","1998-12-14"
"T 1356-02","2004-05-25","NJA 1998 s. 807","T 4087-97","1998-12-14"
"T 136-02","2003-11-06","NJA 1971 s. 78",NA,NA
"T 136-02","2003-11-06","NJA 1995 s. 269","T 4397-92","1995-05-05"
"T 136-02","2003-11-06","NJA 1996 s. 377","T 4634-95","1996-06-13"
"T 136-02","2003-11-06","NJA 1995 s. 269","T 4397-92","1995-05-05"
"T 136-02","2003-11-06","NJA 1971 s. 78",NA,NA
"T 136-02","2003-11-06","NJA 1996 s. 377","T 4634-95","1996-06-13"
"T 136-02","2003-11-06","NJA 1979 s. 620",NA,NA
"T 136-02","2003-11-06","NJA 1995 s. 269","T 4397-92","1995-05-05"
"T 1388-02","2004-05-11","NJA 1994 s. 306",NA,NA
"T 14182-02","2007-11-22","NJA 2003 s. 217",NA,NA
"T 14182-02","2007-11-22","NJA 1999 s. 629",NA,NA
"T 14182-02","2007-11-22","NJA 2003 s. 217",NA,NA
"T 14182-02","2007-11-22","NJA 1994 s. 194",NA,NA
"T 14182-02","2007-11-22","NJA 2003 s. 263",NA,NA
"T 14182-02","2007-11-22","NJA 1990 s. 136",NA,NA
"T 14182-02","2007-11-22","NJA 1989 s. 191","T 505-87","1989-04-26"
"T 14182-02","2007-11-22","NJA 1994 s. 194",NA,NA
"T 1421-07","2009-04-09","NJA 1998 s. 563","T 4416-97","1998-10-22"
"T 1421-07","2009-04-09","NJA 1995 s. 631",NA,NA
"T 1421-07","2009-04-09","NJA 1998 s. 563","T 4416-97","1998-10-22"
"T 1421-07","2009-04-09","NJA 1995 s. 631",NA,NA
"T 1447-02","2006-02-21","NJA 1998 s. 9",NA,NA
"T 1447-02","2006-02-21","NJA 1996 s. 607","T 754-96","1996-10-18"
"T 1477-02","2003-10-28","NJA 1968 s. 104",NA,NA
"T 1480-00","2003-05-21","NJA 1990 s. 460",NA,NA
"T 1480-00","2003-05-21","NJA 1970 s. 294",NA,NA
"T 1518-02","2003-01-09","NJA 1996 s. 377","T 4634-95","1996-06-13"
"T 1588-01","2004-12-01","NJA 1992 s. 299",NA,NA
"T 165-06","2007-02-20","NJA 1934 s. 103",NA,NA
"T 165-06","2007-02-20","NJA 1934 s. 103",NA,NA
"T 1657-06","2008-06-11","NJA 2007 s. 413",NA,NA
"T 1657-06","2008-06-11","NJA 2007 s. 413",NA,NA
"T 166-06","2007-10-09","NJA 1996 s. 634","T 3235-95","1996-11-01"
"T 166-06","2007-10-09","NJA 1991 s. 720","T 487-89","1991-12-11"
"T 166-06","2007-10-09","NJA 1991 s. 720","T 487-89","1991-12-11"
"T 166-06","2007-10-09","NJA 1996 s. 634","T 3235-95","1996-11-01"
"T 166-06","2007-10-09","NJA 1996 s. 634","T 3235-95","1996-11-01"
"T 177-05","2009-09-30","NJA 1979 s. 451",NA,NA
"T 177-05","2009-09-30","NJA 1922 s. 102",NA,NA
"T 177-05","2009-09-30","NJA 2008 s. 733",NA,NA
"T 177-05","2009-09-30","NJA 1979 s. 451",NA,NA
"T 177-05","2009-09-30","NJA 1922 s. 102",NA,NA
"T 177-05","2009-09-30","NJA 1979 s. 451",NA,NA
"T 177-05","2009-09-30","NJA 1922 s. 102",NA,NA
"T 2017-06","2008-03-28","NJA 1988 s. 457","T 312-86","1988-09-27"
"T 2017-06","2008-03-28","NJA 1985 s. 352","T 269-83","1985-04-12"
"T 2017-06","2008-03-28","NJA 1985 s. 178","T 45-83","1985-03-18"
"T 2017-06","2008-03-28","NJA 1994 s. 3","T 333-92","1994-01-12"
"T 2017-06","2008-03-28","NJA 1985 s. 178","T 45-83","1985-03-18"
"T 2017-06","2008-03-28","NJA 1988 s. 457","T 312-86","1988-09-27"
"T 2017-06","2008-03-28","NJA 1985 s. 352","T 269-83","1985-04-12"
"T 2017-06","2008-03-28","NJA 1994 s. 3","T 333-92","1994-01-12"
"T 2017-06","2008-03-28","NJA 1985 s. 178","T 45-83","1985-03-18"
"T 2038-07","2008-12-30","NJA 1998 s. 807","T 4087-97","1998-12-14"
"T 2038-07","2008-12-30","NJA 1998 s. 807","T 4087-97","1998-12-14"
"T 2038-07","2008-12-30","NJA 1998 s. 807","T 4087-97","1998-12-14"
"T 2038-07","2008-12-30","NJA 1998 s. 807","T 4087-97","1998-12-14"
"T 2038-07","2008-12-30","NJA 1998 s. 807","T 4087-97","1998-12-14"
"T 2038-07","2008-12-30","NJA 1998 s. 807","T 4087-97","1998-12-14"
"T 2038-07","2008-12-30","NJA 1998 s. 807","T 4087-97","1998-12-14"
"T 2038-07","2008-12-30","NJA 1998 s. 807","T 4087-97","1998-12-14"
"T 2038-07","2008-12-30","NJA 1998 s. 807","T 4087-97","1998-12-14"
"T 2038-07","2008-12-30","NJA 1998 s. 807","T 4087-97","1998-12-14"
"T 2062-06","2007-10-23","NJA 2006 s. 732",NA,NA
"T 2113-06","2008-03-28","NJA 1922 s. 37",NA,NA
"T 2113-06","2008-03-28","NJA 1919 s. 497",NA,NA
"T 2113-06","2008-03-28","NJA 1910 s. 227",NA,NA
"T 2113-06","2008-03-28","NJA 1984 s. 705",NA,NA
"T 2113-06","2008-03-28","NJA 1973 s. 1",NA,NA
"T 2113-06","2008-03-28","NJA 2006 s. 101",NA,NA
"T 2113-06","2008-03-28","NJA 2005 s. 586",NA,NA
"T 2113-06","2008-03-28","NJA 1982 s. 738",NA,NA
"T 2113-06","2008-03-28","NJA 1955 s. 500",NA,NA
"T 2166-02","2004-04-27","NJA 1987 s. 450",NA,NA
"T 2166-02","2004-04-27","NJA 1982 s. 641",NA,NA
"T 2166-02","2004-04-27","NJA 1975 s. 575",NA,NA
"T 2166-02","2004-04-27","NJA 1982 s. 641",NA,NA
"T 2166-02","2004-04-27","NJA 1975 s. 575",NA,NA
"T 2166-02","2004-04-27","NJA 1987 s. 450",NA,NA
"T 2166-02","2004-04-27","NJA 1987 s. 450",NA,NA
"T 2166-02","2004-04-27","NJA 1980 s. 352",NA,NA
"T 218-02","2004-04-02","NJA 1998 s. 563","T 4416-97","1998-10-22"
"T 218-02","2004-04-02","NJA 1998 s. 563","T 4416-97","1998-10-22"
"T 218-02","2004-04-02","NJA 1998 s. 563","T 4416-97","1998-10-22"
"T 218-02","2004-04-02","NJA 1998 s. 563","T 4416-97","1998-10-22"
"T 218-02","2004-04-02","NJA 1998 s. 563","T 4416-97","1998-10-22"
"T 2224-07","2008-10-01","NJA 1989 s. 374","T 17-88","1989-06-28"
"T 2224-07","2008-10-01","NJA 1989 s. 374","T 17-88","1989-06-28"
"T 2228-00","2003-11-27","NJA 1990 s. 469","T 353-87","1990-07-30"
"T 2228-00","2003-11-27","NJA 1990 s. 469","T 353-87","1990-07-30"
"T 2240-07","2008-04-10","NJA 1991 s. 200",NA,NA
"T 2240-07","2008-04-10","NJA 1986 s. 388",NA,NA
"T 2240-07","2008-04-10","NJA 1984 s. 68","T 91-83","1984-02-17"
"T 2246-05","2007-11-28","NJA 2003 s. 217",NA,NA
"T 2246-05","2007-11-28","NJA 2003 s. 217",NA,NA
"T 2281-07","2007-04-17","NJA 2000 s. 400",NA,NA
"T 2281-07","2007-04-17","NJA 2000 s. 400",NA,NA
"T 2281-07","2007-04-17","NJA 2000 s. 400",NA,NA
"T 2281-07","2007-04-17","NJA 2000 s. 400",NA,NA
"T 2281-07","2007-04-17","NJA 2000 s. 400",NA,NA
"T 2362-01","2005-04-01","NJA 1989 s. 215","T 94-87","1989-05-18"
"T 2362-01","2005-04-01","NJA 1975 s. 280",NA,NA
"T 2362-01","2005-04-01","NJA 1951 s. 1",NA,NA
"T 2362-01","2005-04-01","NJA 1951 s. 1",NA,NA
"T 2375-05","2009-10-29","NJA 1996 s. 776",NA,NA
"T 2375-05","2009-10-29","NJA 1983 s. 292",NA,NA
"T 2403-06","2007-12-04","NJA 1980 s. 46",NA,NA
"T 2403-06","2007-12-04","NJA 1979 s. 401",NA,NA
"T 2403-06","2007-12-04","NJA 1978 s. 432",NA,NA
"T 2403-06","2007-12-04","NJA 1970 s. 478",NA,NA
"T 2411-02","2004-05-26","NJA 1982 s. 578","T 142-80","1982-10-04"
"T 2411-02","2004-05-26","NJA 2000 s. 132",NA,NA
"T 2411-02","2004-05-26","NJA 1982 s. 578","T 142-80","1982-10-04"
"T 2411-02","2004-05-26","NJA 2000 s. 132",NA,NA
"T 2411-02","2004-05-26","NJA 1982 s. 478",NA,NA
"T 2448-06","2007-11-19","NJA 1981 s. 1205","T 303-80","1981-12-17"
"T 2448-06","2007-11-19","NJA 1981 s. 1205","T 303-80","1981-12-17"
"T 2448-06","2007-11-19","NJA 1981 s. 1205","T 303-80","1981-12-17"
"T 2448-06","2007-11-19","NJA 1981 s. 1205","T 303-80","1981-12-17"
"T 2565-02","2004-06-15","NJA 1982 s. 589","T 204-81","1982-10-07"
"T 2565-02","2004-06-15","NJA 1980 s. 705",NA,NA
"T 2565-02","2004-06-15","NJA 1982 s. 589","T 204-81","1982-10-07"
"T 2565-02","2004-06-15","NJA 1980 s. 705",NA,NA
"T 2593-01","2004-11-26","NJA 2003 A 6",NA,NA
"T 2593-01","2004-11-26","NJA 2000 s. 637",NA,NA
"T 2593-01","2004-11-26","NJA 2003 A 6",NA,NA
"T 2629-01","2002-10-31","NJA 1994 s. 69",NA,NA
"T 2629-01","2002-10-31","NJA 1990 s. 18",NA,NA
"T 2629-01","2002-10-31","NJA 1987 s. 726",NA,NA
"T 2629-01","2002-10-31","NJA 1984 s. 673",NA,NA
"T 2629-01","2002-10-31","NJA 1981 s. 897",NA,NA
"T 2629-01","2002-10-31","NJA 1977 s. 509",NA,NA
"T 2629-01","2002-10-31","NJA 1974 s. 526",NA,NA
"T 2629-01","2002-10-31","NJA 1974 s. 314",NA,NA
"T 2629-01","2002-10-31","NJA 1973 s. 175",NA,NA
"T 2629-01","2002-10-31","NJA 1971 s. 516",NA,NA
"T 2639-07","2009-06-11","NJA 2008 s. 733",NA,NA
"T 2639-07","2009-06-11","NJA 1966 s. 97",NA,NA
"T 2667-00","2002-01-02","NJA 1992 s. 163","T 415-90","1992-03-25"
"T 2679-02","2004-12-28","NJA 1982 s. 10",NA,NA
"T 2684-07","2008-07-18","NJA 1992 s. 163","T 415-90","1992-03-25"
"T 2684-07","2008-07-18","NJA 1992 s. 163","T 415-90","1992-03-25"
"T 2684-07","2008-07-18","NJA 1982 s. 589","T 204-81","1982-10-07"
"T 2684-07","2008-07-18","NJA 1992 s. 163","T 415-90","1992-03-25"
"T 2684-07","2008-07-18","NJA 1985 s. 615",NA,NA
"T 2684-07","2008-07-18","NJA 1985 s. 97",NA,NA
"T 2684-07","2008-07-18","NJA 1984 s. 772","T 436-82","1984-11-19"
"T 2684-07","2008-07-18","NJA 1993 s. 324","T 90-91","1993-06-30"
"T 2684-07","2008-07-18","NJA 1982 s. 589","T 204-81","1982-10-07"
"T 2684-07","2008-07-18","NJA 1982 s. 589","T 204-81","1982-10-07"
"T 2684-07","2008-07-18","NJA 1982 s. 589","T 204-81","1982-10-07"
"T 2684-07","2008-07-18","NJA 1980 s. 705",NA,NA
"T 2684-07","2008-07-18","NJA 1992 s. 163","T 415-90","1992-03-25"
"T 2684-07","2008-07-18","NJA 1992 s. 163","T 415-90","1992-03-25"
"T 2684-07","2008-07-18","NJA 1992 s. 163","T 415-90","1992-03-25"
"T 2684-07","2008-07-18","NJA 1982 s. 589","T 204-81","1982-10-07"
"T 2787-07","2009-05-05","NJA 1988 s. 620","T 416-86","1988-12-08"
"T 2787-07","2009-05-05","NJA 1988 s. 620","T 416-86","1988-12-08"
"T 2804-07","2009-12-16","NJA 1985 s. 121","T 336-81","1985-02-15"
"T 2808-05","2008-02-19","NJA 1982 s. 738",NA,NA
"T 2808-05","2008-02-19","NJA 1982 s. 738",NA,NA
"T 285-02","2003-05-28","NJA 1979 s. 286",NA,NA
"T 285-02","2003-05-28","NJA 1984 s. 648","T 488-83","1984-09-12"
"T 285-02","2003-05-28","NJA 1979 s. 286",NA,NA
"T 285-02","2003-05-28","NJA 2000 s. 132",NA,NA
"T 285-02","2003-05-28","NJA 1979 s. 286",NA,NA
"T 285-02","2003-05-28","NJA 1952 s. 248",NA,NA
"T 285-02","2003-05-28","NJA 1950 s. 333",NA,NA
"T 285-02","2003-05-28","NJA 1949 s. 330",NA,NA
"T 2877-00","2002-03-20","NJA 1960 s. 454",NA,NA
"T 2877-00","2002-03-20","NJA 1993 s. 324","T 90-91","1993-06-30"
"T 2877-00","2002-03-20","NJA 1985 s. 615",NA,NA
"T 2877-00","2002-03-20","NJA 1982 s. 589","T 204-81","1982-10-07"
"T 2877-00","2002-03-20","NJA 1980 s. 705",NA,NA
"T 2932-05","2007-02-20","NJA 1991 s. 808","T 543-89","1991-12-27"
"T 2932-05","2007-02-20","NJA 1964 s. 239",NA,NA
"T 2932-05","2007-02-20","NJA 1934 s. 533",NA,NA
"T 2932-05","2007-02-20","NJA 1985 s. 274","T 336-83","1985-04-03"
"T 2932-05","2007-02-20","NJA 1961 s. 137",NA,NA
"T 2932-05","2007-02-20","NJA 1981 s. 815","T 39-80","1981-06-25"
"T 2932-05","2007-02-20","NJA 1981 s. 815","T 39-80","1981-06-25"
"T 2932-05","2007-02-20","NJA 1985 s. 274","T 336-83","1985-04-03"
"T 2932-05","2007-02-20","NJA 1979 s. 790",NA,NA
"T 2982-01","2003-05-09","NJA 1995 s. 635",NA,NA
"T 2982-01","2003-05-09","NJA 1995 s. 635",NA,NA
"T 3032-07","2009-05-05","NJA 1988 s. 620","T 416-86","1988-12-08"
"T 3032-07","2009-05-05","NJA 1988 s. 620","T 416-86","1988-12-08"
"T 3060-00","2002-09-19","NJA 1948 s. 127",NA,NA
"T 3070-06","2008-05-27","NJA 1998 s. 656 I",NA,NA
"T 3070-06","2008-05-27","NJA 1998 s. 656 I",NA,NA
"T 3070-06","2008-05-27","NJA 1998 s. 656 I",NA,NA
"T 3070-06","2008-05-27","NJA 1998 s. 656 I",NA,NA
"T 3084-05","2007-02-09","NJA 1982 s. 301","T 29-81","1982-05-19"
"T 3084-05","2007-02-09","NJA 1992 s. 403","T 485-90","1992-06-25"
"T 3084-05","2007-02-09","NJA 1991 s. 319","T 435-90","1991-05-28"
"T 3084-05","2007-02-09","NJA 1987 s. 553","T 307-85","1987-06-03"
"T 3088-05","2007-10-09","NJA 2007 s. 413",NA,NA
"T 3088-05","2007-10-09","NJA 1998 s. 545",NA,NA
"T 3088-05","2007-10-09","NJA 1987 s. 3","T 238-85","1987-01-12"
"T 3088-05","2007-10-09","NJA 2007 s. 413",NA,NA
"T 3088-05","2007-10-09","NJA 1998 s. 545",NA,NA
"T 3088-05","2007-10-09","NJA 1987 s. 3","T 238-85","1987-01-12"
"T 3088-05","2007-10-09","NJA 1979 s. 451",NA,NA
"T 3088-05","2007-10-09","NJA 2007 s. 413",NA,NA
"T 3088-05","2007-10-09","NJA 1987 s. 3","T 238-85","1987-01-12"
"T 3088-05","2007-10-09","NJA 1952 s. 407",NA,NA
"T 3088-05","2007-10-09","NJA 1916 s. 656",NA,NA
"T 3123-05","2008-01-04","NJA 1989 s. 581","T 95-88","1989-10-13"
"T 3126-07","2009-06-10","NJA 2008 s. 748",NA,NA
"T 3126-07","2009-06-10","NJA 2008 s. 748",NA,NA
"T 3286-02","2003-10-10","NJA 2001 s. 731",NA,NA
"T 3286-02","2003-10-10","NJA 1999 s. 544",NA,NA
"T 3286-02","2003-10-10","NJA 1998 s. 232",NA,NA
"T 3305-05","2008-02-05","NJA 1980 s. 203",NA,NA
"T 3379-06","2008-05-20","NJA 1999 A 2-4",NA,NA
"T 3379-06","2008-05-20","NJA 2001 s. 22",NA,NA
"T 3379-06","2008-05-20","NJA 1984 s. 648","T 488-83","1984-09-12"
"T 3379-06","2008-05-20","NJA 1999 A 2-4",NA,NA
"T 3379-06","2008-05-20","NJA 1994 s. 657",NA,NA
"T 3379-06","2008-05-20","NJA 2002 s. 288",NA,NA
"T 3379-06","2008-05-20","NJA 2001 s. 22",NA,NA
"T 3379-06","2008-05-20","NJA 1996 s. 202",NA,NA
"T 3379-06","2008-05-20","NJA 1984 s. 648","T 488-83","1984-09-12"
"T 3379-06","2008-05-20","NJA 1991 s. 363","T 225-90","1991-06-13"
"T 3379-06","2008-05-20","NJA 1988 s. 552",NA,NA
"T 3379-06","2008-05-20","NJA 1994 s. 657",NA,NA
"T 3379-06","2008-05-20","NJA 1999 A 2-4",NA,NA
"T 3379-06","2008-05-20","NJA 2002 s. 288",NA,NA
"T 3379-06","2008-05-20","NJA 1996 s. 202",NA,NA
"T 3379-06","2008-05-20","NJA 1984 s. 648","T 488-83","1984-09-12"
"T 3390-07","2009-12-22","NJA 1931 s. 741",NA,NA
"T 3390-07","2009-12-22","NJA 1985 s. 121","T 336-81","1985-02-15"
"T 3406-02","2003-06-25","NJA 1926 s. 617",NA,NA
"T 3424-01","2004-07-06","NJA 1983 s. 628",NA,NA
"T 3424-01","2004-07-06","NJA 1983 s. 628",NA,NA
"T 3424-01","2004-07-06","NJA 1944 s. 310",NA,NA
"T 3424-01","2004-07-06","NJA 1983 s. 628",NA,NA
"T 3584-01","2004-07-12","NJA 2002 s. 358",NA,NA
"T 3584-01","2004-07-12","NJA 2002 s. 362",NA,NA
"T 3771-06","2010-01-14","NJA 2000 s. 637",NA,NA
"T 3771-06","2010-01-14","NJA 1979 s. 180",NA,NA
"T 3771-06","2010-01-14","NJA 1979 s. 180",NA,NA
"T 3771-06","2010-01-14","NJA 2000 s. 637",NA,NA
"T 3771-06","2010-01-14","NJA 2001 s. 310",NA,NA
"T 3771-06","2010-01-14","NJA 1996 s. 310",NA,NA
"T 394-07","2008-05-06","NJA 1984 s. 205",NA,NA
"T 394-07","2008-05-06","NJA 1978 s. 526",NA,NA
"T 394-07","2008-05-06","NJA 1991 s. 376",NA,NA
"T 394-07","2008-05-06","NJA 1984 s. 673",NA,NA
"T 394-07","2008-05-06","NJA 1970 s. 469",NA,NA
"T 394-07","2008-05-06","NJA 1991 s. 376",NA,NA
"T 399-07","2008-12-29","NJA 1996 s. 282","T 36-92","1996-05-07"
"T 399-07","2008-12-29","NJA 1989 s. 3","T 594-87","1989-01-11"
"T 399-07","2008-12-29","NJA 1982 s. 135","T 328-81","1982-03-26"
"T 399-07","2008-12-29","NJA 1996 s. 282","T 36-92","1996-05-07"
"T 399-07","2008-12-29","NJA 1989 s. 3","T 594-87","1989-01-11"
"T 399-07","2008-12-29","NJA 1996 s. 282","T 36-92","1996-05-07"
"T 399-07","2008-12-29","NJA 1982 s. 135","T 328-81","1982-03-26"
"T 399-07","2008-12-29","NJA 1989 s. 3","T 594-87","1989-01-11"
"T 4017-02","2004-02-24","NJA 1979 s. 293",NA,NA
"T 4018-01","2004-06-24","NJA 1992 s. 414","T 338-90","1992-06-26"
"T 4018-01","2004-06-24","NJA 1965 s. 224",NA,NA
"T 4018-01","2004-06-24","NJA 1992 s. 414","T 338-90","1992-06-26"
"T 4018-01","2004-06-24","NJA 1992 s. 414","T 338-90","1992-06-26"
"T 4018-01","2004-06-24","NJA 1992 s. 414","T 338-90","1992-06-26"
"T 4018-01","2004-06-24","NJA 1992 s. 414","T 338-90","1992-06-26"
"T 4028-07","2011-04-27","NJA 1982 s. 69","T 226-77","1982-01-15"
"T 4028-07","2011-04-27","NJA 1981 s. 1","T 324-76","1981-01-29"
"T 4101-06","2008-06-05","NJA 1953 s. 409",NA,NA
"T 4133-06","2009-02-03","NJA 2007 s. 758",NA,NA
"T 4133-06","2009-02-03","NJA 2007 s. 758",NA,NA
"T 4133-06","2009-02-03","NJA 1949 s. 289",NA,NA
"T 4133-06","2009-02-03","NJA 2004 s. 609",NA,NA
"T 4133-06","2009-02-03","NJA 1988 s. 62","T 516-86","1988-03-07"
"T 4133-06","2009-02-03","NJA 1972 s. 598",NA,NA
"T 4133-06","2009-02-03","NJA 1966 s. 210",NA,NA
"T 4133-06","2009-02-03","NJA 1972 s. 598",NA,NA
"T 4133-06","2009-02-03","NJA 1966 s. 210",NA,NA
"T 4133-06","2009-02-03","NJA 2006 s. 678",NA,NA
"T 4133-06","2009-02-03","NJA 1995 s. 478",NA,NA
"T 4133-06","2009-02-03","NJA 2004 s. 609",NA,NA
"T 4133-06","2009-02-03","NJA 2004 s. 609",NA,NA
"T 4133-06","2009-02-03","NJA 1966 s. 210",NA,NA
"T 4133-06","2009-02-03","NJA 1988 s. 62","T 516-86","1988-03-07"
"T 4133-06","2009-02-03","NJA 1972 s. 598",NA,NA
"T 4133-06","2009-02-03","NJA 1966 s. 210",NA,NA
"T 4133-06","2009-02-03","NJA 2004 s. 609",NA,NA
"T 4171-05","2007-07-02","NJA 1999 s. 617","T 5043-97","1999-10-06"
"T 4171-05","2007-07-02","NJA 1989 s. 206","T 101-88","1989-05-12"
"T 4171-05","2007-07-02","NJA 1946 s. 122",NA,NA
"T 4171-05","2007-07-02","NJA 1999 s. 617","T 5043-97","1999-10-06"
"T 4233-01","2005-03-18","NJA 2002 s. 41",NA,NA
"T 4233-01","2005-03-18","NJA 1989 s. 224","T 67-87","1989-05-31"
"T 4233-01","2005-03-18","NJA 1956 s. 209",NA,NA
"T 4233-01","2005-03-18","NJA 1988 s. 457","T 312-86","1988-09-27"
"T 4233-01","2005-03-18","NJA 1985 s. 352","T 269-83","1985-04-12"
"T 4233-01","2005-03-18","NJA 1989 s. 224","T 67-87","1989-05-31"
"T 4233-01","2005-03-18","NJA 1933 s. 25",NA,NA
"T 4233-01","2005-03-18","NJA 1989 s. 224","T 67-87","1989-05-31"
"T 4233-01","2005-03-18","NJA 2002 s. 41",NA,NA
"T 4233-01","2005-03-18","NJA 1956 s. 209",NA,NA
"T 4233-01","2005-03-18","NJA 2002 s. 41",NA,NA
"T 4233-01","2005-03-18","NJA 2002 s. 41",NA,NA
"T 4233-01","2005-03-18","NJA 1999 s. 575","T 5125-96","1999-09-17"
"T 4233-01","2005-03-18","NJA 1933 s. 25",NA,NA
"T 4233-01","2005-03-18","NJA 1989 s. 224","T 67-87","1989-05-31"
"T 4233-01","2005-03-18","NJA 1956 s. 209",NA,NA
"T 4233-01","2005-03-18","NJA 2002 s. 41",NA,NA
"T 3743-13","2014-12-29","NJA 1981 s. 988",NA,NA
"T 3743-13","2014-12-29","NJA 1980 s. 630",NA,NA
"T 3743-13","2014-12-29","NJA 1979 s. 481",NA,NA
"T 1352-98","1999-03-30","NJA 1990 s. 656",NA,NA
"T 1352-98","1999-03-30","NJA 1952 s. 63",NA,NA
"T 1352-98","1999-03-30","NJA 1997 s. 157",NA,NA
"T 1352-98","1999-03-30","NJA 1993 s. 120",NA,NA
"T 1352-98","1999-03-30","NJA 1973 s. 635",NA,NA
"T 1352-98","1999-03-30","NJA 1982 s. 900",NA,NA
"T 1352-98","1999-03-30","NJA 1989 s. 185",NA,NA
"T 3134-98","2001-12-19","NJA 1987 s. 692","T 573-85","1987-10-14"
"T 1782-93","1995-02-03","NJA 1992 s 782",NA,NA
"T 1782-93","1995-02-03","NJA 1988 s 312",NA,NA
"T 1782-93","1995-02-03","NJA 1982 s 366",NA,NA
"B 2613-11","2011-10-21","HD B 2613-11",NA,NA
"B 2613-11","2011-10-21","HD B 5412-10",NA,NA
"B 2613-11","2011-10-21","HD B 5412-10",NA,NA
"B 2613-11","2011-10-21","HD B 5412-10",NA,NA
"T 176-12","2014-11-28","NJA 2007 s. 758",NA,NA
"T 176-12","2014-11-28","NJA 2007 s. 758",NA,NA
"T 176-12","2014-11-28","NJA 2007 s. 758",NA,NA
"T 176-12","2014-11-28","NJA 2007 s. 758",NA,NA
"T 176-12","2014-11-28","NJA 1949 s. 289",NA,NA
"T 176-12","2014-11-28","NJA 1986 s. 712","T 117-83","1986-12-12"
"T 176-12","2014-11-28","NJA 1995 s. 197",NA,NA
"T 25-16","2019-07-11","NJA 2018 s. 834",NA,NA
"T 5180-11","2013-10-18","NJA 1957 s. 621",NA,NA
"T 5180-11","2013-10-18","NJA 1994 s. 194",NA,NA
"T 5180-11","2013-10-18","NJA 1994 s. 194",NA,NA
"T 5180-11","2013-10-18","NJA 1994 s. 194",NA,NA
"T 5180-11","2013-10-18","NJA 1994 s. 194",NA,NA
"T 81-12","2013-07-04","NJA 2001 s. 889",NA,NA
"T 854-12","2013-09-19","NJA 2013 s. 441",NA,NA
"T 854-12","2013-09-19","NJA 2004 s. 336",NA,NA
"B 321-00","2000-06-06","HD B 93-004",NA,NA
"B 321-00","2000-06-06","HD B 2393-993",NA,NA
"T 1657-06","2008-06-11","NJA 2007 s. 413",NA,NA
"T 1657-06","2008-06-11","NJA 1977 s. 20",NA,NA
"T 1657-06","2008-06-11","NJA 1997 s. 660",NA,NA
"T 1657-06","2008-06-11","NJA 2000 s. 88",NA,NA
"T 1657-06","2008-06-11","NJA 2007 s. 413",NA,NA
"T 1657-06","2008-06-11","NJA 1987 s. 500","T 75-85","1987-05-18"
"T 1657-06","2008-06-11","NJA 1976 s. 523",NA,NA
"T 1657-06","2008-06-11","NJA 1998 s. 545",NA,NA
"T 1657-06","2008-06-11","NJA 1987 s. 3","T 238-85","1987-01-12"
"T 1657-06","2008-06-11","NJA 2007 s. 413",NA,NA
"T 1657-06","2008-06-11","NJA 1998 s. 545",NA,NA
"T 1657-06","2008-06-11","NJA 1972 s. 246",NA,NA
"T 1657-06","2008-06-11","NJA 2000 s. 88",NA,NA
"T 1657-06","2008-06-11","NJA 1949 s. 164",NA,NA
"T 1657-06","2008-06-11","NJA 1989 s. 705",NA,NA
"T 1657-06","2008-06-11","NJA 1986 s. 217",NA,NA
"T 1657-06","2008-06-11","NJA 1956 s. 485",NA,NA
"T 1657-06","2008-06-11","NJA 1975 s. 638",NA,NA
"T 1657-06","2008-06-11","NJA 1997 s. 660",NA,NA
"T 1657-06","2008-06-11","NJA 1985 s. 159","T 163-83","1985-02-25"
"T 1657-06","2008-06-11","NJA 1949 s. 164",NA,NA
"T 1657-06","2008-06-11","NJA 1916 s. 666",NA,NA
"T 1657-06","2008-06-11","NJA 1987 s. 3","T 238-85","1987-01-12"
"T 1657-06","2008-06-11","NJA 1925 s. 130",NA,NA
"T 1657-06","2008-06-11","NJA 1912 s. 156",NA,NA
"T 4101-06","2008-06-05","NJA 1975 s. 222",NA,NA
"T 4286-00","2003-12-19","NJA 1999 s. 385","T 4434-95","1999-06-14"
"T 4286-00","2003-12-19","NJA 1988 s. 376",NA,NA
"T 4286-00","2003-12-19","NJA 1977 s. 424",NA,NA
"T 4286-00","2003-12-19","NJA 1998 s. 62",NA,NA
"T 44-07","2009-03-06","NJA 1984 s. 693",NA,NA
"T 44-07","2009-03-06","NJA 1932 s. 292",NA,NA
"T 44-07","2009-03-06","NJA 1959 s. 590",NA,NA
"T 44-07","2009-03-06","NJA 1908 s. 449",NA,NA
"T 44-07","2009-03-06","NJA 1932 s. 292",NA,NA
"T 4406-01","2002-12-16","NJA 1993 s. 570",NA,NA
"T 4406-01","2002-12-16","NJA 1961 s. 26",NA,NA
"T 4474-07","2009-02-19","NJA 1989 s. 177","T 568-87","1989-05-08"
"T 4474-07","2009-02-19","NJA 1958 s. 117",NA,NA
"T 4474-07","2009-02-19","NJA 1958 s. 117",NA,NA
"T 4474-07","2009-02-19","NJA 1989 s. 177","T 568-87","1989-05-08"
"T 4509-02","2004-05-25","NJA 1961 s. 642",NA,NA
"T 4509-02","2004-05-25","NJA 1961 s. 642",NA,NA
"T 4675-01","2004-12-29","NJA 1982 s. 641",NA,NA
"T 4675-01","2004-12-29","NJA 1975 s. 575",NA,NA
"T 4750-07","2009-04-16","NJA 1999 s. 793","T 5786-96","1999-12-30"
"T 4750-07","2009-04-16","NJA 1985 s. 178","T 45-83","1985-03-18"
"T 4750-07","2009-04-16","NJA 1963 s. 502",NA,NA
"T 4750-07","2009-04-16","NJA 1999 s. 793","T 5786-96","1999-12-30"
"T 4750-07","2009-04-16","NJA 1963 s. 502",NA,NA
"T 4750-07","2009-04-16","NJA 1985 s. 178","T 45-83","1985-03-18"
"T 4816-05","2007-10-17","NJA 1996 s. 657",NA,NA
"T 4816-05","2007-10-17","NJA 1949 s. 144",NA,NA
"T 4816-05","2007-10-17","NJA 1996 s. 657",NA,NA
"T 4816-05","2007-10-17","NJA 1949 s. 144",NA,NA
"T 4961-05","2007-07-06","NJA 1994 s. 287",NA,NA
"T 4961-05","2007-07-06","NJA 1997 s. 514","T 5013-96","1997-07-10"
"T 4990-07","2010-07-08","NJA 1993 s. 22",NA,NA
"T 4990-07","2010-07-08","NJA 1991 s. 671",NA,NA
"T 4990-07","2010-07-08","NJA 2008 s. 1004",NA,NA
"T 4990-07","2010-07-08","NJA 1993 s. 22",NA,NA
"T 4990-07","2010-07-08","NJA 1986 s. 10",NA,NA
"T 4990-07","2010-07-08","NJA 1991 s. 671",NA,NA
"T 5072-06","2010-11-25","NJA 2008 s. 848",NA,NA
"T 5072-06","2010-11-25","NJA 2008 s. 848",NA,NA
"T 593-06","2008-03-19","NJA 1998 s. 438",NA,NA
"T 593-06","2008-03-19","NJA 1998 s. 438",NA,NA
"T 593-06","2008-03-19","NJA 1976 s. 289",NA,NA
"T 593-06","2008-03-19","NJA 1973 s. 412",NA,NA
"T 593-06","2008-03-19","NJA 1976 s. 289",NA,NA
"T 672-06","2007-09-21","NJA 2007 s. 295",NA,NA
"T 672-06","2007-09-21","NJA 2007 s. 295",NA,NA
"T 672-06","2007-09-21","NJA 2007 s. 295",NA,NA
"T 672-06","2007-09-21","NJA 2007 s. 295",NA,NA
"T 672-06","2007-09-21","NJA 2003 s. 217",NA,NA
"T 672-06","2007-09-21","NJA 2007 s. 295",NA,NA
"T 672-06","2007-09-21","NJA 2007 s. 295",NA,NA
"T 672-06","2007-09-21","NJA 2007 s. 295",NA,NA
"T 672-06","2007-09-21","NJA 2003 s. 217",NA,NA
"T 823-00","2004-02-09","NJA 1948 s. 153",NA,NA
"T 823-00","2004-02-09","NJA 1931 s. 663",NA,NA
"T 823-00","2004-02-09","NJA 1948 s. 152",NA,NA
"T 823-00","2004-02-09","NJA 1931 s. 663",NA,NA
"T 871-05","2007-05-11","NJA 1961 s. 380",NA,NA
"T 871-05","2007-05-11","NJA 1924 s. 177",NA,NA
"T 989-02","2003-06-19","NJA 1994 s. 194",NA,NA
"T 989-02","2003-06-19","NJA 1994 s. 194",NA,NA
"B 1020-90","1992-03-10","NJA 1981 s. 513","B 594-80","1981-04-06"
"B 1020-90","1992-03-10","NJA 1981 s. 513","B 594-80","1981-04-06"
"B 1192-92","1992-12-10","NJA 1951 C 729",NA,NA
"B 1192-92","1992-12-10","NJA 1954 s. 464",NA,NA
"B 1192-92","1992-12-10","NJA 1947 s. 8",NA,NA
"B 1192-97","1998-12-10","NJA 1980 s. 94",NA,NA
"B 1192-97","1998-12-10","NJA 1959 s. 134",NA,NA
"B 1234-97","1998-06-17","NJA 1981 s. 1169","B 109-81","1981-12-04"
"B 1234-97","1998-06-17","NJA 1980 s. 681",NA,NA
"B 1259-92","1993-03-04","NJA 1991 s. 83","B 1095-90","1991-02-15"
"B 129-90","1990-03-20","NJA 1988 s. 55","B 979-87","1988-02-15"
"B 129-90","1990-03-20","NJA 1983 s. 500","B 283-83","1983-06-23"
"B 129-90","1990-03-20","NJA 1982 s. 511","B 620-82","1982-09-03"
"B 129-90","1990-03-20","NJA 1979 s. 139",NA,NA
"B 140-91","1992-02-05","NJA 1960 s. 522",NA,NA
"B 1469-95","1995-06-26","NJA 1962 s. 56",NA,NA
"B 1469-95","1995-06-26","NJA 1991 s. 332","B 358-91","1991-05-31"
"B 1469-95","1995-06-26","NJA 1991 s. 332","B 358-91","1991-05-31"
"B 1469-95","1995-06-26","NJA 1954 s. 406",NA,NA
"B 1469-95","1995-06-26","NJA 1989 s. 456","B 697-88","1989-07-26"
"B 1673-92","1992-07-02","NJA 1991 s. 83","B 1095-90","1991-02-15"
"B 179-90","1990-06-21","NJA 1975 s. 594",NA,NA
"B 184-96","1998-10-23","NJA 1989 s. 177","T 568-87","1989-05-08"
"B 1906-91","1992-01-21","NJA 1982 s. 143","B 601-81","1982-03-15"
"B 1906-91","1992-01-21","NJA 1967 s. 93",NA,NA
"B 2200-91","1992-04-03","NJA 1978 s. 452",NA,NA
"B 2200-91","1992-04-03","NJA 1986 s. 105","B 569-85","1986-02-28"
"B 2200-91","1992-04-03","NJA 1978 s. 452",NA,NA
"B 2251-92","1993-02-24","NJA 1979 s. 620",NA,NA
"B 2251-92","1993-02-24","NJA 1979 s. 620",NA,NA
"B 2251-92","1993-02-24","NJA 1988 s. 62","T 516-86","1988-03-07"
"B 2251-92","1993-02-24","NJA 1979 s. 620",NA,NA
"B 2251-92","1993-02-24","NJA 1971 s. 78",NA,NA
"B 2321-92","1993-06-14","NJA 1954 s. 464",NA,NA
"B 2346-95","1997-03-25","NJA 1975 s. 563",NA,NA
"B 2346-95","1997-03-25","NJA 1975 s. 563",NA,NA
"B 2465-91","1992-06-02","NJA 1991 s. 163","B 483-89","1991-02-11"
"B 2465-91","1992-06-02","NJA 1980 s. 451",NA,NA
"B 2473-95","1997-05-07","NJA 1948 s. 307",NA,NA
"B 2473-95","1997-05-07","NJA 1948 s. 307",NA,NA
"B 2473-95","1997-05-07","NJA 1948 s. 307",NA,NA
"B 2555-96","1996-08-21","NJA 1991 s. 228","B 560-90","1991-03-26"
"B 2555-96","1996-08-21","NJA 1950 s. 263",NA,NA
"B 263-91","1993-06-03","NJA 1991 s. 247","B 611-90","1991-03-28"
"B 264-96","1996-07-11","NJA 1979 s. 335",NA,NA
"B 2677-95","1996-10-18","NJA 1974 s. 52",NA,NA
"B 2683-92","1993-03-29","NJA 1982 s. 621","B 1038-81","1982-10-12"
"B 273-97","1997-10-09","NJA 1990 s. 84 II",NA,NA
"B 273-97","1997-10-09","NJA 1990 s. 84 II",NA,NA
"B 273-97","1997-10-09","NJA 1989 s. 810","B 814-88","1989-12-20"
"B 2833-91","1993-10-20","NJA 1981 s. 477","B 73-80","1981-04-09"
"B 2853-92","1992-09-14","NJA 1984 s. 559",NA,NA
"B 2853-92","1992-09-14","NJA 1963 s. 555",NA,NA
"B 2853-92","1992-09-14","NJA 1983 s. 410",NA,NA
"B 2853-92","1992-09-14","NJA 1992 s. 363",NA,NA
"B 2853-92","1992-09-14","NJA 1991 s. 512","B 779-91_B YT UT 022-04-04","1991-10-08"
"B 2853-92","1992-09-14","NJA 1991 s. 188",NA,NA
"B 2853-92","1992-09-14","NJA 1988 s. 572",NA,NA
"B 2853-92","1992-09-14","NJA 1991 s. 512","B 779-91_B YT UT 022-04-04","1991-10-08"
"B 2923-95","1996-02-26","NJA 1981 s. 1057","B 976-80","1981-11-17"
"B 2923-95","1996-02-26","NJA 1985 s. 757","B 910-85","1985-12-05"
"B 2977-92","1992-09-28","NJA 1991 s. 241",NA,NA
"B 3064-92","1992-11-26","NJA 1985 s. 544","B 728-85","1985-08-27"
"B 316-92","1995-04-19","NJA 1919 s. 1",NA,NA
"B 316-92","1995-04-19","NJA 1980 s. 497",NA,NA
"B 316-92","1995-04-19","NJA 1945 s. 440",NA,NA
"B 316-92","1995-04-19","NJA 1980 s. 497",NA,NA
"B 316-92","1995-04-19","NJA 1980 s. 497",NA,NA
"B 3188-95","1996-12-27","NJA 1988 s. 665","B 1112-86","1988-12-13"
"B 3188-95","1996-12-27","NJA 1987 s. 194","B 805-85","1987-04-06"
"B 3345-96","1996-10-02","NJA 1993 s. 11",NA,NA
"B 3345-96","1996-10-02","NJA 1993 s. 411",NA,NA
"B 3345-96","1996-10-02","NJA 1988 s. 55","B 979-87","1988-02-15"
"B 3345-96","1996-10-02","NJA 1985 s. 757","B 910-85","1985-12-05"
"B 3478-95","1995-08-30","NJA 1989 s. 97","B 1224-88","1989-03-10"
"B 3478-95","1995-08-30","NJA 1987 s. 33","B 1074-86","1987-01-27"
"B 3478-95","1995-08-30","NJA 1975 s. 594",NA,NA
"B 3478-95","1995-08-30","NJA 1989 s. 97","B 1224-88","1989-03-10"
"B 3478-95","1995-08-30","NJA 1987 s. 33","B 1074-86","1987-01-27"
"B 3478-95","1995-08-30","NJA 1975 s. 594",NA,NA
"B 3530-97","1998-04-03","NJA 1996 s. 649",NA,NA
"B 3604-97","1997-12-29","NJA 1984 s. 745","B 648-83","1984-10-31"
"B 370-91","1993-03-31","NJA 1983 s. 612","B 17-82","1983-09-23"
"B 370-91","1993-03-31","NJA 1983 s. 612","B 17-82","1983-09-23"
"B 370-91","1993-03-31","NJA 1948 s. 584",NA,NA
"B 370-91","1993-03-31","NJA 1988 s. 665","B 1112-86","1988-12-13"
"B 384-90","1990-12-06","NJA 1988 s. 351","B 1115-87","1988-06-28"
"B 384-90","1990-12-06","NJA 1986 s. 663","B 447-85","1986-12-01"
"B 384-90","1990-12-06","NJA 1985 s. 384","B 1150-83","1985-05-29"
"B 412-91","1992-02-12","NJA 1969 s. 397",NA,NA
"B 4367-97","1998-12-21","NJA 1985 s. 893","B 696-83","1985-12-23"
"B 4406-97","2000-07-12","NJA 1949 s. 529",NA,NA
"B 442-92","1992-04-13","NJA 1954 s. 393",NA,NA
"B 442-92","1992-04-13","NJA 1991 s. 512 II",NA,NA
"B 4435-95","1997-10-20","NJA 1983 s. 425","B 205-83","1983-06-01"
"B 4435-95","1997-10-20","NJA 1987 s. 201","B 950-86","1987-04-10"
"B 465-92","1993-12-16","NJA 1976 B 29",NA,NA
"B 465-92","1993-12-16","NJA 1979 s. 555",NA,NA
"B 465-92","1993-12-16","NJA 1976 B 29",NA,NA
"B 465-92","1993-12-16","NJA 1979 s. 555",NA,NA
"B 4808-97","1998-05-20","NJA 1987 s. 130","B 1194-85","1987-02-20"
"B 4808-97","1998-05-20","NJA 1986 s. 652","B 556-86","1986-11-19"
"B 4808-97","1998-05-20","NJA 1984 s. 710","B 965-83","1984-10-17"
"B 4808-97","1998-05-20","NJA 1983 s. 205","B 993-82","1983-03-09"
"B 4903-95","1996-03-18","NJA 1970 B 43",NA,NA
"B 4903-95","1996-03-18","NJA 1958 s. 4",NA,NA
"B 4903-95","1996-03-18","NJA 1991 s. 83","B 1095-90","1991-02-15"
"B 4903-95","1996-03-18","NJA 1980 s. 725",NA,NA
"B 4922-95","1996-06-27","NJA 1991 s. 228","B 560-90","1991-03-26"
"B 5045-95","1998-11-19","NJA 1984 s. 564","B 1118-83","1984-07-13"
"B 5045-95","1998-11-19","NJA 1980 s. 179",NA,NA
"B 5045-95","1998-11-19","NJA 1946 s. 431",NA,NA
"B 5045-95","1998-11-19","NJA 1941 s. 468",NA,NA
"B 5045-95","1998-11-19","NJA 1984 s. 564","B 1118-83","1984-07-13"
"B 5045-95","1998-11-19","NJA 1980 s. 179",NA,NA
"B 5045-95","1998-11-19","NJA 1946 s. 431",NA,NA
"B 5045-95","1998-11-19","NJA 1941 s. 468",NA,NA
"B 5045-95","1998-11-19","NJA 1980 s. 179",NA,NA
"B 5045-96","1997-07-11","NJA 1986 s. 736","B 643-85","1986-12-22"
"B 5045-96","1997-07-11","NJA 1983 s. 754","B 813-83","1983-11-23"
"B 5045-96","1997-07-11","NJA 1983 s. 754","B 407-83","1983-11-23"
"B 519-90","1990-11-01","NJA 1989 s. 131","B 349-88","1989-03-22"
"B 519-90","1990-11-01","NJA 1989 s. 131","B 349-88","1989-03-22"
"B 519-90","1990-11-01","NJA 1989 s. 131","B 349-88","1989-03-22"
"B 5491-96","1997-10-27","NJA 1989 s. 374","T 17-88","1989-06-28"
"B 5491-96","1997-10-27","NJA 1989 s. 700","T 180-87","1989-12-01"
"B 5491-96","1997-10-27","NJA 1982 s. 559","T 167-81","1982-09-21"
"B 5491-96","1997-10-27","NJA 1980 s. 657 II",NA,NA
"B 5491-96","1997-10-27","NJA 1979 s. 567",NA,NA
"B 5491-96","1997-10-27","NJA 1978 s. 383",NA,NA
"B 5491-96","1997-10-27","NJA 1975 s. 334",NA,NA
"B 5491-96","1997-10-27","NJA 1976 s. 409",NA,NA
"B 5491-96","1997-10-27","NJA 1973 s. 623",NA,NA
"B 5491-96","1997-10-27","NJA 1989 s. 374","T 17-88","1989-06-28"
"B 5491-96","1997-10-27","NJA 1989 s. 700","T 180-87","1989-12-01"
"B 5491-96","1997-10-27","NJA 1982 s. 559","T 167-81","1982-09-21"
"B 5491-96","1997-10-27","NJA 1980 s. 657 II",NA,NA
"B 5491-96","1997-10-27","NJA 1979 s. 567",NA,NA
"B 5491-96","1997-10-27","NJA 1978 s. 383",NA,NA
"B 5491-96","1997-10-27","NJA 1975 s. 334",NA,NA
"B 5491-96","1997-10-27","NJA 1976 s. 409",NA,NA
"B 5491-96","1997-10-27","NJA 1973 s. 623",NA,NA
"B 5491-96","1997-10-27","HD T 5013-961",NA,NA
"B 5690-95","1996-12-12","NJA 1991 s. 507","B 887-90","1991-10-11"
"B 5690-95","1996-12-12","NJA 1990 s. 84 I och II",NA,NA
"B 5745-96","1997-03-04","NJA 1971 s. 186",NA,NA
"B 584-91","1992-09-02","NJA 1960 s. 442",NA,NA
"B 761-92","1993-04-08","NJA 1986 s. 392","B 592-85","1986-07-14"
"B 761-92","1993-04-08","NJA 1986 s. 392","B 295-85","1986-07-14"
"B 761-92","1993-04-08","NJA 1986 s. 392","B 592-85","1986-07-14"
"B 761-92","1993-04-08","NJA 1986 s. 392","B 295-85","1986-07-14"
"B 903-92","1992-10-07","NJA 1983 s. 899","B 284-83","1983-12-28"
"B 903-92","1992-10-07","NJA 1981 s. 474","B 697-80","1981-04-08"
"B 903-92","1992-10-07","NJA 1986 s. 511","B 308-85","1986-09-24"
"B 903-95","1997-06-12","NJA 1937 s. 351",NA,NA
"B 903-95","1997-06-12","NJA 1971 s. 122",NA,NA
"B 93-90","1990-05-11","NJA 1986 s. 489","B 6-85","1986-09-24"
"B 93-90","1990-05-11","NJA 1988 s. 534","B 94-86","1988-11-16"
"T 107-96","1999-10-18","NJA 1996 s. 377","T 4634-95","1996-06-13"
"T 107-96","1999-10-18","NJA 1996 s. 377","T 4634-95","1996-06-13"
"T 107-96","1999-10-18","NJA 1996 s. 377","T 4634-95","1996-06-13"
"T 107-96","1999-10-18","NJA 1996 s. 377","T 4634-95","1996-06-13"
"T 107-96","1999-10-18","NJA 1993 s. 41 I och II",NA,NA
"T 107-96","1999-10-18","NJA 1996 s. 377","T 4634-95","1996-06-13"
"T 107-96","1999-10-18","NJA 1993 s. 41 I och II",NA,NA
"T 107-96","1999-10-18","NJA 1996 s. 377","T 4634-95","1996-06-13"
"T 107-96","1999-10-18","NJA 1993 s. 41 I och II",NA,NA
"T 107-96","1999-10-18","NJA 1979 s. 620",NA,NA
"T 107-96","1999-10-18","NJA 1971 s. 78",NA,NA
"T 1138-97","1998-05-25","NJA 1992 s. 782","T 611-92","1992-12-07"
"T 114-90","1992-02-26","NJA 1991 s. 481","T 335-90","1991-09-20"
"T 114-90","1992-02-26","NJA 1982 s. 421","T 97-81","1982-07-21"
"T 114-90","1992-02-26","NJA 1981 s. 622","T 252-77","1981-04-29"
"T 114-90","1992-02-26","NJA 1977 s. 176",NA,NA
"T 1154-92","1996-04-11","NJA 1939 s. 70",NA,NA
"T 1154-92","1996-04-11","NJA 1921 s. 382",NA,NA
"T 1247-97","1999-04-07","NJA 1983 s. 617","T 419-81","1983-09-29"
"T 1247-97","1999-04-07","NJA 1983 s. 617","T 419-81","1983-09-29"
"T 1247-97","1999-04-07","NJA 1991 s. 481","T 335-90","1991-09-20"
"T 1247-97","1999-04-07","NJA 1983 s. 617","T 419-81","1983-09-29"
"T 142-90","1992-06-30","NJA 1982 s. 793","T 162-81","1982-12-07"
"T 142-95","1997-05-16","NJA 1986 s. 6701",NA,NA
"T 142-95","1997-05-16","NJA 1979 s. 790",NA,NA
"T 143-90","1992-04-10","NJA 1979 s. 670",NA,NA
"T 143-90","1992-04-10","NJA 1945 s. 440",NA,NA
"T 143-90","1992-04-10","NJA 1948 s. 646",NA,NA
"T 1475-95","1996-10-30","NJA 1989 s. 736",NA,NA
"T 1475-95","1996-10-30","NJA 1990 s. 562","T 20-88","1990-09-26"
"T 1475-95","1996-10-30","NJA 1989 s. 705",NA,NA
"T 1475-95","1996-10-30","NJA 1987 s. 105",NA,NA
"T 1475-95","1996-10-30","NJA 1990 s. 562","T 20-88","1990-09-26"
"T 1475-95","1996-10-30","NJA 1987 s. 105",NA,NA
"T 167-91","1994-01-31","NJA 1988 s. 457","T 312-86","1988-09-27"
"T 1691-91","1992-04-15","NJA 1990 s. 49","T 560-87","1990-02-27"
"T 1691-91","1992-04-15","NJA 1990 s. 49","T 534-87","1990-02-27"
"T 1691-91","1992-04-15","NJA 1990 s. 49","T 48-88","1990-02-27"
"T 1712-95","1996-05-24","NJA 1969 s. 27",NA,NA
"T 1712-95","1996-05-24","NJA 1978 s. 194",NA,NA
"T 1712-95","1996-05-24","NJA 1987 s. 407","T 280-85","1987-05-07"
"T 179-90","1992-08-12","NJA 1992 s. 58","T 447-90","1992-02-18"
"T 1824-92","1992-11-25","NJA 1983 s. 379","T 401-81","1983-05-26"
"T 1824-92","1992-11-25","NJA 1983 s. 379","T 401-81","1983-05-26"
"T 1841-97","1999-06-03","NJA 1998 s. 310","T 4483-97","1998-05-26"
"T 1841-97","1999-06-03","NJA 1998 s. 310","T 4483-97","1998-05-26"
"T 1893-91","1994-03-28","NJA 1990 s. 76",NA,NA
"T 193-90","1994-03-30","NJA 1933 s. 25",NA,NA
"T 196-91","1992-11-16","NJA 1948 s. 646",NA,NA
"T 2-95","1997-06-24","NJA 1990 s. 343",NA,NA
"T 2-95","1997-06-24","NJA 1951 s. 61",NA,NA
"T 2-95","1997-06-24","NJA 1976 s. 618",NA,NA
"T 2-95","1997-06-24","NJA 1951 s. 6",NA,NA
"T 2-95","1997-06-24","NJA 1976 s. 618",NA,NA
"T 2-95","1997-06-24","NJA 1976 s. 60",NA,NA
"T 2-95","1997-06-24","NJA 1951 s. 61",NA,NA
"T 2-95","1997-06-24","NJA 1988 s. 620","T 416-86","1988-12-08"
"T 2-95","1997-06-24","NJA 1951 s. 611",NA,NA
"T 203-90","1993-09-14","NJA 1920 s. 178",NA,NA
"T 203-90","1993-09-14","NJA 1951 s. 254",NA,NA
"T 203-90","1993-09-14","NJA 1914 s. 147",NA,NA
"T 203-90","1993-09-14","NJA 1917 A 555",NA,NA
"T 203-90","1993-09-14","NJA 1920 A 557",NA,NA
"T 203-90","1993-09-14","NJA 1922 A 165",NA,NA
"T 203-90","1993-09-14","NJA 1923 A 498",NA,NA
"T 203-90","1993-09-14","NJA 1945 A 261",NA,NA
"T 203-90","1993-09-14","NJA 1946 A 216",NA,NA
"T 203-90","1993-09-14","NJA 1920 A 398",NA,NA
"T 203-90","1993-09-14","NJA 1922 A 255",NA,NA
"T 203-90","1993-09-14","NJA 1924 A 472",NA,NA
"T 203-90","1993-09-14","NJA 1930 A 431",NA,NA
"T 203-90","1993-09-14","NJA 1930 A 352",NA,NA
"T 203-90","1993-09-14","NJA 1925 A 120",NA,NA
"T 203-90","1993-09-14","NJA 1930 A 175",NA,NA
"T 203-90","1993-09-14","NJA 1920 s. 511",NA,NA
"T 203-90","1993-09-14","NJA 1934 s. 533",NA,NA
"T 2047-97","1999-12-30","NJA 1987 s. 517",NA,NA
"T 2047-97","1999-12-30","NJA 1987 s. 18",NA,NA
"T 2047-97","1999-12-30","NJA 1930 s. 283",NA,NA
"T 2047-97","1999-12-30","NJA 1927 s. 176",NA,NA
"T 2080-95","1997-01-16","NJA 1981 s. 269",NA,NA
"T 2080-95","1997-01-16","NJA 1981 s. 269",NA,NA
"T 2080-95","1997-01-16","NJA 1985 s. 178","T 45-83","1985-03-18"
"T 2080-95","1997-01-16","NJA 1981 s. 271",NA,NA
"T 2080-95","1997-01-16","NJA 1993 s. 319","T 373-91","1993-06-24"
"T 2080-95","1997-01-16","NJA 1985 s. 178","T 45-83","1985-03-18"
"T 2080-95","1997-01-16","NJA 1981 s. 269",NA,NA
"T 2080-95","1997-01-16","NJA 1974 s. 508",NA,NA
"T 2080-95","1997-01-16","NJA 1936 s. 368",NA,NA
"T 2172-91","1993-05-05","NJA 1982 s. 793","T 162-81","1982-12-07"
"T 2172-91","1993-05-05","NJA 1982 s. 793","T 162-81","1982-12-07"
"T 221-90","1992-04-15","NJA 1991 s. 766","B 2008-91","1991-12-19"
"T 224-91","1992-11-25","NJA 1962 s. 469",NA,NA
"T 224-91","1992-11-25","NJA 1961 s. 425",NA,NA
"T 225-91","1992-12-28","NJA 1957 s. 1",NA,NA
"T 225-91","1992-12-28","NJA 1957 s. 1",NA,NA
"T 227-97","1999-05-20","NJA 1987 s. 535","T 474-85","1987-07-20"
"T 227-97","1999-05-20","NJA 1985 s. 696 I och II",NA,NA
"T 228-95","1996-11-11","NJA 1966 s. 355",NA,NA
"T 228-95","1996-11-11","NJA 1976 s. 24",NA,NA
"T 228-95","1996-11-11","NJA 1976 s. 24",NA,NA
"T 228-95","1996-11-11","NJA 1966 s. 355",NA,NA
"T 2382-92","1993-07-01","NJA 1970 s. 455",NA,NA
"T 239-95","1998-12-22","NJA 1993 s. 163","T 48-91","1993-04-22"
"T 239-95","1998-12-22","NJA 1992 s. 351","T 407-90","1992-06-16"
"T 239-95","1998-12-22","NJA 1993 s. 163","T 48-91","1993-04-22"
"T 239-95","1998-12-22","NJA 1992 s. 351","T 407-90","1992-06-16"
"T 2399-95","1996-11-25","NJA 1977 s. 816",NA,NA
"T 2399-95","1996-11-25","NJA 1969 s. 390",NA,NA
"T 2399-95","1996-11-25","NJA 1929 s. 415",NA,NA
"T 2399-95","1996-11-25","NJA 1918 s. 624",NA,NA
"T 2399-95","1996-11-25","NJA 1916 s. 78",NA,NA
"T 244-91","1994-04-07","NJA 1992 s. 375","T 95-90","1992-06-25"
"T 244-91","1994-04-07","NJA 1992 s. 375","T 95-90","1992-06-25"
"T 2454-92","1994-06-13","NJA 1993 s. 163","T 48-91","1993-04-22"
"T 2454-92","1994-06-13","NJA 1992 s. 351","T 407-90","1992-06-16"
"T 2454-92","1994-06-13","NJA 1993 s. 163","T 48-91","1993-04-22"
"T 2454-92","1994-06-13","NJA 1992 s. 351","T 407-90","1992-06-16"
"T 2539-91","1993-09-07","NJA 1982 s. 312","T 22-81","1982-06-07"
"T 2539-91","1993-09-07","NJA 1977 s. 554",NA,NA
"T 2539-91","1993-09-07","NJA 1975 s. 708",NA,NA
"T 2539-91","1993-09-07","NJA 1975 s. 222",NA,NA
"T 2556-91","1994-04-11","NJA 1973 s. 42",NA,NA
"T 262-90","1993-09-27","NJA 1988 s. 620","T 416-86","1988-12-08"
"T 262-90","1993-09-27","NJA 1988 s. 620","T 416-86","1988-12-08"
"T 262-90","1993-09-27","NJA 1988 s. 620","T 416-86","1988-12-08"
"T 262-90","1993-09-27","NJA 1988 s. 620","T 416-86","1988-12-08"
"T 2630-96","1999-06-17","NJA 1979 s. 581",NA,NA
"T 2630-96","1999-06-17","NJA 1991 s. 766","B 2008-91","1991-12-19"
"T 2637-96","1997-06-25","NJA 1991 s. 720","T 487-89","1991-12-11"
"T 2637-96","1997-06-25","NJA 1991 s. 720","T 487-89","1991-12-11"
"T 2637-96","1997-06-25","NJA 1991 s. 720","T 487-89","1991-12-11"
"T 264-91","1992-12-21","NJA 1933 s. 43",NA,NA
"T 2674-96","1998-03-04","NJA 1995 s. 610",NA,NA
"T 2674-96","1998-03-04","NJA 1986 s. 205","T 213-83","1986-04-09"
"T 2687-97","1999-07-08","NJA 1999 s. 52","T 3277-97","1999-02-19"
"T 2699-96","1997-04-04","NJA 1974 s. 176",NA,NA
"T 2699-96","1997-04-04","NJA 1974 s. 176",NA,NA
"T 270-91","1995-10-27","NJA 1992 s. 375","T 95-90","1992-06-25"
"T 270-91","1995-10-27","NJA 1992 s. 375","T 95-90","1992-06-25"
"T 2703-97","2001-03-21","NJA 1996 s. 663","T 4476-95","1996-11-12"
"T 274-91","1993-12-28","NJA 1991 s. 481","T 335-90","1991-09-20"
"T 274-91","1993-12-28","NJA 1991 s. 580","T 361-90","1991-11-05"
"T 274-91","1993-12-28","NJA 1984 s. 721","T 138-82","1984-10-24"
"T 274-91","1993-12-28","NJA 1983 s. 209","T 317-80","1983-03-10"
"T 274-91","1993-12-28","NJA 1983 s. 209","T 316-80","1983-03-10"
"T 279-90","1993-02-08","NJA 1946 s. 143",NA,NA
"T 279-90","1993-02-08","NJA 1989 s. 621",NA,NA
"T 2806-97","1998-03-25","NJA 1982 s. 124",NA,NA
"T 2806-97","1998-03-25","NJA 1980 s. 320",NA,NA
"T 2806-97","1998-03-25","NJA 1978 s. 132",NA,NA
"T 2815-95","1997-05-21","NJA 1996 s. 377","T 4634-95","1996-06-13"
"T 2842-97","1998-11-12","NJA 1987 s. 198",NA,NA
"T 285-97","1997-10-16","NJA 1957 s. 321",NA,NA
"T 285-97","1997-10-16","NJA 1944 s. 494",NA,NA
"T 285-97","1997-10-16","NJA 1940 s. 199",NA,NA
"T 285-97","1997-10-16","NJA 1991 s. 720","T 487-89","1991-12-11"
"T 288-95","1996-02-05","NJA 1993 s. 163","T 48-91","1993-04-22"
"T 288-95","1996-02-05","NJA 1993 s. 163","T 48-91","1993-04-22"
"T 3102-95","1998-03-10","NJA 1990 s. 18",NA,NA
"T 3102-95","1998-03-10","NJA 1991 s. 376",NA,NA
"T 3102-95","1998-03-10","NJA 1984 s. 673",NA,NA
"T 3102-95","1998-03-10","NJA 1993 s. 468",NA,NA
"T 3102-95","1998-03-10","NJA 1974 s. 376",NA,NA
"T 3102-95","1998-03-10","NJA 1981 s. 897",NA,NA
"T 3102-95","1998-03-10","NJA 1993 s. 529",NA,NA
"T 3102-95","1998-03-10","NJA 1989 s. 696",NA,NA
"T 3102-95","1998-03-10","NJA 1986 s. 16",NA,NA
"T 3235-95","1996-11-01","NJA 1940 s. 508",NA,NA
"T 3235-95","1996-11-01","NJA 1936 s. 552",NA,NA
"T 3235-95","1996-11-01","NJA 1940 s. 508",NA,NA
"T 3235-95","1996-11-01","NJA 1936 s. 552",NA,NA
"T 3249-95","1996-07-05","NJA 1980 s. 490",NA,NA
"T 3249-95","1996-07-05","NJA 1979 s. 649",NA,NA
"T 3249-95","1996-07-05","NJA 1939 s. 5321",NA,NA
"T 3278-96","1997-05-16","NJA 1983 s. 713",NA,NA
"T 3278-96","1997-05-16","NJA 1983 s. 713",NA,NA
"T 3278-96","1997-05-16","NJA 1980 s. 743",NA,NA
"T 3278-96","1997-05-16","NJA 1980 s. 743",NA,NA
"T 338-90","1992-06-26","NJA 1965 s. 224",NA,NA
"T 339-91","1993-04-07","NJA 1950 s. 483",NA,NA
"T 339-91","1993-04-07","NJA 1950 s. 483",NA,NA
"T 3415-96","1998-11-05","NJA 1991 s. 625","T 185-90","1991-11-20"
"T 3415-96","1998-11-05","NJA 1991 s. 625","T 185-90","1991-11-20"
"T 3528-95","1997-10-14","NJA 1991 s. 725","T 425-90","1991-12-13"
"T 3574-95","1998-06-16","NJA 1985 s. 274.Svea HovR dom 12 juni 1987 DT 21",NA,NA
"T 3585-97","1998-05-14","NJA 1989 s. 754","T 441-88","1989-12-20"
"T 3585-97","1998-05-14","NJA 1996 s. 343",NA,NA
"T 3585-97","1998-05-14","NJA 1985 s. 592",NA,NA
"T 3585-97","1998-05-14","NJA 1996 s. 343",NA,NA
"T 36-92","1996-05-07","NJA 1989 s. 3","T 594-87","1989-01-11"
"T 361-91","1993-03-09","NJA 1978 s. 85",NA,NA
"T 365-90","1992-04-15","NJA 1976 s. 667",NA,NA
"T 366-91","1993-09-23","NJA 1984 s. 487","T 458-82","1984-07-05"
"T 366-91","1993-09-23","NJA 1984 s. 487","T 458-82","1984-07-05"
"T 373-91","1993-06-24","NJA 1982 s. 493",NA,NA
"T 373-91","1993-06-24","NJA 1986 s. 205","T 213-83","1986-04-09"
"T 393-90","1992-05-05","NJA 1989 s. 646","T 491-88","1989-11-06"
"T 393-90","1992-05-05","NJA 1992 s. 268 II",NA,NA
"T 393-90","1992-05-05","NJA 1992 s. 268 II",NA,NA
"T 397-91","1993-10-28","NJA 1941 s. 680",NA,NA
"T 397-91","1993-10-28","NJA 1971 s. 66",NA,NA
"T 397-91","1993-10-28","NJA 1993 s. 34",NA,NA
"T 397-91","1993-10-28","NJA 1988 s. 257",NA,NA
"T 397-91","1993-10-28","NJA 1973 s. 635",NA,NA
"T 397-91","1993-10-28","NJA 1972 s. 512",NA,NA
"T 397-91","1993-10-28","NJA 1941 s. 680",NA,NA
"T 397-91","1993-10-28","NJA 1941 s. 680",NA,NA
"T 397-91","1993-10-28","NJA 1962 s. 669",NA,NA
"T 397-91","1993-10-28","NJA 1941 s. 680",NA,NA
"T 397-91","1993-10-28","NJA 1971 s. 66",NA,NA
"T 397-91","1993-10-28","NJA 1962 s. 669",NA,NA
"T 397-91","1993-10-28","NJA 1941 s. 680",NA,NA
"T 397-91","1993-10-28","NJA 1971 s. 66",NA,NA
"T 397-91","1993-10-28","NJA 1941 s. 680",NA,NA
"T 407-90","1992-06-16","NJA 1991 s. 277","T 281-89","1991-05-16"
"T 4119-96","1998-10-20","NJA 1976 s. 268",NA,NA
"T 4119-96","1998-10-20","NJA 1955 s. 449",NA,NA
"T 4119-96","1998-10-20","NJA 1987 s. 211","T 351-85","1987-04-10"
"T 4119-96","1998-10-20","NJA 1990 s. 18",NA,NA
"T 4119-96","1998-10-20","NJA 1955 s. 449",NA,NA
"T 4119-96","1998-10-20","NJA 1955 s. 449",NA,NA
"T 4119-96","1998-10-20","NJA 1993 s. 468",NA,NA
"T 4119-96","1998-10-20","NJA 1990 s. 18",NA,NA
"T 4119-96","1998-10-20","NJA 1987 s. 726",NA,NA
"T 4119-96","1998-10-20","NJA 1984 s. 673",NA,NA
"T 4119-96","1998-10-20","NJA 1981 s. 897",NA,NA
"T 4119-96","1998-10-20","NJA 1977 s. 509",NA,NA
"T 4119-96","1998-10-20","NJA 1987 s. 211","T 351-85","1987-04-10"
"T 4119-96","1998-10-20","NJA 1955 s. 449",NA,NA
"T 4119-96","1998-10-20","NJA 1987 s. 211","T 351-85","1987-04-10"
"T 412-97","2000-12-21","NJA 1987 s. 407","T 280-85","1987-05-07"
"T 412-97","2000-12-21","NJA 1978 s. 194",NA,NA
"T 412-97","2000-12-21","NJA 1969 s. 27",NA,NA
"T 412-97","2000-12-21","NJA 1984 s. 816","T 262-83","1984-11-02"
"T 412-97","2000-12-21","NJA 1966 s. 97",NA,NA
"T 412-97","2000-12-21","NJA 1958 s. 478",NA,NA
"T 412-97","2000-12-21","NJA 1937 s. 312",NA,NA
"T 4166-97","1998-12-11","NJA 1941 s. 205",NA,NA
"T 4299-97","2000-10-09","NJA 1983 s. 836","T 301-81","1983-12-15"
"T 4299-97","2000-10-09","NJA 1983 s. 836","T 301-81","1983-12-15"
"T 4299-97","2000-10-09","NJA 1978 s. 432",NA,NA
"T 43-91","1992-11-13","NJA 1980 s. 311",NA,NA
"T 43-91","1992-11-13","NJA 1976 s. 618",NA,NA
"T 431-96","1997-06-27","NJA 1988 s. 332",NA,NA
"T 431-96","1997-06-27","NJA 1988 s. 332",NA,NA
"T 4434-95","1999-06-14","NJA 1988 s. 376",NA,NA
"T 4434-95","1999-06-14","NJA 1977 s. 452",NA,NA
"T 4434-95","1999-06-14","NJA 1977 s. 444",NA,NA
"T 4434-95","1999-06-14","NJA 1977 s. 424",NA,NA
"T 447-90","1992-02-18","NJA 1991 s. 625","T 185-90","1991-11-20"
"T 4500-95","1997-09-25","NJA 1994 s. 85","T 506-92","1994-02-24"
"T 4500-95","1997-09-25","NJA 1933 s. 253",NA,NA
"T 4580-96","1998-04-01","NJA 1985 s. 236","T 270-83","1985-04-01"
"T 4580-96","1998-04-01","NJA 1985 s. 236","T 23-83","1985-04-01"
"T 4580-96","1998-04-01","NJA 1984 s. 49","T 414-81","1984-02-01"
"T 4580-96","1998-04-01","NJA 1985 s. 236","T 270-83","1985-04-01"
"T 4580-96","1998-04-01","NJA 1985 s. 236","T 23-83","1985-04-01"
"T 4580-96","1998-04-01","NJA 1984 s. 49","T 414-81","1984-02-01"
"T 46-90","1990-11-29","NJA 1981 s. 1215","T 127-80","1981-12-08"
"T 46-90","1990-11-29","NJA 1979 s. 615",NA,NA
"T 46-90","1990-11-29","NJA 1985 s. 768 NJA 1990 s. 201",NA,NA
"T 46-90","1990-11-29","NJA 1978 s. 392",NA,NA
"T 46-90","1990-11-29","NJA 1983 s. 194","T 218-82","1983-03-02"
"T 46-90","1990-11-29","NJA 1981 s. 1215","T 127-80","1981-12-08"
"T 4634-95","1996-06-13","NJA 1992 s. 130",NA,NA
"T 4634-95","1996-06-13","NJA 1971 s. 78",NA,NA
"T 4634-95","1996-06-13","NJA 1979 s. 620",NA,NA
"T 4634-95","1996-06-13","NJA 1971 s. 78",NA,NA
"T 4634-95","1996-06-13","NJA 1971 s. 78",NA,NA
"T 4687-95","1998-12-08","NJA 1982 s. 135","T 328-81","1982-03-26"
"T 4687-95","1998-12-08","NJA 1982 s. 224","T 284-80","1982-04-19"
"T 4687-95","1998-12-08","NJA 1989 s. 3","T 594-87","1989-01-11"
"T 47-97","2000-02-16","NJA 1984 s. 185","T 390-80","1984-03-16"
"T 4701-97","1999-06-14","NJA 1993 s. 163","T 48-91","1993-04-22"
"T 4710-95","1997-03-12","NJA 1980 s. 398",NA,NA
"T 4710-95","1997-03-12","NJA 1980 s. 398",NA,NA
"T 474-96","1997-05-29","NJA 1985 s. 219","T 39-83","1985-03-20"
"T 474-96","1997-05-29","NJA 1975 s. 748",NA,NA
"T 474-96","1997-05-29","NJA 1981 s. 259","T 287-78","1981-01-13"
"T 474-96","1997-05-29","NJA 1985 s. 219","T 39-83","1985-03-20"
"T 474-96","1997-05-29","NJA 1975 s. 748",NA,NA
"T 48-91","1993-04-22","NJA 1992 s. 351","T 407-90","1992-06-16"
"T 48-91","1993-04-22","NJA 1991 s. 277","T 281-89","1991-05-16"
"T 48-91","1993-04-22","NJA 1992 s. 351","T 407-90","1992-06-16"
"T 48-91","1993-04-22","NJA 1992 s. 351","T 407-90","1992-06-16"
"T 4882-95","2002-04-19","NJA 1977 s. 788",NA,NA
"T 4989-95","1997-06-12","NJA 1989 s. 185",NA,NA
"T 50-91","1992-02-14","NJA 1989 s. 47",NA,NA
"T 50-91","1992-02-14","NJA 1982 s. 95",NA,NA
"T 50-91","1992-02-14","NJA 1986 s. 655","T 543-85","1986-11-28"
"T 50-91","1992-02-14","NJA 1989 s. 47",NA,NA
"T 50-91","1992-02-14","NJA 1982 s. 95",NA,NA
"T 5013-95","1998-11-24","NJA 1906 s. 317",NA,NA
"T 5013-95","1998-11-24","NJA 1931 s. 604",NA,NA
"T 5013-95","1998-11-24","NJA 1997 s. 129",NA,NA
"T 5013-95","1998-11-24","NJA 1946 s. 83",NA,NA
"T 5013-95","1998-11-24","NJA 1945 s. 290",NA,NA
"T 5013-95","1998-11-24","NJA 1990 s 687",NA,NA
"T 5013-95","1998-11-24","NJA 1931 s. 604",NA,NA
"T 5013-95","1998-11-24","NJA 1906 s. 317",NA,NA
"T 5013-95","1998-11-24","NJA 1997 s. 129",NA,NA
"T 5013-95","1998-11-24","NJA 1946 s. 83",NA,NA
"T 5013-95","1998-11-24","NJA 1945 s. 290",NA,NA
"T 5125-96","1999-09-17","NJA 1912 s. 562",NA,NA
"T 5125-96","1999-09-17","NJA 1912 s. 562",NA,NA
"T 5125-96","1999-09-17","NJA 1989 s. 224","T 67-87","1989-05-31"
"T 5393-96","1998-06-10","NJA 1980 s. 305",NA,NA
"T 54-90","1992-06-30","NJA 1979 s. 107",NA,NA
"T 54-90","1992-06-30","NJA 1979 s. 107",NA,NA
"T 540-95","1996-05-06","NJA 1930 s. 20",NA,NA
"T 540-95","1996-05-06","NJA 1937 s. 351",NA,NA
"T 540-95","1996-05-06","NJA 1930 s. 20",NA,NA
"T 540-95","1996-05-06","NJA 1937 s. 60",NA,NA
"T 540-95","1996-05-06","NJA 1930 s. 20",NA,NA
"T 540-95","1996-05-06","NJA 1981 s 534",NA,NA
"T 540-95","1996-05-06","NJA 1937 s. 60",NA,NA
"T 540-95","1996-05-06","NJA 1930 s. 20",NA,NA
"T 540-95","1996-05-06","NJA 1937 s. 60",NA,NA
"T 540-95","1996-05-06","NJA 1930 s. 20",NA,NA
"T 5450-95","1998-06-12","NJA 1997 s. 660",NA,NA
"T 5685-96","1998-04-03","NJA 1953 s. 751",NA,NA
"T 5685-96","1998-04-03","NJA 1953 s. 751",NA,NA
"T 5685-96","1998-04-03","NJA 1953 s. 751",NA,NA
"T 5685-96","1998-04-03","NJA 1941 s. 669",NA,NA
"T 5786-96","1999-12-30","NJA 1999 s. 575","T 5125-96","1999-09-17"
"T 5786-96","1999-12-30","NJA 1998 s. 275",NA,NA
"T 5786-96","1999-12-30","NJA 1987 s. 517",NA,NA
"T 5786-96","1999-12-30","NJA 1984 s. 595",NA,NA
"T 5786-96","1999-12-30","NJA 1983 s. 109",NA,NA
"T 5786-96","1999-12-30","NJA 1996 s. 271","T 540-95","1996-05-06"
"T 5786-96","1999-12-30","NJA 1923 s. 241",NA,NA
"T 5786-96","1999-12-30","NJA 1970 s. 539",NA,NA
"T 5786-96","1999-12-30","NJA 1999 s. 575","T 5125-96","1999-09-17"
"T 5786-96","1999-12-30","NJA 1999 s. 575","T 5125-96","1999-09-17"
"T 5786-96","1999-12-30","NJA 1998 s. 23",NA,NA
"T 5786-96","1999-12-30","NJA 1988 s. 312","T 369-85","1988-05-04"
"T 5786-96","1999-12-30","NJA 1982 s. 366",NA,NA
"T 611-92","1992-12-07","NJA 1989 s. 346","T 205-88","1989-06-27"
"T 611-92","1992-12-07","NJA 1983 s. 332","T 286-81","1983-03-30"
"T 611-92","1992-12-07","NJA 1984 s. 229",NA,NA
"T 611-92","1992-12-07","NJA 1982 s. 366",NA,NA
"T 611-92","1992-12-07","NJA 1988 s. 312","T 369-85","1988-05-04"
"T 625-92","1993-06-11","NJA 1986 s. 702","T 587-85","1986-12-10"
"T 625-92","1993-06-11","NJA 1986 s. 702","T 587-85","1986-12-10"
"T 625-92","1993-06-11","NJA 1986 s. 702","T 587-85","1986-12-10"
"T 68-90","1992-04-13","NJA 1990 s. 245","T 50-88","1990-04-23"
"T 735-96","1997-04-02","NJA 1985 s. 432",NA,NA
"T 735-96","1997-04-02","NJA 1985 s. 432",NA,NA
"T 735-96","1997-04-02","NJA 1984 s. 497",NA,NA
"T 78-92","1993-12-15","NJA 1988 s. 503","T 603-87","1988-10-19"
"T 89-91","1992-10-23","NJA 1963 s. 612",NA,NA
"T 896-92","1993-07-23","NJA 1987 s. 266","T 584-85","1987-04-15"
"T 896-92","1993-07-23","NJA 1987 s. 266","T 584-85","1987-04-15"
"T 896-92","1993-07-23","NJA 1987 s. 266","T 584-85","1987-04-15"
"T 896-92","1993-07-23","NJA 1987 s. 266","T 584-85","1987-04-15"
"T 896-92","1993-07-23","NJA 1987 s. 266","T 584-85","1987-04-15"
"T 90-91","1993-06-30","NJA 1986 s. 83",NA,NA
"T 90-91","1993-06-30","NJA 1982 s. 589","T 204-81","1982-10-07"
"T 90-91","1993-06-30","NJA 1985 s. 615",NA,NA
"T 90-91","1993-06-30","NJA 1984 s. 772","T 436-82","1984-11-19"
"T 90-91","1993-06-30","NJA 1986 s. 83",NA,NA
"T 90-91","1993-06-30","NJA 1983 s. 550","T 190-82","1983-07-21"
"T 90-91","1993-06-30","NJA 1985 s. 615",NA,NA
"T 90-91","1993-06-30","NJA 1982 s. 589. NJA 1985 s. 97",NA,NA
"T 90-91","1993-06-30","NJA 1984 s. 772","T 436-82","1984-11-19"
"T 90-91","1993-06-30","NJA 1986 s. 83",NA,NA
"T 975-97","1998-04-16","NJA 1984 s. 493","T 455-83","1984-07-05"
"T 975-97","1998-04-16","NJA 1983 s. 826","T 148-82","1983-12-29"
"B 1020-82","1984-02-13","NJA 1983 s. 286","B 660-82","1983-03-15"
"B 1020-82","1984-02-13","NJA 1983 s. 286","B 660-82","1983-03-15"
"B 1020-82","1984-02-13","NJA 1983 s. 286","B 660-82","1983-03-15"
"B 1025-81","1985-12-23","NJA 1985 s. 43","B 1058-82","1985-01-09"
"B 1068-81","1982-12-22","NJA 1972 s. 532",NA,NA
"B 1083-83","1986-07-01","NJA 1962 s. 20",NA,NA
"B 1087-81","1986-03-25","NJA 1964 s. 346",NA,NA
"B 1087-81","1986-03-25","NJA 1971 s. 91",NA,NA
"B 1087-81","1986-03-25","NJA 1946 s. 497",NA,NA
"B 1087-81","1986-03-25","NJA 1957 s. 640",NA,NA
"B 1087-81","1986-03-25","NJA 1944 s. 279",NA,NA
"B 1087-81","1986-03-25","NJA 1964 s. 346",NA,NA
"B 1087-81","1986-03-25","NJA 1944 s. 133",NA,NA
"B 1087-81","1986-03-25","NJA 1964 s. 346",NA,NA
"B 1087-81","1986-03-25","NJA 1944 s. 133",NA,NA
"B 1087-81","1986-03-25","NJA 1917 s. 299",NA,NA
"B 109-81","1981-12-04","NJA 1980 s. 681",NA,NA
"B 109-81","1981-12-04","NJA 1974 s. 115",NA,NA
"B 109-81","1981-12-04","NJA 1973 s. 161",NA,NA
"B 1112-86","1988-12-13","NJA 1987 s. 194","B 805-85","1987-04-06"
"B 1115-87","1988-06-28","NJA 1985 s. 384","B 1150-83","1985-05-29"
"B 1115-87","1988-06-28","NJA 1985 s. 384","B 1150-83","1985-05-29"
"B 1116-83","1983-12-16","NJA 1980 s. 337",NA,NA
"B 1116-83","1983-12-16","NJA 1979 s. 478",NA,NA
"B 1134-83","1985-06-28","NJA 1980 s. 182",NA,NA
"B 1134-83","1985-06-28","NJA 1980 s. 182",NA,NA
"B 1170-88","1989-11-09","NJA 1973 s. 562",NA,NA
"B 1170-88","1989-11-09","NJA 1962 s. 820",NA,NA
"B 1170-88","1989-11-09","NJA 1973 s. 562",NA,NA
"B 1170-88","1989-11-09","NJA 1962 s. 820",NA,NA
"B 1170-88","1989-11-09","NJA 1962 s. 820",NA,NA
"B 1170-88","1989-11-09","NJA 1973 s. 562",NA,NA
"B 1170-88","1989-11-09","NJA 1962 s. 820",NA,NA
"B 118-88","1988-06-09","NJA 1980 s. 359",NA,NA
"B 118-88","1988-06-09","NJA 1980 s. 359",NA,NA
"B 118-88","1988-06-09","NJA 1979 s. 286",NA,NA
"B 1194-85","1987-02-20","NJA 1984 s. 710","B 965-83","1984-10-17"
"B 1194-85","1987-02-20","NJA 1983 s. 205","B 993-82","1983-03-09"
"B 1194-85","1987-02-20","NJA 1984 s. 710","B 965-83","1984-10-17"
"B 1194-85","1987-02-20","NJA 1983 s. 205","B 993-82","1983-03-09"
"B 123-87","1987-10-14","NJA 1982 s. 17","B 672-81","1982-01-12"
"B 125-83","1983-12-14","NJA 1979 s. 478",NA,NA
"B 136-85","1986-05-06","NJA 1982 s. 719","B 875-81","1982-11-25"
"B 196-81","1981-05-08","NJA 1970 s. 513",NA,NA
"B 198-85","1985-10-24","NJA 1983 s. 754","B 813-83","1983-11-23"
"B 198-85","1985-10-24","NJA 1983 s. 754","B 407-83","1983-11-23"
"B 217-81","1982-02-16","NJA 1966 s. 131",NA,NA
"B 217-81","1982-02-16","NJA 1965 s. 285",NA,NA
"B 217-81","1982-02-16","NJA 1966 s. 131",NA,NA
"B 217-81","1982-02-16","NJA 1965 s. 285",NA,NA
"B 25-85","1988-10-14","NJA 1937 s. 94",NA,NA
"B 25-85","1988-10-14","NJA 1937 s. 94",NA,NA
"B 268-82","1984-09-20","NJA 1976 s. 6",NA,NA
"B 284-83","1983-12-28","NJA 1981 s. 474","B 697-80","1981-04-08"
"B 289-88","1989-02-10","NJA 1986 s. 511","B 308-85","1986-09-24"
"B 289-88","1989-02-10","NJA 1984 s. 745","B 648-83","1984-10-31"
"B 295-85","1986-07-14","NJA 1978 s. 725",NA,NA
"B 295-85","1986-07-14","NJA 1967 s. 211",NA,NA
"B 295-85","1986-07-14","NJA 1978 s. 725",NA,NA
"B 295-85","1986-07-14","NJA 1970 s. 240",NA,NA
"B 295-85","1986-07-14","NJA 1967 s. 211",NA,NA
"B 295-85","1986-07-14","NJA 1970 s. 240",NA,NA
"B 295-85","1986-07-14","NJA 1978 s. 725",NA,NA
"B 295-85","1986-07-14","NJA 1978 s. 725",NA,NA
"B 295-85","1986-07-14","NJA 1970 s. 240",NA,NA
"B 295-85","1986-07-14","NJA 1977 s. 211",NA,NA
"B 308-85","1986-09-24","NJA 1984 s. 745","B 648-83","1984-10-31"
"B 308-85","1986-09-24","NJA 1983 s. 897","B 348-83","1983-12-28"
"B 308-85","1986-09-24","NJA 1983 s. 897","B 140-83","1983-12-28"
"B 311-81","1982-04-08","NJA 1981 s. 1246","B 1018-80","1981-12-22"
"B 313-81","1982-10-20","NJA 1958 s. 11",NA,NA
"B 345-81","1981-10-28","NJA 1981 s. 441",NA,NA
"B 345-81","1981-10-28","NJA 1980 s. 299",NA,NA
"B 354-85","1985-06-10","NJA 1977 s. 473",NA,NA
"B 354-85","1985-06-10","NJA 1974 s. 208",NA,NA
"B 361-83","1984-09-27","NJA 1952 s. 188",NA,NA
"B 434-86","1987-04-15","NJA 1976 s. 150",NA,NA
"B 434-86","1987-04-15","NJA 1976 s. 150",NA,NA
"B 434-86","1987-04-15","NJA 1987 s. 285","T 371-85","1987-04-15"
"B 434-86","1987-04-15","NJA 1987 s. 285","B 434-86","1987-04-15"
"B 447-85","1986-12-01","NJA 1985 s. 384","B 1150-83","1985-05-29"
"B 447-85","1986-12-01","NJA 1985 s. 384","B 1150-83","1985-05-29"
"B 447-85","1986-12-01","NJA 1985 s. 384","B 1150-83","1985-05-29"
"B 456-86","1988-03-29","NJA 1968 s. 188",NA,NA
"B 456-86","1988-03-29","NJA 1982 s. 59",NA,NA
"B 456-86","1988-03-29","NJA 1988 s. 80","B 1123-87","1988-02-17"
"B 456-86","1988-03-29","NJA 1978 s. 736",NA,NA
"B 456-86","1988-03-29","NJA 1976 s. 315",NA,NA
"B 456-86","1988-03-29","NJA 1966 s. 534",NA,NA
"B 478-87","1988-12-16","NJA 1988 s. 312","T 369-85","1988-05-04"
"B 478-87","1988-12-16","NJA 1984 B 2",NA,NA
"B 505-87","1989-09-01","NJA 1970 s. 367",NA,NA
"B 505-87","1989-09-01","NJA 1987 s. 194","B 805-85","1987-04-06"
"B 505-87","1989-09-01","NJA 1987 s. 201","B 950-86","1987-04-10"
"B 531-81","1981-11-17","NJA 1979 s. 773",NA,NA
"B 556-86","1986-11-19","NJA 1984 s. 710","B 965-83","1984-10-17"
"B 556-86","1986-11-19","NJA 1983 s. 205","B 993-82","1983-03-09"
"B 594-80","1981-04-06","NJA 1981 s. 392",NA,NA
"B 594-80","1981-04-06","NJA 1976 s. 43",NA,NA
"B 594-80","1981-04-06","NJA 1970 s. 258",NA,NA
"B 60-85","1987-04-29","NJA 1976 s. 10",NA,NA
"B 626-88","1988-12-20","NJA 1964 s. 197 I och II",NA,NA
"B 626-88","1988-12-20","NJA 1964 s. 197",NA,NA
"B 643-85","1986-12-22","NJA 1983 s. 887","B 352-83","1983-12-21"
"B 648-83","1984-10-31","NJA 1983 s. 899","B 284-83","1983-12-28"
"B 648-83","1984-10-31","NJA 1983 s. 897","B 348-83","1983-12-28"
"B 648-83","1984-10-31","NJA 1983 s. 897","B 140-83","1983-12-28"
"B 693-87","1987-11-11","NJA 1982 s. 325","B 219-82","1982-05-11"
"B 693-87","1987-11-11","NJA 1982 s. 325","B 219-82","1982-05-11"
"B 693-87","1987-11-11","NJA 1982 s. 325","B 219-82","1982-05-11"
"B 693-87","1987-11-11","NJA 1980 s. 237",NA,NA
"B 696-83","1985-12-23","NJA 1979 s. 602",NA,NA
"B 697-88","1989-07-26","NJA 1936 s. 466",NA,NA
"B 697-88","1989-07-26","NJA 1950 s. 378",NA,NA
"B 713-83","1984-09-11","NJA 1982 s. 836","B 1068-81","1982-12-22"
"B 713-83","1984-09-11","NJA 1982 s. 836","B 1068-81","1982-12-22"
"B 713-83","1984-09-11","NJA 1979 s. 381",NA,NA
"B 713-83","1984-09-11","NJA 1982 s. 836","B 1068-81","1982-12-22"
"B 722-83","1983-11-18","NJA 1974 s. 243",NA,NA
"B 722-83","1983-11-18","NJA 1974 s. 243",NA,NA
"B 728-82","1984-10-08","NJA 1983 s. 125","B 1018-81","1983-02-22"
"B 728-82","1984-10-08","NJA 1983 s. 125","B 1018-81","1983-02-22"
"B 755-83","1984-02-16","NJA 1983 s. 644","B 21-83","1983-10-13"
"B 778-81","1981-11-20","NJA 1977 s. 735",NA,NA
"B 778-81","1981-11-20","NJA 1977 s. 735",NA,NA
"B 778-81","1981-11-20","NJA 1977 s. 735",NA,NA
"B 778-81","1981-11-20","NJA 1977 s. 735",NA,NA
"B 805-85","1987-04-06","NJA 1950 s. 647",NA,NA
"B 805-85","1987-04-06","NJA 1950 s. 647",NA,NA
"B 805-87","1987-11-18","NJA 1952 s. 29",NA,NA
"B 841-87","1988-09-19","NJA 1981 s. 1169","B 109-81","1981-12-04"
"B 860-88","1988-12-06","NJA 1982 s. 164","B 137-82","1982-03-25"
"B 875-81","1982-11-25","NJA 1980 s. 253",NA,NA
"B 906-82","1984-09-27","NJA 1961 s. 253",NA,NA
"B 906-82","1984-09-27","NJA 1961 s. 253",NA,NA
"B 936-88","1989-11-21","NJA 1983 s. 491","B 332-82","1983-06-21"
"B 936-88","1989-11-21","NJA 1982 s. 190","B 929-81","1982-04-08"
"B 936-88","1989-11-21","NJA 1980 s. 74",NA,NA
"B 957-81","1982-10-26","NJA 1980 s. 606",NA,NA
"B 957-81","1982-10-26","NJA 1980 s. 606",NA,NA
"B 957-81","1982-10-26","NJA 1970 B 48",NA,NA
"B 957-81","1982-10-26","NJA 1968 B 12",NA,NA
"B 957-81","1982-10-26","NJA 1967 B 3",NA,NA
"B 957-81","1982-10-26","NJA 1980 s. 417",NA,NA
"B 957-81","1982-10-26","NJA 1980 s. 606",NA,NA
"B 965-83","1984-10-17","NJA 1983 s. 205","B 993-82","1983-03-09"
"B 988-83","1984-07-05","NJA 1949 s. 35",NA,NA
"B 988-83","1984-07-05","NJA 1935 s. 201",NA,NA
"B 997-85","1987-03-04","NJA 1983 s. 662","B 654-81","1983-10-21"
"T 104-81","1983-02-25","NJA 1980 s. 478",NA,NA
"T 104-81","1983-02-25","NJA 1974 s. 657",NA,NA
"T 117-83","1986-12-12","NJA 1960 s. 441",NA,NA
"T 124-82","1984-01-10","NJA 1982 s. 36","T 49-80","1982-01-14"
"T 138-82","1984-10-24","NJA 1983 s. 209","T 317-80","1983-03-10"
"T 138-82","1984-10-24","NJA 1983 s. 209","T 316-80","1983-03-10"
"T 142-80","1982-10-04","NJA 1971 s. 296",NA,NA
"T 149-85","1986-05-06","NJA 1974 s. 94",NA,NA
"T 152-88","1990-05-21","NJA 1954 s. 287",NA,NA
"T 152-88","1990-05-21","NJA 1954 s. 294",NA,NA
"T 159-82","1984-11-05","NJA 1971 s. 216",NA,NA
"T 16-85","1986-05-27","NJA 1974 s. 378",NA,NA
"T 160-83","1986-03-20","NJA 1916 s. 378",NA,NA
"T 160-83","1986-03-20","NJA 1916 s. 378",NA,NA
"T 160-83","1986-03-20","NJA 1916 s. 378",NA,NA
"T 160-83","1986-03-20","NJA 1916 s. 378",NA,NA
"T 160-83","1986-03-20","NJA 1916 s. 378",NA,NA
"T 160-83","1986-03-20","NJA 1916 s. 378",NA,NA
"T 162-81","1982-12-07","NJA 1979 s. 129",NA,NA
"T 162-81","1982-12-07","NJA 1972 s. 81",NA,NA
"T 163-83","1985-02-25","NJA 1956 s. 770",NA,NA
"T 174-83","1985-09-18","NJA 1984 s. 807","T 60-83","1984-12-05"
"T 174-83","1985-09-18","NJA 1981 s. 1201",NA,NA
"T 174-83","1985-09-18","NJA 1974 s. 604",NA,NA
"T 174-83","1985-09-18","NJA 1971 s. 317",NA,NA
"T 18-83","1985-11-26","NJA 1950 s. 86",NA,NA
"T 18-86","1987-10-05","NJA 1981 s. 1052","B 531-81","1981-11-17"
"T 188-85","1988-03-25","NJA 1937 s. 351",NA,NA
"T 188-87","1988-12-19","NJA 1981 s. 610","T 335-77","1981-04-09"
"T 188-87","1988-12-19","NJA 1981 s. 610","T 335-77","1981-04-09"
"T 190-82","1983-07-21","NJA 1982 s. 589","T 204-81","1982-10-07"
"T 190-82","1983-07-21","NJA 1980 s. 705",NA,NA
"T 199-85","1986-12-23","NJA 1986 s. 258","T 335-83","1986-05-22"
"T 199-85","1986-12-23","NJA 1986 s. 205","T 213-83","1986-04-09"
"T 20-88","1990-09-26","NJA 1989 s. 705",NA,NA
"T 20-88","1990-09-26","NJA 1987 s. 105",NA,NA
"T 204-81","1982-10-07","NJA 1981 s. 448",NA,NA
"T 204-81","1982-10-07","NJA 1980 s. 705",NA,NA
"T 204-81","1982-10-07","NJA 1949 s. 757",NA,NA
"T 204-81","1982-10-07","NJA 1943 s. 86",NA,NA
"T 204-81","1982-10-07","NJA 1940 s. 231",NA,NA
"T 204-81","1982-10-07","NJA 1927 A 489",NA,NA
"T 204-81","1982-10-07","NJA 1948 s. 5",NA,NA
"T 204-81","1982-10-07","NJA 1946 s. 378",NA,NA
"T 204-81","1982-10-07","NJA 1980 s. 705",NA,NA
"T 204-81","1982-10-07","NJA 1943 s. 86",NA,NA
"T 204-81","1982-10-07","NJA 1943 s. 30",NA,NA
"T 204-81","1982-10-07","NJA 1980 s. 705",NA,NA
"T 204-81","1982-10-07","NJA 1980 s. 705",NA,NA
"T 204-81","1982-10-07","NJA 1981 s. 448",NA,NA
"T 204-81","1982-10-07","NJA 1980 s. 705",NA,NA
"T 204-81","1982-10-07","NJA 1980 s. 705",NA,NA
"T 204-81","1982-10-07","NJA 1980 s. 705",NA,NA
"T 204-81","1982-10-07","NJA 1980 s. 705",NA,NA
"T 204-81","1982-10-07","NJA 1981 s. 448",NA,NA
"T 204-81","1982-10-07","NJA 1980 s. 705",NA,NA
"T 204-81","1982-10-07","NJA 1949 s. 757",NA,NA
"T 204-81","1982-10-07","NJA 1943 s. 86",NA,NA
"T 204-81","1982-10-07","NJA 1940 s. 231",NA,NA
"T 204-81","1982-10-07","NJA 1927 A 489",NA,NA
"T 204-81","1982-10-07","NJA 1948 s. 5",NA,NA
"T 204-81","1982-10-07","NJA 1946 s. 378",NA,NA
"T 204-81","1982-10-07","NJA 1980 s. 705",NA,NA
"T 204-81","1982-10-07","NJA 1943 s. 86",NA,NA
"T 204-81","1982-10-07","NJA 1943 s. 30",NA,NA
"T 204-81","1982-10-07","NJA 1980 s. 705",NA,NA
"T 204-81","1982-10-07","NJA 1980 s. 705",NA,NA
"T 204-81","1982-10-07","NJA 1946 s. 321",NA,NA
"T 204-81","1982-10-07","NJA 1959 s. 456",NA,NA
"T 204-81","1982-10-07","NJA 1959 s. 456",NA,NA
"T 204-81","1982-10-07","NJA 1980 s. 705",NA,NA
"T 204-81","1982-10-07","NJA 1980 s. 705",NA,NA
"T 204-81","1982-10-07","NJA 1980 s. 705",NA,NA
"T 215-86","1987-12-21","NJA 1983 s. 567",NA,NA
"T 215-86","1987-12-21","NJA 1983 s. 567",NA,NA
"T 23-83","1985-04-01","NJA 1984 s. 49","T 414-81","1984-02-01"
"T 23-83","1985-04-01","NJA 1984 s. 49","T 414-81","1984-02-01"
"T 23-83","1985-04-01","NJA 1984 s. 49","T 414-81","1984-02-01"
"T 23-83","1985-04-01","NJA 1984 s. 49","T 414-81","1984-02-01"
"T 23-83","1985-04-01","NJA 1984 s. 49","T 414-81","1984-02-01"
"T 23-83","1985-04-01","NJA 1984 s. 49","T 414-81","1984-02-01"
"T 23-83","1985-04-01","NJA 1984 s. 49","T 414-81","1984-02-01"
"T 23-83","1985-04-01","NJA 1984 s. 49","T 414-81","1984-02-01"
"T 23-83","1985-04-01","NJA 1984 s. 49","T 414-81","1984-02-01"
"T 23-83","1985-04-01","NJA 1984 s. 49","T 414-81","1984-02-01"
"T 23-83","1985-04-01","NJA 1984 s. 49","T 414-81","1984-02-01"
"T 23-83","1985-04-01","NJA 1984 s. 49","T 414-81","1984-02-01"
"T 232-86","1989-02-17","NJA 1971 s. 383",NA,NA
"T 232-86","1989-02-17","NJA 1971 s. 383",NA,NA
"T 232-87","1989-06-05","NJA 1983 s. 209","T 317-80","1983-03-10"
"T 232-87","1989-06-05","NJA 1983 s. 209","T 316-80","1983-03-10"
"T 232-87","1989-06-05","NJA 1983 s. 209","T 317-80","1983-03-10"
"T 232-87","1989-06-05","NJA 1983 s. 209","T 316-80","1983-03-10"
"T 232-87","1989-06-05","NJA 1983 s. 209","T 317-80","1983-03-10"
"T 232-87","1989-06-05","NJA 1983 s. 209","T 316-80","1983-03-10"
"T 234-83","1985-04-10","NJA 1984 s. 340 I-III",NA,NA
"T 238-85","1987-01-12","NJA 1916 s. 656",NA,NA
"T 238-85","1987-01-12","NJA 1984 s. 456",NA,NA
"T 238-85","1987-01-12","NJA 1984 s. 132",NA,NA
"T 238-85","1987-01-12","NJA 1985 s. 159","T 163-83","1985-02-25"
"T 238-85","1987-01-12","NJA 1975 s. 639",NA,NA
"T 238-85","1987-01-12","NJA 1979 s. 541",NA,NA
"T 238-85","1987-01-12","NJA 1972 s. 512",NA,NA
"T 238-85","1987-01-12","NJA 1971 s. 66",NA,NA
"T 238-85","1987-01-12","NJA 1925 s. 130",NA,NA
"T 238-85","1987-01-12","NJA 1916 s. 656",NA,NA
"T 245-88","1990-10-01","NJA 1977 s. 281",NA,NA
"T 245-88","1990-10-01","NJA 1985 s. 309","T 540-83","1985-04-11"
"T 25-85","1987-04-28","NJA 1982 s. 573","T 73-81","1982-09-30"
"T 261-82","1984-01-10","NJA 1980 s. 555",NA,NA
"T 271-85","1987-06-26","NJA 1946 s. 34",NA,NA
"T 271-85","1987-06-26","NJA 1957 s. 156",NA,NA
"T 277-87","1987-12-21","NJA 1972 s. 214",NA,NA
"T 280-85","1987-05-07","NJA 1978 s. 194",NA,NA
"T 280-85","1987-05-07","NJA 1969 s. 27",NA,NA
"T 280-85","1987-05-07","NJA 1944 s. 571",NA,NA
"T 280-85","1987-05-07","NJA 1978 s. 194",NA,NA
"T 280-85","1987-05-07","NJA 1937 s. 351",NA,NA
"T 280-85","1987-05-07","NJA 1978 s. 194",NA,NA
"T 280-85","1987-05-07","NJA 1969 s. 27",NA,NA
"T 280-85","1987-05-07","NJA 1944 s. 571",NA,NA
"T 280-85","1987-05-07","NJA 1978 s. 194",NA,NA
"T 280-85","1987-05-07","NJA 1937 s. 351",NA,NA
"T 281-88","1989-12-07","NJA 1974 s. 385",NA,NA
"T 281-88","1989-12-07","NJA 1974 s. 385",NA,NA
"T 284-80","1982-04-19","NJA 1981 s. 759","T 165-80","1981-07-10"
"T 284-80","1982-04-19","NJA 1981 s. 759","T 165-80","1981-07-10"
"T 291-87","1989-03-02","NJA 1975 s. 661",NA,NA
"T 291-87","1989-03-02","NJA 1977 s. 129",NA,NA
"T 291-87","1989-03-02","NJA 1973 s. 355",NA,NA
"T 291-87","1989-03-02","NJA 1973 s. 355",NA,NA
"T 297-82","1984-04-26","NJA 1983 s. 221","B 48-82","1983-03-10"
"T 297-82","1984-04-26","NJA 1983 s. 221","B 48-82","1983-03-10"
"T 298-81","1984-05-17","NJA 1971 s. 560",NA,NA
"T 299-82","1983-12-02","NJA 1979 s. 172",NA,NA
"T 299-82","1983-12-02","NJA 1979 s. 172",NA,NA
"T 299-82","1983-12-02","NJA 1947 s. 270",NA,NA
"T 299-82","1983-12-02","NJA 1946 s. 620",NA,NA
"T 299-82","1983-12-02","NJA 1937 s. 226",NA,NA
"T 299-82","1983-12-02","NJA 1933 s. 676",NA,NA
"T 299-82","1983-12-02","NJA 1947 s. 270",NA,NA
"T 299-82","1983-12-02","NJA 1979 s. 172",NA,NA
"T 299-82","1983-12-02","NJA 1946 s. 620",NA,NA
"T 299-82","1983-12-02","NJA 1937 s. 226",NA,NA
"T 299-82","1983-12-02","NJA 1933 s. 676",NA,NA
"T 299-82","1983-12-02","NJA 1979 s. 172",NA,NA
"T 299-82","1983-12-02","NJA 1979 s. 172",NA,NA
"T 299-82","1983-12-02","NJA 1947 s. 270",NA,NA
"T 299-82","1983-12-02","NJA 1946 s. 620",NA,NA
"T 299-82","1983-12-02","NJA 1937 s. 226",NA,NA
"T 299-82","1983-12-02","NJA 1933 s. 676",NA,NA
"T 300-82","1983-09-08","NJA 1972 s. 350",NA,NA
"T 300-87","1987-11-17","NJA 1982 s. 135","T 328-81","1982-03-26"
"T 300-87","1987-11-17","NJA 1981 s. 759","T 165-80","1981-07-10"
"T 301-81","1983-12-15","NJA 1972 s. 296",NA,NA
"T 301-81","1983-12-15","NJA 1945 s. 210",NA,NA
"T 301-81","1983-12-15","NJA 1942 s. 229",NA,NA
"T 301-81","1983-12-15","NJA 1946 s. 758",NA,NA
"T 301-81","1983-12-15","NJA 1946 s. 734",NA,NA
"T 301-81","1983-12-15","NJA 1928 s. 316",NA,NA
"T 312-81","1983-11-24","NJA 1981 s. 1205","T 303-80","1981-12-17"
"T 329-87","1988-12-21","NJA 1980 s. 123",NA,NA
"T 329-87","1988-12-21","NJA 1958 s. 80",NA,NA
"T 329-87","1988-12-21","NJA 1967 s. 150",NA,NA
"T 329-87","1988-12-21","NJA 1980 s. 123",NA,NA
"T 329-87","1988-12-21","NJA 1967 s. 150",NA,NA
"T 329-87","1988-12-21","NJA 1980 s. 123",NA,NA
"T 332-81","1983-01-13","NJA 1936 s. 141 I",NA,NA
"T 332-81","1983-01-13","NJA 1953 s. 191",NA,NA
"T 336-81","1985-02-15","NJA 1931 s. 741",NA,NA
"T 336-83","1985-04-03","NJA 1984 s. 3","T 261-82","1984-01-10"
"T 336-83","1985-04-03","NJA 1980 s. 555",NA,NA
"T 344-88","1989-11-17","NJA 1986 s. 696","T 407-85","1986-12-09"
"T 344-88","1989-11-17","NJA 1986 s. 696","T 407-85","1986-12-09"
"T 351-85","1987-04-10","NJA 1976 s. 268",NA,NA
"T 351-85","1987-04-10","NJA 1955 s. 449",NA,NA
"T 353-87","1990-07-30","NJA 1989 s. 854","T 159-87","1989-12-28"
"T 353-87","1990-07-30","NJA 1989 s. 854","T 159-87","1989-12-28"
"T 353-87","1990-07-30","NJA 1989 s. 854","T 159-87","1989-12-28"
"T 353-87","1990-07-30","NJA 1989 s. 854","T 159-87","1989-12-28"
"T 356-87","1989-03-21","NJA 1978 s. 307",NA,NA
"T 356-87","1989-03-21","NJA 1987 s. 307",NA,NA
"T 356-87","1989-03-21","NJA 1978 s. 307",NA,NA
"T 367-81","1983-02-22","NJA 1978 s. 55",NA,NA
"T 367-81","1983-02-22","NJA 1974 s. 386",NA,NA
"T 367-81","1983-02-22","NJA 1981 s. 780",NA,NA
"T 367-81","1983-02-22","NJA 1977 s. 600",NA,NA
"T 367-81","1983-02-22","NJA 1980 s. 56",NA,NA
"T 368-87","1988-06-27","NJA 1988 s. 62","T 516-86","1988-03-07"
"T 370-86","1987-11-10","NJA 1973 s. 100",NA,NA
"T 370-86","1987-11-10","NJA 1985 s. 309","T 540-83","1985-04-11"
"T 370-86","1987-11-10","NJA 1973 s. 100",NA,NA
"T 370-86","1987-11-10","NJA 1985 s. 309","T 540-83","1985-04-11"
"T 375-86","1987-12-11","NJA 1987 s. 167","T 98-85","1987-03-27"
"T 375-86","1987-12-11","NJA 1987 s. 167","T 98-85","1987-03-27"
"T 384-86","1987-09-16","NJA 1987 s. 621 I",NA,NA
"T 39-80","1981-06-25","NJA 1980 s. 555",NA,NA
"T 39-80","1981-06-25","NJA 1980 s. 555",NA,NA
"T 39-83","1985-03-20","NJA 1975 s. 748",NA,NA
"T 39-88","1990-02-15","NJA 1929 s. 453",NA,NA
"T 390-87","1989-03-01","NJA 1959 s. 647",NA,NA
"T 390-87","1989-03-01","NJA 1953 s. 106",NA,NA
"T 391-86","1988-03-28","NJA 1949 s. 670",NA,NA
"T 397-85","1986-11-20","NJA 1983 s. 573","T 36-83","1983-08-23"
"T 397-85","1986-11-20","NJA 1977 s. 325",NA,NA
"T 397-85","1986-11-20","NJA 1982 C 25",NA,NA
"T 397-85","1986-11-20","NJA 1970 s. 420",NA,NA
"T 397-85","1986-11-20","NJA 1934 s. 77",NA,NA
"T 397-85","1986-11-20","NJA 1982 C 25",NA,NA
"T 397-85","1986-11-20","NJA 1970 s. 420",NA,NA
"T 4-87","1989-03-07","NJA 1881 s. 428",NA,NA
"T 4-87","1989-03-07","NJA 1881 s. 140",NA,NA
"T 4-88","1989-06-07","NJA 1939 s. 522",NA,NA
"T 4-88","1989-06-07","NJA 1974 s. 508",NA,NA
"T 405-82","1985-12-23","NJA 1978 s. 593",NA,NA
"T 41-86","1987-02-20","NJA 1984 s. 295",NA,NA
"T 41-86","1987-02-20","NJA 1984 s. 295",NA,NA
"T 414-81","1984-02-01","NJA 1951 s. 744",NA,NA
"T 416-86","1988-12-08","NJA 1980 s. 311",NA,NA
"T 416-86","1988-12-08","NJA 1942 s. 696",NA,NA
"T 419-85","1987-10-28","NJA 1987 s. 243","T 25-85","1987-04-28"
"T 419-85","1987-10-28","NJA 1987 s. 243","T 25-85","1987-04-28"
"T 426-88","1990-11-28","NJA 1981 s. 780",NA,NA
"T 431-83","1984-11-07","NJA 1984 s. 501","T 256-82","1984-07-05"
"T 431-83","1984-11-07","NJA 1984 s. 501","T 225-83","1984-07-05"
"T 433-83","1985-05-28","NJA 1982 s. 573","T 73-81","1982-09-30"
"T 435-85","1986-03-26","NJA 1980 s. 203",NA,NA
"T 435-85","1986-03-26","NJA 1980 s. 203",NA,NA
"T 436-82","1984-11-19","NJA 1982 s. 589","T 204-81","1982-10-07"
"T 436-82","1984-11-19","NJA 1982 s. 589","T 204-81","1982-10-07"
"T 436-82","1984-11-19","NJA 1982 s. 608",NA,NA
"T 436-82","1984-11-19","NJA 1980 s. 705",NA,NA
"T 436-82","1984-11-19","NJA 1983 s. 550","T 190-82","1983-07-21"
"T 441-88","1989-12-20","NJA 1989 s. 646","T 491-88","1989-11-06"
"T 441-88","1989-12-20","NJA 1984 s. 80","B 755-83","1984-02-16"
"T 441-88","1989-12-20","NJA 1989 s. 646","T 491-88","1989-11-06"
"T 441-88","1989-12-20","NJA 1984 s. 80","B 755-83","1984-02-16"
"T 45-81","1982-04-19","NJA 1965 s. 345",NA,NA
"T 45-81","1982-04-19","NJA 1961 s. 124",NA,NA
"T 45-83","1985-03-18","NJA 1981 s. 269",NA,NA
"T 451-81","1983-10-18","NJA 1979 s. 322",NA,NA
"T 451-81","1983-10-18","NJA 1979 s. 322",NA,NA
"T 451-88","1989-07-03","NJA 1979 s. 129",NA,NA
"T 451-88","1989-07-03","NJA 1982 s. 793","T 162-81","1982-12-07"
"T 451-88","1989-07-03","NJA 1985 s. 641","T 538-83","1985-10-01"
"T 451-88","1989-07-03","NJA 1986 s. 712","T 117-83","1986-12-12"
"T 451-88","1989-07-03","NJA 1985 s. 641","T 538-83","1985-10-01"
"T 451-88","1989-07-03","NJA 1968 s. 285",NA,NA
"T 451-88","1989-07-03","NJA 1977 s. 538",NA,NA
"T 451-88","1989-07-03","NJA 1945 s. 676",NA,NA
"T 451-88","1989-07-03","NJA 1961 s. 94",NA,NA
"T 451-88","1989-07-03","NJA 1949 s. 460",NA,NA
"T 454-85","1987-12-17","NJA 1984 s. 886","T 124-83","1984-12-07"
"T 48-88","1990-02-27","NJA 1978 s. 372",NA,NA
"T 500-87","1988-12-06","NJA 1949 s. 670",NA,NA
"T 500-87","1988-12-06","NJA 1988 s. 176","T 391-86","1988-03-28"
"T 508-88","1990-03-15","NJA 1989 s. 191","T 505-87","1989-04-26"
"T 51-83","1985-09-05","NJA 1977 s. 160",NA,NA
"T 511-86","1988-06-20","NJA 1986 s. 272","T 57-83","1986-06-04"
"T 511-86","1988-06-20","NJA 1976 s. 562",NA,NA
"T 511-86","1988-06-20","NJA 1976 s. 562",NA,NA
"T 511-86","1988-06-20","NJA 1986 s. 272","T 57-83","1986-06-04"
"T 511-86","1988-06-20","NJA 1976 s. 562",NA,NA
"T 511-86","1988-06-20","NJA 1975 s. 385","T 6866-20","2021-09-09"
"T 511-86","1988-06-20","NJA 1976 s. 562",NA,NA
"T 511-86","1988-06-20","NJA 1986 s. 272","T 57-83","1986-06-04"
"T 511-86","1988-06-20","NJA 1976 s. 562",NA,NA
"T 511-86","1988-06-20","NJA 1975 s. 385","T 6866-20","2021-09-09"
"T 511-86","1988-06-20","NJA 1986 s. 272","T 57-83","1986-06-04"
"T 511-86","1988-06-20","NJA 1976 s. 562",NA,NA
"T 511-86","1988-06-20","NJA 1976 s. 562",NA,NA
"T 511-86","1988-06-20","NJA 1986 s. 272","T 57-83","1986-06-04"
"T 511-86","1988-06-20","NJA 1986 s. 272","T 57-83","1986-06-04"
"T 516-86","1988-03-07","NJA 1972 s. 598",NA,NA
"T 516-86","1988-03-07","NJA 1972 s. 598",NA,NA
"T 516-86","1988-03-07","NJA 1966 s. 210",NA,NA
"T 516-86","1988-03-07","NJA 1972 s. 598",NA,NA
"T 516-86","1988-03-07","NJA 1971 s. 8",NA,NA
"T 516-86","1988-03-07","NJA 1972 s. 598",NA,NA
"T 516-86","1988-03-07","NJA 1972 s. 598",NA,NA
"T 516-86","1988-03-07","NJA 1965 s. 182",NA,NA
"T 516-86","1988-03-07","NJA 1971 s. 8",NA,NA
"T 516-86","1988-03-07","NJA 1958 s. 215",NA,NA
"T 516-86","1988-03-07","NJA 1966 s. 210",NA,NA
"T 526-88","1990-04-18","NJA 1982 s. 133","T 269-81","1982-03-24"
"T 536-88","1990-03-28","NJA 1980 s. 575",NA,NA
"T 538-83","1985-10-01","NJA 1968 s. 285",NA,NA
"T 538-83","1985-10-01","NJA 1945 s. 676",NA,NA
"T 538-83","1985-10-01","NJA 1945 s. 189",NA,NA
"T 538-83","1985-10-01","NJA 1918 s. 156",NA,NA
"T 540-83","1985-04-11","NJA 1953 s. 144",NA,NA
"T 540-83","1985-04-11","NJA 1949 s. 171",NA,NA
"T 540-83","1985-04-11","NJA 1975 s. 502",NA,NA
"T 540-83","1985-04-11","NJA 1974 s. 562 II",NA,NA
"T 540-83","1985-04-11","NJA 1936 s. 215",NA,NA
"T 55-81","1982-06-30","NJA 1973 s. 623",NA,NA
"T 55-81","1982-06-30","NJA 1979 s. 99",NA,NA
"T 55-81","1982-06-30","NJA 1931 s. 113",NA,NA
"T 550-83","1985-05-22","NJA 1973 s. 417",NA,NA
"T 550-83","1985-05-22","NJA 1964 A 57",NA,NA
"T 553-87","1989-04-12","NJA 1976 s. 678",NA,NA
"T 553-87","1989-04-12","NJA 1940 s. 359",NA,NA
"T 553-87","1989-04-12","NJA 1938 s. 273",NA,NA
"T 556-86","1988-12-12","NJA 1982 s. 578","T 142-80","1982-10-04"
"T 556-86","1988-12-12","NJA 1982 s. 578","T 142-80","1982-10-04"
"T 557-83","1986-03-20","NJA 1973 s. 628",NA,NA
"T 557-83","1986-03-20","NJA 1973 s. 628",NA,NA
"T 557-83","1986-03-20","NJA 1973 s. 628",NA,NA
"T 557-83","1986-03-20","NJA 1969 s. 529",NA,NA
"T 557-83","1986-03-20","NJA 1949 s. 724",NA,NA
"T 557-83","1986-03-20","NJA 1973 s. 628",NA,NA
"T 560-83","1985-06-11","NJA 1947 s. 126",NA,NA
"T 560-83","1985-06-11","NJA 1929 s. 520",NA,NA
"T 560-83","1985-06-11","NJA 1909 s. 549",NA,NA
"T 561-85","1988-01-18","NJA 1979 s. 790",NA,NA
"T 561-85","1988-01-18","NJA 1979 s. 790",NA,NA
"T 561-85","1988-01-18","NJA 1984 s. 3","T 261-82","1984-01-10"
"T 562-85","1987-02-04","NJA 1961 s. 673",NA,NA
"T 568-87","1989-05-08","NJA 1986 s. 454",NA,NA
"T 568-87","1989-05-08","NJA 1986 s. 454",NA,NA
"T 57-83","1986-06-04","NJA 1975 s. 385","T 6866-20","2021-09-09"
"T 57-83","1986-06-04","NJA 1975 s. 385","T 6866-20","2021-09-09"
"T 57-83","1986-06-04","NJA 1975 s. 385","T 6866-20","2021-09-09"
"T 57-83","1986-06-04","NJA 1970 s. 406",NA,NA
"T 57-83","1986-06-04","NJA 1975 s. 385","T 6866-20","2021-09-09"
"T 57-83","1986-06-04","NJA 1975 s. 385","T 6866-20","2021-09-09"
"T 57-83","1986-06-04","NJA 1975 s. 385","T 6866-20","2021-09-09"
"T 57-83","1986-06-04","NJA 1975 s. 385","T 6866-20","2021-09-09"
"T 57-83","1986-06-04","NJA 1975 s. 385","T 6866-20","2021-09-09"
"T 594-87","1989-01-11","NJA 1982 s. 224","T 284-80","1982-04-19"
"T 594-87","1989-01-11","NJA 1982 s 135",NA,NA
"T 594-87","1989-01-11","NJA 1981 s. 759","T 165-80","1981-07-10"
"T 60-83","1984-12-05","NJA 1978 s. 497",NA,NA
"T 614-86","1988-06-30","NJA 1988 s. 1",NA,NA
"T 614-86","1988-06-30","NJA 1985 s. 352","T 269-83","1985-04-12"
"T 614-86","1988-06-30","NJA 1988 s. 1",NA,NA
"T 614-86","1988-06-30","NJA 1985 s. 352","T 269-83","1985-04-12"
"T 67-87","1989-05-31","NJA 1984 s. 280","T 257-82","1984-04-12"
"T 67-87","1989-05-31","NJA 1984 s. 280","T 257-82","1984-04-12"
"T 69-81","1982-12-10","NJA 1979 s. 567",NA,NA
"T 69-81","1982-12-10","NJA 1973 s. 623",NA,NA
"T 75-85","1987-05-18","NJA 1983 s. 410 I och II",NA,NA
"T 75-85","1987-05-18","NJA 1983 s. 410 I och II",NA,NA
"T 75-85","1987-05-18","NJA 1976 s. 523",NA,NA
"T 75-85","1987-05-18","NJA 1889 s. 532",NA,NA
"T 86-83","1985-01-09","NJA 1978 s. 194",NA,NA
"T 86-83","1985-01-09","NJA 1981 A 1",NA,NA
"T 86-83","1985-01-09","NJA 1982 s. 404",NA,NA
"T 86-83","1985-01-09","NJA 1981 s. 1050",NA,NA
"T 86-87","1988-11-25","NJA 1967 s. 458",NA,NA
"T 86-87","1988-11-25","NJA 1967 s. 458",NA,NA
"T 91-86","1988-10-24","NJA 1977 s. 664",NA,NA
"T 93-88","1989-09-26","NJA 1985 s. 466",NA,NA
"T 93-88","1989-09-26","NJA 1976 s. 230",NA,NA
"T 94-87","1989-05-18","NJA 1975 s. 280",NA,NA
"T 94-87","1989-05-18","NJA 1951 s. 1",NA,NA
"T 94-87","1989-05-18","NJA 1975 s. 280",NA,NA
"T 94-87","1989-05-18","NJA 1975 s. 280",NA,NA
"T 94-87","1989-05-18","NJA 1951 s. 1",NA,NA
"T 97-81","1982-07-21","NJA 1978 s. 281",NA,NA
"T 97-81","1982-07-21","NJA 1969 s. 311",NA,NA
"T 97-81","1982-07-21","NJA 1961 s. 473",NA,NA
"T 97-81","1982-07-21","NJA 1978 s. 281",NA,NA
"T 97-81","1982-07-21","NJA 1981 s. 622","T 252-77","1981-04-29"
"T 97-81","1982-07-21","NJA 1977 s. 176",NA,NA
"T 97-81","1982-07-21","NJA 1959 s. 318",NA,NA
"T 97-81","1982-07-21","NJA 1952 s. 104",NA,NA
"T 97-81","1982-07-21","NJA 1981 s. 622","T 252-77","1981-04-29"
"T 97-81","1982-07-21","NJA 1977 s. 176",NA,NA
"B 1109-19","2020-03-26","NJA 1981 s. 1052","B 531-81","1981-11-17"
"B 1109-19","2020-03-26","NJA 1979 s. 773",NA,NA
"B 1109-19","2020-03-26","NJA 2004 s. 219",NA,NA
"B 136-20","2020-04-09","NJA 2017 s. 256",NA,NA
"B 136-20","2020-04-09","NJA 2017 s. 256",NA,NA
"B 2413-18","2019-09-12","NJA 1986 s. 392","B 592-85","1986-07-14"
"B 2413-18","2019-09-12","NJA 1986 s. 392","B 295-85","1986-07-14"
"B 2413-18","2019-09-12","NJA 1986 s. 392","B 592-85","1986-07-14"
"B 2413-18","2019-09-12","NJA 1986 s. 392","B 295-85","1986-07-14"
"B 2413-18","2019-09-12","NJA 1986 s. 392","B 592-85","1986-07-14"
"B 2413-18","2019-09-12","NJA 1986 s. 392","B 295-85","1986-07-14"
"B 2413-18","2019-09-12","NJA 1986 s. 392","B 592-85","1986-07-14"
"B 2413-18","2019-09-12","NJA 1986 s. 392","B 295-85","1986-07-14"
"B 2413-18","2019-09-12","NJA 1986 s. 392","B 592-85","1986-07-14"
"B 2413-18","2019-09-12","NJA 1986 s. 392","B 295-85","1986-07-14"
"B 2413-18","2019-09-12","NJA 1986 s. 392","B 592-85","1986-07-14"
"B 2413-18","2019-09-12","NJA 1986 s. 392","B 295-85","1986-07-14"
"B 2553-19","2020-04-03","NJA 1979 s. 802",NA,NA
"B 2553-19","2020-04-03","NJA 1933 s. 120",NA,NA
"B 2570-19","2020-03-13","NJA 2019 s. 747","B 5534-18","2019-10-11"
"B 3928-19","2020-03-12","NJA 1983 s. 709","B 404-83","1983-11-14"
"B 3928-19","2020-03-12","NJA 1983 s. 709","B 404-83","1983-11-14"
"B 4685-19","2020-03-05","NJA 1969 s. 401",NA,NA
"B 4685-19","2020-03-05","NJA 1968 s. 471",NA,NA
"B 4685-19","2020-03-05","NJA 1969 s. 401",NA,NA
"B 4685-19","2020-03-05","NJA 1967 s. 471",NA,NA
"B 5301-18","2020-03-17","NJA 1981 s. 1174","B 114-81","1981-12-09"
"B 5524-18","2019-12-27","NJA 1991 s. 444","B 573-91","1991-07-15"
"B 5898-18","2019-12-27","NJA 2017 s. 189",NA,NA
"B 5898-18","2019-12-27","NJA 2016 s. 169",NA,NA
"B 6140-18","2019-12-10","NJA 1985 s. 384","B 1150-83","1985-05-29"
"B 6140-18","2019-12-10","NJA 1985 s. 384","B 1150-83","1985-05-29"
"T 1274-19","2019-12-03","NJA 2013 s. 725",NA,NA
"T 1274-19","2019-12-03","NJA 2013 s. 725",NA,NA
"T 1274-19","2019-12-03","NJA 2013 s. 725",NA,NA
"T 1305-19","2020-04-17","NJA 1995 s. 178",NA,NA
"T 1305-19","2020-04-17","NJA 1986 s. 205","T 213-83","1986-04-09"
"T 1305-19","2020-04-17","NJA 1986 s. 146","T 160-83","1986-03-20"
"T 1305-19","2020-04-17","NJA 1009 N 33",NA,NA
"T 1305-19","2020-04-17","NJA 1986 s. 146","T 160-83","1986-03-20"
"T 175-19","2019-12-23","NJA 2006 s. 732",NA,NA
"T 293-19","2019-12-13","NJA 1976 s. 667",NA,NA
"T 2973-18","2019-10-14","NJA 1987 s. 500","T 75-85","1987-05-18"
"T 2973-18","2019-10-14","NJA 2014 s. 578",NA,NA
"T 2973-18","2019-10-14","NJA 1987 s. 500","T 75-85","1987-05-18"
"T 2973-18","2019-10-14","NJA 1983 s. 436",NA,NA
"T 2973-18","2019-10-14","NJA 2008 s. 444",NA,NA
"T 2973-18","2019-10-14","NJA 1992 s. 363 I-III",NA,NA
"T 2973-18","2019-10-14","NJA 1987 s. 500","T 75-85","1987-05-18"
"T 2973-18","2019-10-14","NJA 2008 s. 444",NA,NA
"T 2973-18","2019-10-14","NJA 1992 s. 363 I-III",NA,NA
"T 2973-18","2019-10-14","NJA 1986 s. 115",NA,NA
"T 2973-18","2019-10-14","NJA 1983 s. 553",NA,NA
"T 2973-18","2019-10-14","NJA 2008 s. 444",NA,NA
"T 2973-18","2019-10-14","NJA 1992 s. 363 II",NA,NA
"T 2973-18","2019-10-14","NJA 1983 s. 553",NA,NA
"T 2973-18","2019-10-14","NJA 1983 s. 436",NA,NA
"T 2973-18","2019-10-14","NJA 1999 s. 594",NA,NA
"T 2973-18","2019-10-14","NJA 2014 s. 578",NA,NA
"T 2973-18","2019-10-14","NJA 2008 s. 444",NA,NA
"T 2973-18","2019-10-14","NJA 1987 s. 500","T 75-85","1987-05-18"
"T 2973-18","2019-10-14","NJA 1983 s. 436",NA,NA
"T 2973-18","2019-10-14","NJA 1992 s. 363 I",NA,NA
"T 2973-18","2019-10-14","NJA 1987 s. 500","T 75-85","1987-05-18"
"T 2973-18","2019-10-14","NJA 2008 s. 444",NA,NA
"T 2973-18","2019-10-14","NJA 1992 s. 363 I-III",NA,NA
"T 2973-18","2019-10-14","NJA 2008 s. 444",NA,NA
"T 2977-18","2019-12-18","NJA 2016 s. 609 I",NA,NA
"T 2977-18","2019-12-18","NJA 2016 s. 609 I",NA,NA
"T 2977-18","2019-12-18","NJA 2016 s. 609 I",NA,NA
"T 2977-18","2019-12-18","NJA 2017 s. 1011",NA,NA
"T 2977-18","2019-12-18","NJA 1932 s. 32",NA,NA
"T 2977-18","2019-12-18","NJA 2019 s. 877","T 2841-18","2019-11-07"
"T 2977-18","2019-12-18","NJA 1979 s. 157",NA,NA
"T 2977-18","2019-12-18","NJA 2016 s. 609 I",NA,NA
"T 2977-18","2019-12-18","NJA 2016 s. 609 I",NA,NA
"T 3191-18","2019-11-06","NJA 1996 s. 104","T 64-95","1996-02-28"
"T 4144-19","2020-03-18","NJA 2012 s. 559",NA,NA
"T 4144-19","2020-03-18","NJA 2012 s. 559",NA,NA
"T 4144-19","2020-03-18","NJA 2012 s. 559",NA,NA
"T 481-19","2020-01-29","NJA 1994 s. 709","T 4542-92","1994-12-19"
"T 481-19","2020-01-29","NJA 1970 s. 122",NA,NA
"T 481-19","2020-01-29","NJA 1991 s. 217","T 254-90","1991-03-26"
"T 481-19","2020-01-29","NJA 1994 s. 709","T 4542-92","1994-12-19"
"T 481-19","2020-01-29","NJA 1994 s. 709","T 4542-92","1994-12-19"
"T 5736-18","2019-11-01","NJA 2017 s. 362",NA,NA
"T 5736-18","2019-11-01","NJA 1976 s. 667",NA,NA
"T 5736-18","2019-11-01","NJA 2008 s. 890",NA,NA
"T 5736-18","2019-11-01","NJA 1992 s. 263","T 365-90","1992-04-15"
"T 5736-18","2019-11-01","NJA 1976 s. 667",NA,NA
"T 5736-18","2019-11-01","NJA 1966 s. 70",NA,NA
"T 5736-18","2019-11-01","NJA 1962 s. 469",NA,NA
"T 5736-18","2019-11-01","NJA 1966 s. 70",NA,NA
"T 5778-18","2019-10-29","NJA 1998 s. 792","T 4166-97","1998-12-11"
"T 5778-18","2019-10-29","NJA 1996 s. 598","T 5302-95","1996-10-18"
"T 6146-18","2020-04-09","NJA 1996 s. 607","T 754-96","1996-10-18"
"T 6146-18","2020-04-09","NJA 2009 s. 90",NA,NA
"T 853-18","2020-01-23","NJA 1942 s. 336",NA,NA
"T 853-18","2020-01-23","NJA 1981 s. 1","T 324-76","1981-01-29"
"T 853-18","2020-01-23","NJA 1981 s. 1","T 324-76","1981-01-29"
"T 853-18","2020-01-23","NJA 1878 s. 113",NA,NA
"T 853-18","2020-01-23","NJA 1911 s. 257",NA,NA
"T 853-18","2020-01-23","NJA 1981 s. 1","T 324-76","1981-01-29"
"T 853-18","2020-01-23","NJA 1981 s. 1","T 324-76","1981-01-29"
"T 853-18","2020-01-23","NJA 1981 s. 1","T 324-76","1981-01-29"
"T 853-18","2020-01-23","NJA 1981 s. 1","T 324-76","1981-01-29"
"T 853-18","2020-01-23","NJA 1981 s. 1","T 324-76","1981-01-29"
"T 853-18","2020-01-23","NJA 1981 s. 1","T 324-76","1981-01-29"
"T 853-18","2020-01-23","NJA 1952 s. 199",NA,NA
"T 853-18","2020-01-23","NJA 1932 s. 314",NA,NA
"T 853-18","2020-01-23","NJA 1981 s. 1","T 324-76","1981-01-29"
"T 853-18","2020-01-23","NJA 1981 s. 1","T 324-76","1981-01-29"
"T 853-18","2020-01-23","NJA 1984 s. 148",NA,NA
"T 853-18","2020-01-23","NJA 1952 s. 199",NA,NA
"T 853-18","2020-01-23","NJA 1932 s. 314",NA,NA
"T 853-18","2020-01-23","NJA 1932 s. 314",NA,NA
"T 853-18","2020-01-23","NJA 1885 s. 357",NA,NA
"T 853-18","2020-01-23","NJA 1981 s. 1","T 324-76","1981-01-29"
"T 853-18","2020-01-23","NJA 1942 s. 336",NA,NA
"T 853-18","2020-01-23","NJA 1981 s. 1","T 324-76","1981-01-29"
"T 853-18","2020-01-23","NJA 1942 s. 336",NA,NA
"T 853-18","2020-01-23","NJA 1946 s. 94",NA,NA
"T 853-18","2020-01-23","NJA 1944 s. 117",NA,NA
"T 853-18","2020-01-23","NJA 1981 s. 1","T 324-76","1981-01-29"
"T 853-18","2020-01-23","NJA 1981 s. 1","T 324-76","1981-01-29"
"T 909-19","2020-03-05","NJA 1998 s. 807","T 4087-97","1998-12-14"
"T 909-19","2020-03-05","NJA 1998 s. 807","T 4087-97","1998-12-14"
"B 999-87","1987-11-19","NJA 1973 s. 157",NA,NA
"T 252-77","1981-04-29","NJA 1977 s. 176",NA,NA
"T 307-78","1981-10-15","NJA 1977 s. 593",NA,NA
"T 324-76","1981-01-29","NJA 1979 s. 1",NA,NA
"T 324-76","1981-01-29","NJA 1965 s. 492",NA,NA
"T 324-76","1981-01-29","NJA 1952 s. 199",NA,NA
"T 324-76","1981-01-29","NJA 1932 s. 314",NA,NA
"T 327-91","1991-12-20","NJA 1986 s. 257","T 94-86","1986-05-16"
"T 327-91","1991-12-20","NJA 1986 s. 257","T 94-86","1986-05-16"
"T 335-77","1981-04-09","NJA 1979 s. 1",NA,NA
"T 335-77","1981-04-09","NJA 1979 s. 1",NA,NA
"T 335-77","1981-04-09","NJA 1979 s. 1",NA,NA
"T 335-77","1981-04-09","NJA 1979 s. 1",NA,NA
"T 392-87","1988-06-07","NJA 1976 s. 708",NA,NA
"T 392-87","1988-06-07","NJA 1956 s. 719",NA,NA
"T 3998-00","2001-05-02","NJA 1991 s. 794","T 327-91","1991-12-20"
"T 61-77","1981-02-18","NJA 1931 s. 642",NA,NA
"T 61-77","1981-02-18","NJA 1925 s. 497",NA,NA
"T 61-77","1981-02-18","NJA 1925 s. 184",NA,NA
"T 61-77","1981-02-18","NJA 1924 s. 372",NA,NA
"T 61-77","1981-02-18","NJA 1923 s. 534",NA,NA
"T 61-77","1981-02-18","NJA 1923 s. 241",NA,NA
"B 1371-20","2020-09-23","NJA 2019 s. 747","B 5534-18","2019-10-11"
"B 1997-20","2021-06-03","NJA 2019 s. 1041",NA,NA
"B 1997-20","2021-06-03","NJA 2019 s. 1041",NA,NA
"B 1997-20","2021-06-03","NJA 1992 s. 717","T 43-91","1992-11-13"
"B 1997-20","2021-06-03","NJA 1951 s. 6",NA,NA
"B 1997-20","2021-06-03","NJA 2015 s. 359",NA,NA
"B 2173-19","2020-10-06","NJA 1979 s. 524",NA,NA
"B 2173-19","2020-10-06","NJA 1979 s. 286",NA,NA
"B 2465-21","2021-10-27","NJA 2020 s. 615","B 958-20","2020-07-08"
"B 2671-20","2020-10-21","NJA 2020 s. 615","B 958-20","2020-07-08"
"B 2671-20","2020-10-21","NJA 2020 s. 615","B 958-20","2020-07-08"
"B 27-21","2021-11-10","NJA 2015 s. 1129 I",NA,NA
"B 27-21","2021-11-10","NJA 2015 s. 1129 I",NA,NA
"B 27-21","2021-11-10","NJA 2020 s. 564","B 5306-19","2020-07-02"
"B 27-21","2021-11-10","NJA 1991 s. 498","B 792-91","1991-10-07"
"B 27-21","2021-11-10","NJA 1991 s. 498","B 792-91","1991-10-07"
"B 27-21","2021-11-10","NJA 2015 s. 1129 I-III",NA,NA
"B 2855-20","2021-03-02","NJA 1953 s. 577",NA,NA
"B 2862-20","2021-07-02","NJA 2019 s. 1064","T 3808-19","2019-12-30"
"B 3054-19","2020-07-10","NJA 1984 II s. 67",NA,NA
"B 3054-19","2020-07-10","NJA 2008 N 48",NA,NA
"B 3054-19","2020-07-10","NJA 1988 s. 106","T 422-86","1988-03-02"
"B 3054-19","2020-07-10","NJA 2012 s. 1038 I",NA,NA
"B 3054-19","2020-07-10","NJA 2015 s. 155",NA,NA
"B 3596-18","2020-06-10","NJA 1988 s. 481","B 284-88","1988-10-05"
"B 3596-18","2020-06-10","NJA 1986 s. 779","B 971-85","1986-12-19"
"B 4072-21","2021-11-17","NJA 2008 s. 1096 I",NA,NA
"B 4175-20","2021-04-21","NJA 2001 s. 344",NA,NA
"B 4175-20","2021-04-21","NJA 2010 s. 151",NA,NA
"B 4175-20","2021-04-21","NJA 1986 s. 489","B 6-85","1986-09-24"
"B 423-20","2021-03-04","NJA 2020 s. 564","B 5306-19","2020-07-02"
"B 4294-20","2021-05-20","NJA 2020 s. 615","B 958-20","2020-07-08"
"B 4294-20","2021-05-20","NJA 2020 s. 615","B 958-20","2020-07-08"
"B 4294-20","2021-05-20","NJA 2007 s. 557",NA,NA
"B 4294-20","2021-05-20","NJA 2020 s. 917","B 5175-19","2020-12-03"
"B 4294-20","2021-05-20","NJA 1981 s. 380","B 6-80","1981-02-18"
"B 4294-20","2021-05-20","NJA 2019 s. 747","B 5534-18","2019-10-11"
"B 4294-20","2021-05-20","NJA 2020 s. 615","B 958-20","2020-07-08"
"B 4564-21","2021-12-21","NJA 2021 s. 56","B 2855-20","2021-03-02"
"B 4564-21","2021-12-21","NJA 2017 s. 806",NA,NA
"B 5175-19","2020-12-03","NJA 2013 s. 945",NA,NA
"B 5175-19","2020-12-03","NJA 2007 s. 805 I",NA,NA
"B 5175-19","2020-12-03","NJA 2007 s. 805 I",NA,NA
"B 5175-19","2020-12-03","NJA 1984 s. 564","B 1118-83","1984-07-13"
"B 5175-19","2020-12-03","NJA 1981 s. 380","B 6-80","1981-02-18"
"B 5175-19","2020-12-03","NJA 2007 s. 805 I",NA,NA
"B 5575-20","2021-03-19","NJA 2020 s. 564","B 5306-19","2020-07-02"
"B 5948-17","2019-11-13","NJA 1946 s. 65",NA,NA
"B 5948-17","2019-11-13","NJA 2014 s. 664",NA,NA
"B 5960-20","2021-09-10","NJA 2019 s. 1032","B 5524-18","2019-12-27"
"B 5960-20","2021-09-10","NJA 2019 s. 1032","B 5524-18","2019-12-27"
"B 5960-20","2021-09-10","NJA 2019 s. 1032","B 5524-18","2019-12-27"
"B 5960-20","2021-09-10","NJA 2019 s. 1032","B 5524-18","2019-12-27"
"B 5960-20","2021-09-10","NJA 2019 s. 1032","B 5524-18","2019-12-27"
"B 5960-20","2021-09-10","NJA 2021 s. 377","B 6041-20","2021-06-01"
"B 6037-19","2020-06-17","NJA 2019 s. 1041",NA,NA
"B 6037-19","2020-06-17","NJA 1986 s. 374","B 1083-83","1986-07-01"
"B 6041-20","2021-06-01","NJA 2021 s. 32","B 4914-20","2021-02-26"
"B 6041-20","2021-06-01","NJA 2021 s. 32","B 4914-20","2021-02-26"
"B 6092-20","2021-11-11","NJA 2000 s. 17 I och II",NA,NA
"B 6092-20","2021-11-11","NJA 2012 s. 211 I",NA,NA
"B 6092-20","2021-11-11","NJA 2012 s. 1038 I",NA,NA
"B 6092-20","2021-11-11","NJA 2012 s. 1038 I",NA,NA
"B 6092-20","2021-11-11","NJA 2012 s. 1038 I",NA,NA
"B 6092-20","2021-11-11","NJA 2000 s. 17 I och II",NA,NA
"B 6137-20","2021-12-01","NJA 1997 s. 270",NA,NA
"B 6137-20","2021-12-01","NJA 2004 s. 826",NA,NA
"B 6249-20","2021-06-30","NJA 2021 s. 377","B 6041-20","2021-06-01"
"B 6249-20","2021-06-30","NJA 2021 s. 377","B 6041-20","2021-06-01"
"B 6705-20","2021-12-30","NJA 2020 s. 397","B 2553-19","2020-04-03"
"B 6705-20","2021-12-30","NJA 2020 s. 540","B 3961-19","2020-06-17"
"B 6705-20","2021-12-30","NJA 2020 s. 397","B 2553-19","2020-04-03"
"B 6705-20","2021-12-30","NJA 2020 s. 397","B 2553-19","2020-04-03"
"B 6852-20","2021-07-14","NJA 2021 s. 377","B 6041-20","2021-06-01"
"B 6852-20","2021-07-14","NJA 2021 s. 377","B 6041-20","2021-06-01"
"B 6852-20","2021-07-14","NJA 1985 s. 510","B 369-85","1985-07-08"
"B 6852-20","2021-07-14","NJA 2021 s. 377","B 6041-20","2021-06-01"
"B 6852-20","2021-07-14","NJA 2021 s. 32","B 4914-20","2021-02-26"
"B 6852-20","2021-07-14","NJA 2021 s. 32","B 4914-20","2021-02-26"
"B 6852-20","2021-07-14","NJA 2021 s. 32","B 4914-20","2021-02-26"
"B 6852-20","2021-07-14","NJA 2021 s. 32","B 4914-20","2021-02-26"
"B 6852-20","2021-07-14","NJA 2021 s. 32","B 4914-20","2021-02-26"
"B 6852-20","2021-07-14","NJA 2021 s. 377","B 6041-20","2021-06-01"
"B 6852-20","2021-07-14","NJA 2021 s. 377","B 6041-20","2021-06-01"
"B 6852-20","2021-07-14","NJA 2021 s. 32","B 4914-20","2021-02-26"
"B 6852-20","2021-07-14","NJA 2021 s. 32","B 4914-20","2021-02-26"
"B 978-20","2021-02-22","NJA 2007 s. 557",NA,NA
"B 978-20","2021-02-22","NJA 2005 s. 348 I och II",NA,NA
"T 1268-20","2021-03-18","NJA 1985 s. 466",NA,NA
"T 1291-21","2021-10-08","NJA 2020 s. 1142","T 3132-20","2020-12-29"
"T 1413-19","2020-07-09","NJA 1982 s. 230","T 45-81","1982-04-19"
"T 1413-19","2020-07-09","NJA 1961 s. 124",NA,NA
"T 1413-19","2020-07-09","NJA 1982 s. 230","T 45-81","1982-04-19"
"T 1413-19","2020-07-09","NJA 1994 s. 265",NA,NA
"T 1413-19","2020-07-09","NJA 1961 s. 124",NA,NA
"T 1413-19","2020-07-09","NJA 1982 s. 230","T 45-81","1982-04-19"
"T 1413-19","2020-07-09","NJA 1982 s. 230","T 45-81","1982-04-19"
"T 1781-19","2020-10-23","NJA 2018 s. 475",NA,NA
"T 1781-19","2020-10-23","NJA 2018 s. 475",NA,NA
"T 1848-20","2021-02-26","NJA 1971 s. 78",NA,NA
"T 1848-20","2021-02-26","NJA 1993 s. 41 I och II",NA,NA
"T 1848-20","2021-02-26","NJA 1993 s. 41 I och II",NA,NA
"T 1848-20","2021-02-26","NJA 1996 s. 377","T 4634-95","1996-06-13"
"T 1848-20","2021-02-26","NJA 1993 s. 41 I och II",NA,NA
"T 1848-20","2021-02-26","NJA 1971 s. 78",NA,NA
"T 1858-21","2021-12-28","NJA 2013 s. 350","T 5746-10","2013-05-16"
"T 2126-19","2020-10-06","NJA 1977 s. 509",NA,NA
"T 2470-20","2021-09-01","NJA 1987 s. 982","T 302-86","1987-12-29"
"T 2508-20","2021-12-28","NJA 2021 s. 547 II",NA,NA
"T 2508-20","2021-12-28","NJA 2021 s. 547 II",NA,NA
"T 2508-20","2021-12-28","NJA 2021 s. 547 II",NA,NA
"T 2508-20","2021-12-28","NJA 2021 s. 547 II",NA,NA
"T 2508-20","2021-12-28","NJA 2021 s. 547 II",NA,NA
"T 2508-20","2021-12-28","NJA 2021 s. 547 II",NA,NA
"T 264-12","2013-06-05","NJA 1995 s. 714",NA,NA
"T 2829-19","2020-12-10","NJA 2019 s. 807","T 5778-18","2019-10-29"
"T 2829-19","2020-12-10","NJA 2019 s. 807","T 5778-18","2019-10-29"
"T 2829-19","2020-12-10","NJA 1988 s. 3","T 561-85","1988-01-18"
"T 2829-19","2020-12-10","NJA 1988 s. 363","T 614-86","1988-06-30"
"T 2829-19","2020-12-10","NJA 1988 s. 3","T 561-85","1988-01-18"
"T 2829-19","2020-12-10","NJA 1998 s. 792","T 4166-97","1998-12-11"
"T 2829-19","2020-12-10","NJA 2018 s. 653",NA,NA
"T 2829-19","2020-12-10","NJA 2020 s. 822","T 2948-19","2020-10-27"
"T 2829-19","2020-12-10","NJA 1996 s. 598","T 5302-95","1996-10-18"
"T 2829-19","2020-12-10","NJA 1978 s. 301",NA,NA
"T 2829-19","2020-12-10","NJA 2019 s. 807","T 5778-18","2019-10-29"
"T 2829-19","2020-12-10","NJA 2019 s. 807","T 5778-18","2019-10-29"
"T 2829-19","2020-12-10","NJA 1971 s. 51",NA,NA
"T 2829-19","2020-12-10","NJA 1983 s. 865","T 206-82","1983-12-20"
"T 2829-19","2020-12-10","NJA 2019 s. 1001","T 2996-18","2019-12-23"
"T 2829-19","2020-12-10","NJA 1998 s. 792","T 4166-97","1998-12-11"
"T 2829-19","2020-12-10","NJA 1991 s. 808","T 543-89","1991-12-27"
"T 2829-19","2020-12-10","NJA 1938 s. 318",NA,NA
"T 2829-19","2020-12-10","NJA 1937 s. 518",NA,NA
"T 2838-20","2021-05-27","NJA 2020 s. 951","T 2829-19","2020-12-10"
"T 2838-20","2021-05-27","NJA 2020 s. 951","T 2829-19","2020-12-10"
"T 2948-19","2020-10-27","NJA 2019 s. 1013","T 175-19","2019-12-23"
"T 2948-19","2020-10-27","NJA 2015 s. 566",NA,NA
"T 3044-19","2020-09-11","NJA 1971 s. 129",NA,NA
"T 3132-20","2020-12-29","NJA 1979 s. 620",NA,NA
"T 3132-20","2020-12-29","NJA 1996 s. 377","T 4634-95","1996-06-13"
"T 3132-20","2020-12-29","NJA 1972 s. 81",NA,NA
"T 3332-20","2021-06-16","NJA 1935 s. 270",NA,NA
"T 3332-20","2021-06-16","NJA 1935 s. 270",NA,NA
"T 3332-20","2021-06-16","NJA 1935 s. 270",NA,NA
"T 3332-20","2021-06-16","NJA 2020 s. 115","T 481-19","2020-01-29"
"T 3332-20","2021-06-16","NJA 1920 s. 638",NA,NA
"T 3332-20","2021-06-16","NJA 1918 s. 398",NA,NA
"T 3372-20","2021-06-21","NJA 1991 s. 720","T 487-89","1991-12-11"
"T 3372-20","2021-06-21","NJA 1990 s. 71","T 369-86","1990-03-01"
"T 3372-20","2021-06-21","NJA 1990 s. 720",NA,NA
"T 3372-20","2021-06-21","NJA 1990 s. 71","T 369-86","1990-03-01"
"T 3372-20","2021-06-21","NJA 1987 s. 222","T 274-86","1987-04-14"
"T 3372-20","2021-06-21","NJA 1979 s. 129",NA,NA
"T 3372-20","2021-06-21","NJA 1973 s. 365",NA,NA
"T 3372-20","2021-06-21","NJA 1991 s. 720","T 487-89","1991-12-11"
"T 3563-20","2021-07-07","NJA 2007 s. 9",NA,NA
"T 3563-20","2021-07-07","NJA 2007 s. 9",NA,NA
"T 3563-20","2021-07-07","NJA 2007 s. 9",NA,NA
"T 3563-20","2021-07-07","NJA 2018 s. 350",NA,NA
"T 3563-20","2021-07-07","NJA 1994 s. 61",NA,NA
"T 3563-20","2021-07-07","NJA 1952 s. 312",NA,NA
"T 3781-20","2021-10-08","NJA 1984 s. 531 I-III",NA,NA
"T 3781-20","2021-10-08","NJA 2001 s. 456",NA,NA
"T 3781-20","2021-10-08","NJA 1984 s. 531 I-III",NA,NA
"T 396-19","2020-06-16","NJA 2019 s. 941","T 1274-19","2019-12-03"
"T 396-19","2020-06-16","NJA 2013 s. 725",NA,NA
"T 396-19","2020-06-16","NJA 2019 s. 941","T 1274-19","2019-12-03"
"T 396-19","2020-06-16","NJA 2013 s. 725",NA,NA
"T 3982-20","2021-12-02","NJA 2020 s. 115","T 481-19","2020-01-29"
"T 3982-20","2021-12-02","NJA 1994 s. 449 I och II",NA,NA
"T 3982-20","2021-12-02","NJA 1984 s. 501 I och II",NA,NA
"T 3982-20","2021-12-02","NJA 2020 s. 115","T 481-19","2020-01-29"
"T 3982-20","2021-12-02","NJA 1994 s. 449","T 4149-92","1994-06-16"
"T 3982-20","2021-12-02","NJA 1984 s. 501","T 256-82","1984-07-05"
"T 3982-20","2021-12-02","NJA 1984 s. 501","T 225-83","1984-07-05"
"T 4012-20","2021-07-20","NJA 2007 s. 758",NA,NA
"T 4071-20","2021-07-30","NJA 2018 s. 653",NA,NA
"T 4171-20","2021-07-16","NJA 1985 s. 414","T 357-83","1985-05-29"
"T 4171-20","2021-07-16","NJA 1973 s. 687",NA,NA
"T 4171-20","2021-07-16","NJA 1973 s. 687",NA,NA
"T 4171-20","2021-07-16","NJA 1954 s. 517",NA,NA
"T 4171-20","2021-07-16","NJA 1949 s. 632",NA,NA
"T 4171-20","2021-07-16","NJA 1973 s. 687",NA,NA
"T 4238-19","2020-07-03","NJA 1988 s. 586","B 990-87","1988-12-05"
"T 4412-19","2020-03-18","NJA 2007 s. 747",NA,NA
"T 4412-19","2020-03-18","NJA 1985 s. 893","B 696-83","1985-12-23"
"T 4412-19","2020-03-18","NJA 1985 s. 893","B 696-83","1985-12-23"
"T 4457-20","2021-12-03","NJA 1991 s. 152","T 491-89","1991-02-28"
"T 4457-20","2021-12-03","NJA 1991 s. 152","T 491-89","1991-02-28"
"T 4457-20","2021-12-03","NJA 1942 s. 265",NA,NA
"T 497-20","2020-12-16","NJA 2018 s. 834",NA,NA
"T 497-20","2020-12-16","NJA 2018 s. 883",NA,NA
"T 5018-20","2021-03-31","NJA 1984 s. 482","T 372-82","1984-07-03"
"T 5444-20","2021-10-29","NJA 1981 s. 780",NA,NA
"T 5637-19","2020-10-28","NJA 2012 s. 921",NA,NA
"T 5637-19","2020-10-28","NJA 2012 s. 921",NA,NA
"T 5637-19","2020-10-28","NJA 2020 s. 190",NA,NA
"T 5637-19","2020-10-28","NJA 2012 s. 921",NA,NA
"T 5637-19","2020-10-28","NJA 2020 s. 190",NA,NA
"T 5637-19","2020-10-28","NJA 2012 s. 921",NA,NA
"T 5637-19","2020-10-28","NJA 2012 s. 921",NA,NA
"T 5637-19","2020-10-28","NJA 2012 s. 921",NA,NA
"T 5637-19","2020-10-28","NJA 2012 s. 921",NA,NA
"T 5830-19","2020-12-15","NJA 1903 s. 210",NA,NA
"T 5830-19","2020-12-15","NJA 1967 s. 577",NA,NA
"T 5999-20","2021-12-17","NJA 1974 s. 190",NA,NA
"T 5999-20","2021-12-17","NJA 1975 s. 288",NA,NA
"T 6178-20","2021-10-01","NJA 2017 s. 550",NA,NA
"T 6178-20","2021-10-01","NJA 1989 s. 696",NA,NA
"T 6178-20","2021-10-01","NJA 1989 s. 696",NA,NA
"T 6178-20","2021-10-01","NJA 1981 s. 897",NA,NA
"T 6178-20","2021-10-01","NJA 1993 s. 529",NA,NA
"T 6178-20","2021-10-01","NJA 1990 s. 18",NA,NA
"T 6178-20","2021-10-01","NJA 1989 s. 696",NA,NA
"T 6178-20","2021-10-01","NJA 1981 s. 897",NA,NA
"T 6178-20","2021-10-01","NJA 1984 s. 673",NA,NA
"T 6178-20","2021-10-01","NJA 1990 s. 18",NA,NA
"T 6178-20","2021-10-01","NJA 2017 s. 550",NA,NA
"T 6178-20","2021-10-01","NJA 1989 s. 9",NA,NA
"T 6178-20","2021-10-01","NJA 2017 s. 289",NA,NA
"T 6178-20","2021-10-01","NJA 2017 s. 289",NA,NA
"T 6178-20","2021-10-01","NJA 2017 s. 289",NA,NA
"T 6178-20","2021-10-01","NJA 2017 s. 550",NA,NA
"T 6178-20","2021-10-01","NJA 1989 s. 696",NA,NA
"T 6178-20","2021-10-01","NJA 1981 s. 897",NA,NA
"T 6178-20","2021-10-01","NJA 2017 s. 289",NA,NA
"T 6178-20","2021-10-01","NJA 1989 s. 9",NA,NA
"T 6178-20","2021-10-01","NJA 1949 s. 645",NA,NA
"T 6178-20","2021-10-01","NJA 2017 s. 289",NA,NA
"T 6178-20","2021-10-01","NJA 2000 s. 262",NA,NA
"T 6178-20","2021-10-01","NJA 1990 s. 18",NA,NA
"T 6178-20","2021-10-01","NJA 1981 s. 897",NA,NA
"T 6178-20","2021-10-01","NJA 1981 s. 897",NA,NA
"T 6178-20","2021-10-01","NJA 2017 s. 289",NA,NA
"T 6178-20","2021-10-01","NJA 2017 s. 289",NA,NA
"T 6178-20","2021-10-01","NJA 1993 s. 468",NA,NA
"T 6178-20","2021-10-01","NJA 1990 s. 18",NA,NA
"T 6178-20","2021-10-01","NJA 1981 s. 897",NA,NA
"T 6178-20","2021-10-01","NJA 2017 s. 550",NA,NA
"T 6178-20","2021-10-01","NJA 2017 s. 289",NA,NA
"T 6178-20","2021-10-01","NJA 1984 s. 673",NA,NA
"T 6178-20","2021-10-01","NJA 2007 s. 455",NA,NA
"T 6178-20","2021-10-01","NJA 1993 s. 468",NA,NA
"T 6178-20","2021-10-01","NJA 1989 s. 696",NA,NA
"T 6178-20","2021-10-01","NJA 2017 s. 550",NA,NA
"T 6178-20","2021-10-01","NJA 2000 s. 262",NA,NA
"T 6178-20","2021-10-01","NJA 1961 s. 344",NA,NA
"T 6332-20","2021-10-29","NJA 2013 s. 117",NA,NA
"T 637-20","2021-04-08","NJA 1985 s. 365",NA,NA
"T 637-20","2021-04-08","NJA 1984 s. 562",NA,NA
"T 640-19","2021-11-24","NJA 2013 s. 441",NA,NA
"T 640-19","2021-11-24","NJA 2013 s. 441",NA,NA
"T 6460-19","2020-12-29","NJA 2013 s. 350","T 5746-10","2013-05-16"
"T 6866-20","2021-09-09","NJA 1975 s. 385","T 6866-20","2021-09-09"
"T 79-21","2021-12-17","NJA 2013 s. 223",NA,NA
"T 79-21","2021-12-17","NJA 1997 s. 805",NA,NA
"T 79-21","2021-12-17","NJA 1997 s. 805",NA,NA
"T 79-21","2021-12-17","NJA 1992 s. 47",NA,NA
"T 79-21","2021-12-17","NJA 1983 s. 292",NA,NA
"T 79-21","2021-12-17","NJA 1997 s. 805",NA,NA
"T 863-21","2021-12-15","NJA 2021 s. 473","T 3372-20","2021-06-21"
"T 863-21","2021-12-15","NJA 1977 s. 176",NA,NA
"T 863-21","2021-12-15","NJA 1987 s. 222","T 274-86","1987-04-14"
"T 863-21","2021-12-15","NJA 1979 s. 129",NA,NA
"T 863-21","2021-12-15","NJA 1951 s. 79",NA,NA
"T 863-21","2021-12-15","NJA 1950 s. 440",NA,NA
"T 863-21","2021-12-15","NJA 2021 s. 473","T 3372-20","2021-06-21"
"T 863-21","2021-12-15","NJA 1977 s. 176",NA,NA
"T 863-21","2021-12-15","NJA 1991 s. 481","T 335-90","1991-09-20"
"T 898-20","2021-03-26","NJA 1994 s. 709","T 4542-92","1994-12-19"
"T 930-21","2021-12-09","NJA 2017 s. 769",NA,NA
"B 1770-21","2022-02-15","NJA 2020 s. 216","B 2570-19","2020-03-13"
"B 1770-21","2022-02-15","NJA 2021 s. 536","B 2862-20","2021-07-02"
"B 1770-21","2022-02-15","NJA 2021 s. 536","B 2862-20","2021-07-02"
"B 1886-21","2022-04-12","NJA 2019 s. 721","B 2413-18","2019-09-12"
"B 1886-21","2022-04-12","NJA 2019 s. 721","B 2413-18","2019-09-12"
"B 1886-21","2022-04-12","NJA 2012 N 5",NA,NA
"B 1886-21","2022-04-12","NJA 2019 s. 721","B 2413-18","2019-09-12"
"B 1886-21","2022-04-12","NJA 2019 s. 721","B 2413-18","2019-09-12"
"B 531-21","2022-02-17","NJA 2020 s. 545","B 6037-19","2020-06-17"
"B 531-21","2022-02-17","NJA 2020 s. 344","B 1109-19","2020-03-26"
"B 531-21","2022-02-17","NJA 2020 s. 344","B 1109-19","2020-03-26"
"B 531-21","2022-02-17","NJA 2020 s. 545","B 6037-19","2020-06-17"
"B 531-21","2022-02-17","NJA 2020 s. 545","B 6037-19","2020-06-17"
"T 1032-21","2022-03-03","NJA 1988 s. 457","T 312-86","1988-09-27"
"T 3193-21","2022-04-26","NJA 1991 s. 720","T 487-89","1991-12-11"
"T 3193-21","2022-04-26","NJA 1996 s. 634","T 3235-95","1996-11-01"
"T 3193-21","2022-04-26","NJA 1991 s. 720","T 487-89","1991-12-11"
"T 3193-21","2022-04-26","NJA 1996 s. 634","T 3235-95","1996-11-01"
"T 3531-21","2022-03-16","NJA 1996 s. 433",NA,NA
"T 3531-21","2022-03-16","NJA 1986 s. 187","T 435-85","1986-03-26"
"T 390-21","2022-03-15","NJA 2014 s. 838",NA,NA
"T 390-21","2022-03-15","NJA 2012 s. 183",NA,NA
"T 390-21","2022-03-15","NJA 2014 s. 838",NA,NA
"T 5450-21","2022-01-31","NJA 1995 s. 269","T 4397-92","1995-05-05"
"T 5450-21","2022-01-31","NJA 2019 s. 1064","T 3808-19","2019-12-30"
"T 5450-21","2022-01-31","NJA 2019 s. 1064","T 3808-19","2019-12-30"
"T 5450-21","2022-01-31","NJA 1995 s. 269","T 4397-92","1995-05-05"
"T 6974-20","2022-04-13","NJA 1973 s. 687",NA,NA
"T 6974-20","2022-04-13","NJA 1963 s. 345",NA,NA
"T 6974-20","2022-04-13","NJA 1973 s. 687",NA,NA
"T 6974-20","2022-04-13","NJA 2021 s. 605","T 4171-20","2021-07-16"
"T 885-21","2022-03-02","NJA 2021 s. 118","T 1268-20","2021-03-18"
"T 885-21","2022-03-02","NJA 1986 s. 187","T 435-85","1986-03-26"
"B 1099-21","2022-05-31","NJA 2022 s. 227","B 4450-21","2022-04-05"
"B 1099-21","2022-05-31","NJA 2022 s. 227","B 4450-21_B YT UT 023-02-15","2022-04-05"
"B 4249-21","2022-06-23","NJA 2021 s. 341","B 4294-20","2021-05-20"
"B 4249-21","2022-06-23","NJA 2021 s. 341","B 4294-20","2021-05-20"
"B 4249-21","2022-06-23","NJA 2019 s. 747","B 5534-18","2019-10-11"
"B 4249-21","2022-06-23","NJA 2018 s. 77 I-III",NA,NA
"B 4249-21","2022-06-23","NJA 2018 s. 77 I-III",NA,NA
"B 4788-15","2016-11-17","NJA 2014 s. 139 I",NA,NA
"T 1467-11","2012-12-20","NJA 1990 s. 137","T 508-88","1990-03-15"
"T 2270-21","2022-05-12","NJA 1989 s. 505","T 312-88","1989-09-21"
"T 2270-21","2022-05-12","NJA 1989 s. 505","T 312-88","1989-09-21"
"T 2270-21","2022-05-12","NJA 1974 s. 370",NA,NA
"T 3131-21","2022-05-11","NJA 2009 s. 272 II",NA,NA
"T 3131-21","2022-05-11","NJA 2019 s. 877","T 2841-18","2019-11-07"
"T 3131-21","2022-05-11","NJA 1998 s. 625","T 3415-96","1998-11-05"
"T 3131-21","2022-05-11","NJA 1991 s. 625","T 185-90","1991-11-20"
"T 3131-21","2022-05-11","NJA 2009 s. 272 II",NA,NA
"T 3131-21","2022-05-11","NJA 2019 s. 877","T 2841-18","2019-11-07"
"T 3131-21","2022-05-11","NJA 2009 s. 272 II",NA,NA
"T 3131-21","2022-05-11","NJA 1980 s. 46",NA,NA
"T 3131-21","2022-05-11","NJA 1998 s. 625","T 3415-96","1998-11-05"
"T 3131-21","2022-05-11","NJA 1992 s. 58","T 447-90","1992-02-18"
"T 3131-21","2022-05-11","NJA 1991 s. 625","T 185-90","1991-11-20"
"T 3131-21","2022-05-11","NJA 2019 s. 877","T 2841-18","2019-11-07"
"T 3918-21","2022-06-21","NJA 2017 s. 362",NA,NA
"T 3918-21","2022-06-21","NJA 1977 s. 479",NA,NA
"T 3918-21","2022-06-21","NJA 1952 s. 99",NA,NA
"T 3918-21","2022-06-21","NJA 1974 s. 646",NA,NA
"T 3918-21","2022-06-21","NJA 2021 s. 992","T 4457-20","2021-12-03"
"T 3918-21","2022-06-21","NJA 2017 s. 362",NA,NA
"T 3918-21","2022-06-21","NJA 1977 s. 479",NA,NA
"T 3918-21","2022-06-21","NJA 1952 s. 99",NA,NA
"T 4395-21","2022-05-05","NJA 2001 s. 241 I och II",NA,NA
"T 4623-21","2022-06-21","NJA 1992 s. 130",NA,NA
"T 4705-21","2022-06-30","NJA 2007 s. 295",NA,NA
"T 723-21","2022-05-03","NJA 1982 s. 244",NA,NA
"T 723-21","2022-05-03","NJA 1975 s. 45",NA,NA
"T 723-21","2022-05-03","NJA 1997 s. 612","T 5831-96","1997-09-16"
"T 7416-21","2022-06-30","NJA 2000 s. 365","T 5072-96","2000-07-12"
"T 7416-21","2022-06-30","NJA 2000 s. 365","T 5072-96","2000-07-12"
"T 7416-21","2022-06-30","NJA 1998 s. 717","T 5013-95","1998-11-24"
"T 7416-21","2022-06-30","NJA 1977 s. 129",NA,NA
"T 7416-21","2022-06-30","NJA 1948 s. 590",NA,NA
"T 7416-21","2022-06-30","NJA 1935 s. 106",NA,NA
"T 7416-21","2022-06-30","NJA 2000 s. 365","T 5072-96","2000-07-12"
"T 7416-21","2022-06-30","NJA 1998 s. 717","T 5013-95","1998-11-24"
"T 7416-21","2022-06-30","NJA 1987 s. 394","T 19-86","1987-05-06"
"T 7416-21","2022-06-30","NJA 1973 s. 341",NA,NA
"T 7416-21","2022-06-30","NJA 1987 s. 394","T 19-86","1987-05-06"
"T 7416-21","2022-06-30","NJA 1973 s. 341",NA,NA
"T 7416-21","2022-06-30","NJA 2000 s. 365","T 5072-96","2000-07-12"
"T 7416-21","2022-06-30","NJA 1998 s. 717","T 5013-95","1998-11-24"
"T 7416-21","2022-06-30","NJA 2000 s. 365","T 5072-96","2000-07-12"
"T 7416-21","2022-06-30","NJA 1987 s. 394","T 19-86","1987-05-06"
"T 7416-21","2022-06-30","NJA 1973 s. 341",NA,NA
"B 1675-22","2022-10-14","NJA 1974 s. 243",NA,NA
"B 1675-22","2022-10-14","NJA 1974 s. 243",NA,NA
"B 3986-22","2022-09-09","NJA 2019 s. 377",NA,NA
"B 3986-22","2022-09-09","NJA 2019 s. 377",NA,NA
"B 3986-22","2022-09-09","NJA 2019 s. 377",NA,NA
"B 3986-22","2022-09-09","NJA 2019 s. 377",NA,NA
"B 7106-21","2022-09-09","NJA 2020 s. 1101",NA,NA
"B 7106-21","2022-09-09","NJA 1991 s. 692","B 628-91","1991-11-28"
"B 7106-21","2022-09-09","NJA 1991 s. 692","B 628-91","1991-11-28"
"B 7106-21","2022-09-09","NJA 2020 s. 1101",NA,NA
"B 7106-21","2022-09-09","NJA 1991 s. 692","B 628-91","1991-11-28"
"B 7106-21","2022-09-09","NJA 1991 s. 692","B 628-91","1991-11-28"
"P7559-21","2022-10-21","NJA 1988 s. 457","T 312-86","1988-09-27"
"T 3762-21","2022-10-07","NJA 2020 s. 917","B 5175-19","2020-12-03"
"T 3762-21","2022-10-07","NJA 1976 s. 150",NA,NA
"T 3762-21","2022-10-07","NJA 2021 s. 746","T 1291-21","2021-10-08"
"T 6931-21","2022-07-08","NJA 1989 s. 682",NA,NA
"T 6931-21","2022-07-08","NJA 1994 s. 61",NA,NA
"T 6931-21","2022-07-08","NJA 1994 s. 256","T 408-92","1994-04-28"
"T 6931-21","2022-07-08","NJA 1989 s. 682",NA,NA
"T 6931-21","2022-07-08","NJA 1994 s. 61",NA,NA
"T 6931-21","2022-07-08","NJA 1994 s. 256","T 408-92","1994-04-28"
"B 1095-90","1991-02-15","NJA 1980 s. 725",NA,NA
"B 1095-90","1991-02-15","NJA 1980 s. 725",NA,NA
"B 2008-91","1991-12-19","NJA 1989 s 389",NA,NA
"B 2008-91","1991-12-19","NJA 1982 s 793",NA,NA
"B 2008-91","1991-12-19","NJA 1979 s 129",NA,NA
"B 2008-91","1991-12-19","NJA 1972 s 81",NA,NA
"B 2008-91","1991-12-19","NJA 1969 s. 469",NA,NA
"B 2008-91","1991-12-19","NJA 1991 s. 83","B 1095-90","1991-02-15"
"B 2008-91","1991-12-19","NJA 1991 s. 203","B 119-91","1991-03-20"
"B 2008-91","1991-12-19","NJA 1983 s. 131","B 98-82","1983-02-22"
"B 3177-22","2022-12-19","NJA 2017 s. 975",NA,NA
"B 3177-22","2022-12-19","NJA 2009 s. 557",NA,NA
"B 3177-22","2022-12-19","NJA 2007 s. 168",NA,NA
"B 3177-22","2022-12-19","NJA 2019 s. 611",NA,NA
"B 3177-22","2022-12-19","NJA 2002 s. 237",NA,NA
"B 3177-22","2022-12-19","NJA 2019 s. 611",NA,NA
"B 3177-22","2022-12-19","NJA 2021 s. 1109",NA,NA
"B 3177-22","2022-12-19","NJA 2005 s. 700",NA,NA
"B 3177-22","2022-12-19","NJA 2007 s. 168",NA,NA
"B 3177-22","2022-12-19","NJA 2002 s. 237",NA,NA
"B 3177-22","2022-12-19","NJA 2019 s. 611",NA,NA
"B 358-91","1991-05-31","NJA 1989 s. 456","B 697-88","1989-07-26"
"B 358-91","1991-05-31","NJA 1954 s. 406",NA,NA
"B 358-91","1991-05-31","NJA 1989 s. 456","B 697-88","1989-07-26"
"B 358-91","1991-05-31","NJA 1983 s. 425","B 205-83","1983-06-01"
"B 359-90","1991-02-20","NJA 1973 s. 590",NA,NA
"B 359-90","1991-02-20","NJA 1907 s. 471",NA,NA
"B 359-90","1991-02-20","NJA 1978 s. 607",NA,NA
"B 4080-22","2022-12-13","NJA 2000 s. 132",NA,NA
"B 483-89","1991-02-11","NJA 1950 s. 51",NA,NA
"B 5097-22","2022-12-28","NJA 2021 s. 525","B 6249-20","2021-06-30"
"B 5097-22","2022-12-28","NJA 2021 s. 525","B 6249-20","2021-06-30"
"B 5097-22","2022-12-28","NJA 2021 s. 377","B 6041-20","2021-06-01"
"B 5097-22","2022-12-28","NJA 2021 s. 377","B 6041-20","2021-06-01"
"B 5097-22","2022-12-28","NJA 2021 s. 286","B 4175-20","2021-04-21"
"B 512-90","1991-06-26","NJA 1991 s. 359","B 876-90","1991-06-11"
"B 535-91","1991-12-20","NJA 1989 s. 646","T 491-88","1989-11-06"
"B 700-90","1991-10-03","NJA 1956 s. 1",NA,NA
"B 723-90","1991-10-07","NJA 1988 s. 80","B 1123-87","1988-02-17"
"B 723-90","1991-10-07","NJA 1968 s. 336",NA,NA
"B 723-90","1991-10-07","NJA 1968 s. 336",NA,NA
"B 792-91","1991-10-07","NJA 1977 s. 574",NA,NA
"B 792-91","1991-10-07","NJA 1977 s. 473",NA,NA
"B 806-90","1991-02-14","NJA 1991 s. 796","T 528-89","1991-12-20"
"B 806-90","1991-02-14","NJA 1991 s. 772",NA,NA
"B 887-90","1991-10-11","NJA 1991 s. 438","B 277-91","1991-07-12"
"B 892-90","1991-06-18","NJA 1977 s. 735",NA,NA
"T 1569-19","2022-12-14","NJA 2018 s. 323",NA,NA
"T 1569-19","2022-12-14","NJA 2014 s. 79",NA,NA
"T 1569-19","2022-12-14","NJA 2014 s. 79",NA,NA
"T 216-90","1991-03-26","NJA 1988 s. 209","T 202-86","1988-04-11"
"T 225-90","1991-06-13","NJA 1987 s. 780",NA,NA
"T 225-90","1991-06-13","NJA 1983 s. 362",NA,NA
"T 225-90","1991-06-13","NJA 1987 s. 780",NA,NA
"T 235-90","1991-11-27","NJA 1944 s. 417",NA,NA
"T 235-90","1991-11-27","NJA 1980 s. 497",NA,NA
"T 235-90","1991-11-27","NJA 1983 s. 258","B 26-81","1983-02-25"
"T 235-90","1991-11-27","NJA 1980 s. 497",NA,NA
"T 235-90","1991-11-27","NJA 1944 s. 417",NA,NA
"T 25-91","1991-10-29","NJA 1957 s. 499",NA,NA
"T 254-90","1991-03-26","NJA 1967 s. 195",NA,NA
"T 281-89","1991-05-16","NJA 1936 s 625",NA,NA
"T 281-89","1991-05-16","NJA 1936 s. 177",NA,NA
"T 281-89","1991-05-16","NJA 1936 s. 177",NA,NA
"T 335-90","1991-09-20","NJA 1984 s. 501","T 256-82","1984-07-05"
"T 335-90","1991-09-20","NJA 1984 s. 501","T 225-83","1984-07-05"
"T 335-90","1991-09-20","NJA 1982 s 421",NA,NA
"T 335-90","1991-09-20","NJA 1981 s 622",NA,NA
"T 335-90","1991-09-20","NJA 1977 s. 176",NA,NA
"T 335-90","1991-09-20","NJA 1959 s. 318",NA,NA
"T 335-90","1991-09-20","NJA 1952 s. 104",NA,NA
"T 335-90","1991-09-20","NJA 1984 s. 501","T 256-82","1984-07-05"
"T 335-90","1991-09-20","NJA 1984 s. 501","T 225-83","1984-07-05"
"T 335-90","1991-09-20","NJA 1982 s. 421","T 97-81","1982-07-21"
"T 335-90","1991-09-20","NJA 1981 s. 622","T 252-77","1981-04-29"
"T 335-90","1991-09-20","NJA 1977 s. 176",NA,NA
"T 335-90","1991-09-20","NJA 1973 s. 493",NA,NA
"T 336-89","1991-01-03","NJA 1973 s. 315",NA,NA
"T 336-89","1991-01-03","NJA 1973 s. 315",NA,NA
"T 336-89","1991-01-03","NJA 1973 s. 315",NA,NA
"T 336-89","1991-01-03","NJA 1973 s. 315",NA,NA
"T 336-89","1991-01-03","NJA 1989 s. 224","T 67-87","1989-05-31"
"T 342-88","1991-05-15","NJA 1982 s. 376","T 55-81","1982-06-30"
"T 350-90","1991-10-08","NJA 1985 A 8",NA,NA
"T 387-90","1991-07-09","NJA 1989 s. 47",NA,NA
"T 387-90","1991-07-09","NJA 1982 s. 95",NA,NA
"T 387-90","1991-07-09","NJA 1989 s. 47",NA,NA
"T 387-90","1991-07-09","NJA 1982 s. 95",NA,NA
"T 476-87","1991-11-14","NJA 1971 s. 66",NA,NA
"T 476-87","1991-11-14","NJA 1971 s. 66",NA,NA
"T 491-89","1991-02-28","NJA 1942 s. 265",NA,NA
"T 491-89","1991-02-28","NJA 1942 s. 135",NA,NA
"T 50-90","1991-09-16","NJA 1975 s. 657",NA,NA
"T 50-90","1991-09-16","NJA 1975 s. 657",NA,NA
"T 65-91","1991-10-31","NJA 1960 s. 670",NA,NA
"T 6586-21","2022-12-16","NJA 1992 s. 773","T 7-90","1992-12-02"
"T 6586-21","2022-12-16","NJA 1992 s. 773","T 7-90","1992-12-02"
"T 6586-21","2022-12-16","NJA 1992 s. 773","T 7-90","1992-12-02"
"T 6586-21","2022-12-16","NJA 1992 s. 773","T 7-90","1992-12-02"
"T 6586-21","2022-12-16","NJA 1960 s. 411",NA,NA
"T 6586-21","2022-12-16","NJA 1958 s. 671",NA,NA
"T 6586-21","2022-12-16","NJA 1928 s. 500",NA,NA
"T 6586-21","2022-12-16","NJA 1992 s. 773","T 7-90","1992-12-02"
"T 7208-21","2022-11-24","NJA 1999 s. 149",NA,NA
"T 7208-21","2022-11-24","NJA 1986 s. 748","T 490-85","1986-11-25"
"T 7208-21","2022-11-24","NJA 1986 s. 748","T 490-85","1986-11-25"
"T 7208-21","2022-11-24","NJA 1999 s. 149",NA,NA
